prediction,lower,upper,tree_std_log,actual,Store,Date
4535.222771211166,3871.591172835267,5285.068704923867,0.09056280295008295,4097,1,2015-06-20
4129.0936225732075,3686.0048041597033,4801.756651674223,0.0776836043740594,3846,1,2015-06-22
3965.981429782922,3600.8178593350153,4484.108961070494,0.06199986819367974,3762,1,2015-06-23
3878.8180728089196,3524.076002440577,4484.108961070494,0.0649488832246066,3346,1,2015-06-24
3848.5275074047904,3408.1517488050467,4484.108961070494,0.0692661859146659,3533,1,2015-06-25
4116.383817208033,3709.05191206257,4740.580894090965,0.06692062423790734,3317,1,2015-06-26
4623.385035464897,3900.3089723540106,5556.164400089321,0.10130290733988732,4019,1,2015-06-27
5957.609102030826,5066.638218046022,7385.453918139324,0.10029781309163681,5197,1,2015-06-29
5537.781329274154,4641.174570249831,7060.009347703825,0.11563135726868178,5735,1,2015-06-30
5258.666497037651,4711.073174617009,6381.17686544992,0.07484612468269472,5223,1,2015-07-01
5179.990555079594,4566.758082314148,6415.254545608701,0.08531580955252183,5558,1,2015-07-02
5216.931926440858,4686.197399895201,6271.148697845691,0.0691030909002957,4665,1,2015-07-03
4681.302340906257,3960.416100153301,5667.223037155262,0.09754008576986206,4797,1,2015-07-04
4361.890581650555,3774.0064032324076,6071.275865760609,0.10851720756938851,4359,1,2015-07-06
4140.479021886456,3645.0533604379502,5356.419152273778,0.09570621090450997,3650,1,2015-07-07
3933.3643675854746,3478.629559925695,4553.293747514002,0.07357739901665808,3797,1,2015-07-08
3885.722109813778,3430.6342328046776,4484.108961070494,0.0709641885114639,3897,1,2015-07-09
4133.284401061431,3676.467449302082,4807.6313192238285,0.06944837309119269,3808,1,2015-07-10
4507.854603652666,3900.3089723540106,5201.606431645394,0.08600893647780784,3530,1,2015-07-11
5746.317060478327,4878.850316483781,6499.988943778438,0.07303179781517426,5054,1,2015-07-13
5019.1139093461725,4392.099828674816,5695.458485581908,0.06576341850597074,5042,1,2015-07-14
4900.483979580329,4281.853388871868,5470.749547621026,0.05625148093564242,4767,1,2015-07-15
4843.776757347862,4254.79114771605,5436.2074771163525,0.06043518168477061,4427,1,2015-07-16
4984.306118567079,4513.970284431153,5549.1115851659115,0.055767760226256805,4852,1,2015-07-17
4509.61007465199,3900.3089723540106,5262.343474037391,0.08689475175448394,4406,1,2015-07-18
4173.30057073585,3732.7793557195255,5352.109298160988,0.08399134210761564,4395,1,2015-07-20
3986.162238397829,3605.610665727377,4513.892151425241,0.06395298581764326,3558,1,2015-07-21
3907.5136475040244,3524.076002440577,4513.892151425241,0.06808815673496335,3464,1,2015-07-22
3875.0731643408744,3391.504911806876,4513.892151425241,0.07313725580358675,3769,1,2015-07-23
4118.909478971686,3684.480994834693,4722.0391570760885,0.0673485811482724,3706,1,2015-07-24
4486.083554432624,3900.3089723540106,5251.547178773035,0.08508538030690785,4364,1,2015-07-25
5661.05061180027,4839.892344307216,6499.988943778438,0.07987496296648089,6102,1,2015-07-27
5152.393603119472,4550.818192954237,6137.582610616704,0.08169577149290233,5011,1,2015-07-28
5097.594513476341,4550.818192954237,6195.188432494529,0.08135104419325566,4782,1,2015-07-29
5317.8390711807715,4367.735997380633,6443.562277430322,0.09879325939337173,5020,1,2015-07-30
5476.027059250505,4682.422687140222,6494.599744366528,0.09455305103297137,5263,1,2015-07-31
2762.7710304152856,2436.2117598370714,3199.348207783114,0.07775535941772126,3020,2,2015-06-20
4293.9553292563705,3898.9764626867673,5583.557344443439,0.07694311022602464,4123,2,2015-06-22
4208.7776711281585,3874.7643209106045,5031.178861841183,0.060705728536041004,4094,2,2015-06-23
4319.2866964261975,3912.7785035294187,5390.224554545532,0.07596583835870858,4805,2,2015-06-24
4096.197294002041,3681.0563014912714,4770.511329737042,0.05977954997883225,4022,2,2015-06-25
4076.2670080667012,3686.6554898861777,4683.790566144264,0.06268053854712075,3953,2,2015-06-26
2821.0746786434797,2458.779053777711,3264.8778559258526,0.08363532736052952,2404,2,2015-06-27
7603.616568176861,6292.776704578457,10826.211309477498,0.1282303311842708,7961,2,2015-06-29
6839.833997455915,5687.2317214784025,8965.783668673652,0.12558447423352798,9863,2,2015-06-30
6374.056600217755,5290.930436366453,7444.81000510765,0.08952203622814088,6431,2,2015-07-01
5825.506397082777,5231.293361464774,6811.126747533303,0.07045735373382024,6189,2,2015-07-02
5599.70248910111,4893.350607109862,6586.107756325025,0.07876941078753738,4838,2,2015-07-03
2895.6819132523233,2436.2117598370714,3898.3389485737675,0.11628163508187016,4475,2,2015-07-04
4574.200889978388,3825.863553673246,7241.87150698105,0.1548648110946262,4132,2,2015-07-06
4377.765118363765,3775.369370656526,5960.236711452438,0.10634751183707086,4313,2,2015-07-07
4425.657049687008,3775.369370656526,5794.8189156114395,0.10228664795135224,5676,2,2015-07-08
4216.736254323841,3775.369370656526,5328.811116916564,0.08444690513769595,4082,2,2015-07-09
4175.981652488835,3693.3914463533524,5146.131937945556,0.0790153900023287,4384,2,2015-07-10
2781.124440267083,2354.588246341057,3381.236830121158,0.09584243773388831,2677,2,2015-07-11
7177.301783337374,5713.466886226339,8155.458900948527,0.08085864328746567,6874,2,2015-07-13
5914.111364026718,5212.156069428144,6663.084157178594,0.05989606223955589,6122,2,2015-07-14
6082.4514272852575,5125.7613439543065,7197.0094941607,0.08725555437437905,6406,2,2015-07-15
5512.1332579369,5007.984378298346,6095.6446802183955,0.04829143893325944,5062,2,2015-07-16
5342.6632460398505,4674.240924463336,5954.967987023885,0.06707255497112367,4518,2,2015-07-17
2776.1007255868753,2354.588246341057,3321.969886173472,0.09345454888706374,3417,2,2015-07-18
4336.338267407038,3853.227226759397,5847.955575329857,0.10279147454862879,4435,2,2015-07-20
4221.0730295121,3838.8433020756397,5221.489043153515,0.07068251460501547,3836,2,2015-07-21
4367.145531448783,3838.8433020756397,5429.489318241122,0.08625026640115799,5093,2,2015-07-22
4129.720466331197,3695.131157614056,4942.910544712107,0.07182773930508056,4108,2,2015-07-23
4117.401883266246,3628.796183656567,4761.269470949963,0.07648194132569133,3854,2,2015-07-24
2759.696463601764,2354.588246341057,3301.3406064079454,0.0829994369260996,2512,2,2015-07-25
7087.392843555285,5715.8934447124975,8143.511504121804,0.08367255059180591,6627,2,2015-07-27
6014.079154368903,4897.495060909258,6993.16949575388,0.08313182988988435,5671,2,2015-07-28
6265.436385775812,5193.234686914331,7716.031944495535,0.10157117571976051,6402,2,2015-07-29
6145.8540742451,5249.9863828992375,7290.984896600161,0.09745279579235497,5567,2,2015-07-30
6142.572761724164,4837.667735114759,7750.523620992182,0.12731530798779186,6064,2,2015-07-31
4457.339473531361,3837.162107514718,5616.920749734332,0.11473597389162794,3891,3,2015-06-20
5930.679451490484,5254.126761118386,6997.970183633088,0.08727205540577142,5840,3,2015-06-22
5864.812170711884,5223.925572738885,6980.977379663056,0.08038099139582053,6757,3,2015-06-23
5804.053252794362,5189.543828861167,6650.277485784501,0.0674948963626091,5448,3,2015-06-24
5725.920675038411,5178.163692324047,6578.157661029577,0.06418223496848666,5763,3,2015-06-25
6041.94806720546,5348.86804915816,7017.288362452037,0.07682150396503758,6222,3,2015-06-26
4545.830082607716,3782.406356872985,6148.779674532289,0.12282152422244334,5156,3,2015-06-27
10572.03220509052,8637.915348277087,13963.919101790616,0.13906931488385435,10243,3,2015-06-29
9887.296695385054,7920.8634910716755,13652.255652363978,0.15114704765340908,13261,3,2015-06-30
8356.629192429718,7598.670678340347,9852.752947985782,0.07065450897640205,8311,3,2015-07-01
8215.768544696964,7392.34721351649,9852.752947985782,0.07284763311658608,7450,3,2015-07-02
8281.99726817986,7576.605662618616,9875.8595465241,0.0658594713914348,8149,3,2015-07-03
4496.048745496655,3674.1187316561804,5884.354398017862,0.12319574705161793,4482,3,2015-07-04
6268.404213789425,5283.654010670241,10108.715970780004,0.1528745151386176,6736,3,2015-07-06
6058.4683703495075,5234.688344043051,7880.742007576819,0.10807913115621912,6180,3,2015-07-07
5891.739695865034,5278.99465582357,7417.648513537184,0.07937193850845507,6347,3,2015-07-08
5766.710473013956,5178.584858539475,7085.961949857349,0.07445368096237157,6613,3,2015-07-09
5992.6675712020215,5369.796671954506,7356.529522274174,0.07598922637011188,6316,3,2015-07-10
4357.6270354484595,3706.7363779515954,5302.502312986618,0.09654951618950365,4011,3,2015-07-11
10013.039718114089,8483.660680973346,11493.842570893576,0.07876303351323248,9462,3,2015-07-13
8533.333545353056,7488.917100440389,10122.618400612615,0.07052489739267859,8625,3,2015-07-14
7846.163874788147,7142.726203649132,8757.788279143233,0.05342826488264041,8663,3,2015-07-15
7684.789446330601,6949.792470871306,8347.22903753693,0.05500199598768974,7909,3,2015-07-16
7894.610926694936,7197.686230230521,8807.49117746771,0.05474160018025547,6679,3,2015-07-17
4328.324991517005,3610.570007328994,5307.503204089572,0.09967662828864984,4258,3,2015-07-18
6062.038870969455,5288.935947449884,9110.647604937622,0.12589452683344005,5798,3,2015-07-20
5869.68499674674,5215.584972909674,7398.415392563519,0.08003505687668307,5600,3,2015-07-21
5801.767158243218,5187.116409922149,6887.215467394777,0.07141028780978342,5414,3,2015-07-22
5698.814626868181,5123.41799866839,6727.949733226995,0.071158580208669,5702,3,2015-07-23
5941.582416535199,5297.26740968188,6959.264077818035,0.07316550840033012,5080,3,2015-07-24
4296.594478967549,3520.7473598729207,5307.503204089572,0.10059451476737699,3878,3,2015-07-25
9840.09491052428,8047.671958885764,11520.604492928833,0.08812029511195008,8107,3,2015-07-27
8722.358035962527,7550.594969438806,10217.591742749664,0.07874254958534468,8864,3,2015-07-28
8357.82395393182,7260.380911968032,9966.21630232645,0.09105162563119318,7610,3,2015-07-29
8641.326035881479,7421.424189609153,10391.834209193743,0.08645365021908472,8977,3,2015-07-30
9123.42846442348,7539.734895980347,10872.060588248332,0.10152898610668312,8314,3,2015-07-31
9320.445423424817,7929.179739861984,10942.475974613855,0.08544694215381188,9374,4,2015-06-20
8529.245379620255,7611.633159986444,10291.823266044952,0.07519053381849522,9118,4,2015-06-22
7993.2991732309465,7253.488681820632,9368.756735330706,0.06917771175631202,7635,4,2015-06-23
7822.12592828061,7059.333633444942,8979.556964865213,0.06038478341873104,8048,4,2015-06-24
7862.130808561685,7076.18624774154,9029.216567340705,0.060396277383400414,7111,4,2015-06-25
8196.344017217234,7380.572386918927,9386.672918684726,0.06314819280292912,7684,4,2015-06-26
9456.50687001691,8019.0569562281125,11312.541283986251,0.09174047244057441,8989,4,2015-06-27
12691.747425198932,11054.543073604496,15215.662432440471,0.08750928327245848,11692,4,2015-06-29
11232.68929261887,9603.552855438595,14013.00641090581,0.10794280337369935,13106,4,2015-06-30
10193.754320983697,9043.427900024386,11730.428175809113,0.07523922755633744,11216,4,2015-07-01
10228.200721314444,9093.904084626929,11702.556699745843,0.07153050145415811,10323,4,2015-07-02
10282.852660674007,9237.839545800989,11680.356833731657,0.06748684266527233,11543,4,2015-07-03
9321.46713992466,7822.289305346637,11574.239440503052,0.10110468745382302,9358,4,2015-07-04
8686.16294162627,7412.097759702945,11370.535098866863,0.1045972580476376,9967,4,2015-07-06
8029.232370512133,6979.494646921275,10085.63363774268,0.08797647066360705,8127,4,2015-07-07
7738.926360810666,6751.118268780329,9184.22385592764,0.07849491392907033,8620,4,2015-07-08
7768.678322890389,6755.415417132744,9009.613441980946,0.07431018180461418,9093,4,2015-07-09
8106.005714161096,6911.550480839508,9697.1127810601,0.07819496731345747,9177,4,2015-07-10
9089.064711370494,7772.69962224181,10814.92403944893,0.08193168302453,10996,4,2015-07-11
11677.709988619734,9572.689980290314,13504.608960318212,0.09002841487470861,13550,4,2015-07-13
9906.031489164952,8720.86443669077,11218.387803914546,0.06399018818319943,12315,4,2015-07-14
9470.433892938578,8732.979166764662,10273.158204685513,0.046922324252220655,11126,4,2015-07-15
9517.117955357202,8720.86443669077,10316.909684805712,0.04963844800431844,11432,4,2015-07-16
9731.68974272202,8767.70690095743,11123.22084139528,0.057907109187209,10514,4,2015-07-17
9076.461465886028,7696.152561423765,10894.659837146935,0.0841786709593295,9703,4,2015-07-18
8371.102426597135,7341.291357589356,10006.713705054826,0.0900912917088313,10283,4,2015-07-20
7794.822551155411,6679.937183546005,9371.251398135106,0.08801659796929776,9176,4,2015-07-21
7557.409665170205,6679.937183546005,8748.00504975851,0.0711670305944114,8503,4,2015-07-22
7619.557233349322,6721.799118103963,8771.56973132947,0.0702734332065084,7286,4,2015-07-23
7945.319451566221,6911.550480839508,9040.056124622648,0.07771372281240266,8322,4,2015-07-24
8986.289718779442,7568.6073138041575,10392.862589554657,0.087840255308501,9322,4,2015-07-25
11612.863834104186,9287.084086127923,13142.250916711004,0.08683183262266234,11812,4,2015-07-27
10160.992774412514,8646.54782991667,12074.293709390578,0.08178844911013014,10275,4,2015-07-28
9951.062953320123,8646.54782991667,12932.602174832395,0.09488564065344592,10514,4,2015-07-29
10616.897418371578,8952.72663126134,12983.740423718902,0.09675834592313733,10387,4,2015-07-30
11013.901113249716,9217.985933032729,13501.266941258786,0.09851420519636828,13995,4,2015-07-31
2099.300502190153,1888.2623493456551,2672.4437458142943,0.10907097111128737,2088,5,2015-06-20
4096.6949738840285,3617.002154943944,5093.715478275666,0.08123115038922855,3827,5,2015-06-22
4042.7889285602673,3602.687120168596,4688.164530279531,0.06941469163215176,3697,5,2015-06-23
4072.6565439843,3646.7440525122547,4575.600119543028,0.06616649795960423,4134,5,2015-06-24
3991.492186543512,3576.9118202730897,4721.921850774973,0.07251783012498819,3325,5,2015-06-25
4106.593054941349,3633.5098624021093,4769.203893147977,0.06765582235108318,3799,5,2015-06-26
2110.011726743586,1893.132922588828,2672.4437458142943,0.09258301124595102,1876,5,2015-06-27
7477.748407599533,6165.716638804536,9139.013402985582,0.10933263256348247,7623,5,2015-06-29
6358.418391375404,4921.338042813364,8252.832082699775,0.1339756235684692,6635,5,2015-06-30
6062.699131196783,5169.279023068041,7187.107532534509,0.0835230444211257,6253,5,2015-07-01
5771.707635259152,5101.7990570102875,6825.777300918274,0.087208177001438,6035,5,2015-07-02
5763.245794173505,5107.01043594712,6664.097145702896,0.08127935662721142,4475,5,2015-07-03
2207.979054382183,1897.2187746732193,3029.619181069877,0.13548669722857357,2240,5,2015-07-04
4438.635242663595,3717.619488833547,5787.325943335621,0.12055103056484764,4328,5,2015-07-06
4324.885702524113,3775.1679936394357,5452.281555994441,0.09652100757433327,4036,5,2015-07-07
4273.77382158579,3707.2770112281746,5049.542986622984,0.0813276076919663,4990,5,2015-07-08
4171.33812352669,3717.2240405437797,4906.69610199868,0.07540149727544207,4601,5,2015-07-09
4249.554949130204,3789.6079113945357,4950.732460265257,0.07153413656535813,4252,5,2015-07-10
2194.121376528562,1890.1609955631081,3007.978922252721,0.13871005855243382,2023,5,2015-07-11
7271.169330264024,5513.4763678915115,8443.411729904657,0.10920521541378855,7425,5,2015-07-13
5825.060858645193,4914.186137196876,6665.169880080925,0.0770577635506295,6144,5,2015-07-14
5675.592765533053,4906.336034409822,6742.5738205234165,0.07799063221906592,6323,5,2015-07-15
5371.6693671884805,4697.76563493888,6360.639734397723,0.07010751038742646,4963,5,2015-07-16
5425.1489394798655,4741.337897389716,6360.639734397723,0.07039710489979649,4355,5,2015-07-17
2185.4839573846134,1875.3671507056347,2940.6688468585867,0.13738625406738286,2108,5,2015-07-18
4304.320119242919,3643.5660114920374,5825.013692478702,0.10963769388553067,4183,5,2015-07-20
4198.268954686635,3669.2218241930136,5061.481919486109,0.07971009847113361,3497,5,2015-07-21
4239.006580153809,3716.529886051608,5004.80465982419,0.07170309636543433,3595,5,2015-07-22
4124.407671286903,3591.289187331182,4886.938764919821,0.0781345840271233,3713,5,2015-07-23
4231.977038284476,3737.645435026926,4946.546808538887,0.0720791247187408,3815,5,2015-07-24
2178.7382236724043,1875.3671507056347,2940.6688468585867,0.12660307526426048,2030,5,2015-07-25
7200.04223722446,5587.561437159799,8554.220618113372,0.1054964428926278,7059,5,2015-07-27
5967.773950278163,4899.5428116818375,7095.776612157493,0.09802663053130198,6083,5,2015-07-28
5979.371966655889,4919.193800357358,7432.891765607037,0.10499730536461513,5899,5,2015-07-29
5992.254940159733,4862.473507989323,7432.462804728516,0.11574003528009327,4943,5,2015-07-30
6162.796546150859,5048.137340922159,7535.715443623895,0.11785346731365547,4822,5,2015-07-31
3417.2223599669046,2905.900146372882,4296.528189508515,0.08543251963506693,2793,6,2015-06-20
4911.274719513903,4305.742362417965,5776.984967775834,0.09450117709605756,3641,6,2015-06-22
4725.5799531664225,4271.202790276886,5443.9530668281395,0.06278832366330826,3829,6,2015-06-23
4662.372472098517,4271.202790276886,5191.383750455522,0.059544094253409084,3970,6,2015-06-24
4635.78827173525,4235.485870134165,5197.358589682213,0.06183331236473202,3861,6,2015-06-25
4912.506943366902,4333.500072697426,5687.282140443155,0.07210053818342181,4215,6,2015-06-26
3472.8207984862174,2833.031622684662,4582.0388695694655,0.1091579043086636,3078,6,2015-06-27
8026.177412634871,6936.74974341084,10008.206900785075,0.09902066392456395,6995,6,2015-06-29
7183.743227641295,5941.171633885021,8835.903305624468,0.10564503289927818,7427,6,2015-06-30
6589.143865940825,5951.758003587965,7495.193626229968,0.06440593121968839,5804,6,2015-07-01
6430.722524306883,5749.703242013236,7460.207748368626,0.06655663011473471,5335,6,2015-07-02
6605.772834386945,5922.281560068026,7697.720579994941,0.07201518033884977,4594,6,2015-07-03
3570.4164828088774,2924.3545884100354,5080.861624195483,0.12718353077246813,2979,6,2015-07-04
5194.258842329561,4546.89519993823,7777.761917238126,0.11514771648084136,4508,6,2015-07-06
4952.523829178344,4376.103666669015,6141.245655238178,0.08274747194321548,4021,6,2015-07-07
4789.654896526782,4356.816735510874,5445.523134481259,0.07008911494436887,4072,6,2015-07-08
4785.388018215061,4248.890580665199,5508.761383510874,0.07431648677483109,4095,6,2015-07-09
4990.954122922581,4453.231172578202,5657.050252331287,0.06816116330781337,4530,6,2015-07-10
3463.498204410007,2833.031622684662,4480.213496996526,0.09650546992959172,3134,6,2015-07-11
7741.655970681499,6907.178562471641,8686.21948025367,0.05889551417681428,6827,6,2015-07-13
6537.891562460764,5923.250368049537,7399.20260659422,0.05311677060530901,5758,6,2015-07-14
6189.181046975222,5655.988070657623,6761.831146851957,0.04663892114287526,4582,6,2015-07-15
6055.383541469577,5506.784608312977,6600.497716497372,0.0482248181921316,5115,6,2015-07-16
6292.83976002103,5731.801311467174,6934.0632459521385,0.048339278485114996,4422,6,2015-07-17
3455.405654590509,2833.031622684662,4480.213496996526,0.09567821326481678,2915,6,2015-07-18
5069.870993588237,4397.758264703237,6562.996105382115,0.10018912974795455,4301,6,2015-07-20
4851.079919560308,4308.324869702889,6136.625248351805,0.08358355623152401,3720,6,2015-07-21
4766.605326652761,4307.564302163991,6136.625248351805,0.08234894375983069,3469,6,2015-07-22
4746.575967414354,4248.890580665199,6136.625248351805,0.08393099536503151,3482,6,2015-07-23
5002.843876994102,4409.160220402941,6136.625248351805,0.08114566456425501,3804,6,2015-07-24
3442.091690867121,2833.031622684662,4480.213496996526,0.09674628721878155,2892,6,2015-07-25
7713.5635366657925,6817.131930747873,8686.21948025367,0.061100791141904816,5723,6,2015-07-27
6705.052323090236,5937.112926662398,7803.705435847752,0.07446206789364648,4839,6,2015-07-28
6470.459225584089,5774.929014775794,7746.108140687311,0.08164351095862012,5275,6,2015-07-29
6672.384134847829,5742.21239534892,8002.501477083684,0.08847725315587189,4790,6,2015-07-30
7135.858132226221,5960.80995543987,8378.743546905556,0.09831726252206158,5651,6,2015-07-31
6145.751124151486,5171.692897976416,7524.323726812869,0.09624979271821056,5572,7,2015-06-20
7706.142425267023,6797.410129843792,9459.402454924439,0.0960485623978583,7917,7,2015-06-22
7551.5424683933,6670.126798570648,8929.121092784819,0.09296730705801665,7861,7,2015-06-23
7186.615504173534,6305.626915929437,8340.815838053248,0.07257006448235677,6913,7,2015-06-24
7204.189336587896,6305.626915929437,8340.815838053248,0.07224997275347887,6875,7,2015-06-25
7610.3805040490115,6839.668731181806,8617.977540696666,0.06107553213494891,7352,7,2015-06-26
6295.613790820739,5141.1678362809225,7839.100723062452,0.11093824677474454,6519,7,2015-06-27
12758.952799320743,10748.35745914417,15477.569030336892,0.09353972626331893,13689,7,2015-06-29
11790.452055288884,9725.351760072315,15515.748249527696,0.13196719587917968,14838,7,2015-06-30
10432.052500912252,8902.389767475835,12626.11691272863,0.09545953951309001,11024,7,2015-07-01
10400.17116729578,8981.185866348713,12644.523126294167,0.09280651838421174,10996,7,2015-07-02
10708.563901207428,9326.785129459302,12928.227910758242,0.0887321421081814,11976,7,2015-07-03
6544.133222276974,5117.168983511404,9323.89394981081,0.15297762483717015,6559,7,2015-07-04
8638.656184250014,6925.253903603068,11940.004164518054,0.13322824679877154,10790,7,2015-07-06
8380.77331004075,6861.504597785762,10368.102873267353,0.1118912495242387,9207,7,2015-07-07
7719.727723093982,6426.817825161695,9681.364984346272,0.1142809409008907,9204,7,2015-07-08
7657.776633400338,6426.817825161695,9468.426824852428,0.1095177805808902,9608,7,2015-07-09
8115.526762494796,6907.225855545438,10061.736533318981,0.0952210857583281,9499,7,2015-07-10
6373.613882399178,4979.093490689864,8160.848216143198,0.13467698312978782,6425,7,2015-07-11
12763.663678212943,10572.974983494225,15430.781094950122,0.09432082879656283,13250,7,2015-07-13
11020.194859832363,9242.529748581954,13951.415394303443,0.10323502879397776,12294,7,2015-07-14
9761.477205085499,8636.572935643728,12257.906750530052,0.09242201918407154,10095,7,2015-07-15
9759.233036042864,8649.979002315287,12257.906750530052,0.09034834672159689,10774,7,2015-07-16
10123.60663866952,8892.027565408735,12432.921701375793,0.08685284687061928,10339,7,2015-07-17
6364.782654970728,4979.093490689864,8072.205164221298,0.13478466648759443,6861,7,2015-07-18
8298.670295422979,6831.899172247819,11294.00927593238,0.12740726029650895,10159,7,2015-07-20
8173.222655067947,6729.079826372833,11269.638989865112,0.12208078851755906,9169,7,2015-07-21
7721.10425770357,6560.270929727706,9766.915003450193,0.1173103151651981,8214,7,2015-07-22
7718.00346169459,6560.270929727706,9766.915003450193,0.11806364693031844,9550,7,2015-07-23
8046.657523879739,6790.568625834048,9766.915003450193,0.10263300529823403,9203,7,2015-07-24
6341.057495441374,4972.018012199393,8364.535166027468,0.1348266186788706,6574,7,2015-07-25
12593.987576630467,9638.919557748965,15052.314509671092,0.10917321572978704,14869,7,2015-07-27
11247.519659150768,9354.404601359925,13738.852229238699,0.10419123170233612,12342,7,2015-07-28
10448.00836825101,8682.333514200913,13190.602745234666,0.11561416947398777,12074,7,2015-07-29
10878.93941527091,8874.10487073223,13190.602745234666,0.1075206478989974,11560,7,2015-07-30
11473.100433030708,9385.627123053031,14091.584478253122,0.11819087856017199,15344,7,2015-07-31
2868.327701338465,2383.2605190151617,3457.702028053886,0.10196631263420082,3611,8,2015-06-20
4880.618042168887,4231.423288628199,5934.765530850092,0.10144814731389927,4796,8,2015-06-22
4751.044614146511,4143.634831090725,5612.96782670156,0.07884664315673055,5501,8,2015-06-23
4554.348287013787,4052.152102235674,5238.36146782695,0.07454273266584345,5005,8,2015-06-24
4804.7823552982745,4208.6521381396915,5700.294238383642,0.08083461877052807,5956,8,2015-06-25
4526.17345581427,3950.769856514703,5342.293272865065,0.0833926617667283,5016,8,2015-06-26
2903.7198692546744,2341.9826582548635,3774.9903554131424,0.11950815981476945,3611,8,2015-06-27
8513.342765520056,7233.684542263649,10848.01168192274,0.10700121608568793,10444,8,2015-06-29
7586.247837577399,6347.827092537395,9353.810735980927,0.10353978450797796,9836,8,2015-06-30
6265.326410810008,5645.084321175067,7346.267062612415,0.06716306267371802,8523,8,2015-07-01
6763.282408578578,5773.970284267323,8272.31321969985,0.09666827340660226,8658,8,2015-07-02
5980.3419891411,5191.472781432944,7031.197100594391,0.07597991200205,6535,8,2015-07-03
2825.125432282064,2332.5043845264936,3901.487462650856,0.12189333766958532,3418,8,2015-07-04
4874.962295345662,4212.336390557067,6978.180800108854,0.12686446146656072,6740,8,2015-07-06
4668.041639718647,3999.354345249634,6082.576721638204,0.10539366279403221,5365,8,2015-07-07
4400.912133431088,3864.7644792448195,5057.707101969079,0.06906283791468157,5322,8,2015-07-08
4613.384987163845,4008.263887657765,5399.153563832508,0.08306080932931931,5602,8,2015-07-09
4388.281824042361,3806.2722480227308,5150.374833873961,0.07922359209466065,6067,8,2015-07-10
2777.618219127701,2293.6683076169957,3319.3043756382067,0.10492134226969155,3707,8,2015-07-11
8029.449369135725,6654.468555399823,9265.066068727303,0.08724967248107528,9117,8,2015-07-13
6748.515245784789,5657.10494049674,7832.394064761712,0.07890220971866208,8845,8,2015-07-14
5908.752936476918,5417.361727015615,6630.190425084445,0.05365439573412058,7932,8,2015-07-15
6437.447305042985,5599.177709640716,7539.1384780149,0.0826174653156603,8808,8,2015-07-16
5770.415246764583,5189.606976730182,6560.290834394993,0.06066644007174328,6728,8,2015-07-17
2774.6136631160584,2261.037437513495,3322.267781733402,0.10614949036102488,3813,8,2015-07-18
4695.246820063486,4125.750592681505,6113.137908403791,0.1043982465668803,5956,8,2015-07-20
4537.200942902471,3866.0265807508235,5389.6776264610935,0.088882736059821,5168,8,2015-07-21
4351.156919785115,3830.463244119208,5177.073905977199,0.07020400162847544,4996,8,2015-07-22
4581.341530659237,3866.0265807508235,5399.153563832508,0.0902002593433314,6109,8,2015-07-23
4331.5181058332455,3768.305910758799,4962.9622232905285,0.07705503933832578,4917,8,2015-07-24
2758.3186092037167,2278.142427779389,3308.8251398054194,0.09748867746032502,3288,8,2015-07-25
7871.72398990716,6028.2865726947,9067.584654531203,0.08665092931537631,8739,8,2015-07-27
6765.0945132239085,5769.222958462674,7929.908837182749,0.0870891544940264,6717,8,2015-07-28
6143.585844113676,5246.051890621502,7735.153129064482,0.08627441724203962,7029,8,2015-07-29
6884.326741219034,5805.545312980132,8430.352089177564,0.09946774834802628,8420,8,2015-07-30
6510.5505213108745,5239.220103275671,7823.9713866505235,0.09993173013566627,8492,8,2015-07-31
5756.267777507904,4866.533591086608,6758.400477426239,0.09416706232428589,6179,9,2015-06-20
5666.35277594621,5013.745488527468,6838.247280104435,0.10015992371767506,6121,9,2015-06-22
5522.338289452212,4916.8801751956335,6835.244708151746,0.0879067125094863,5714,9,2015-06-23
5315.745654875231,4616.006103485004,6353.901500643583,0.08090201091238791,6888,9,2015-06-24
5314.668404635007,4661.92300724271,6353.901500643583,0.08038359873550142,6674,9,2015-06-25
5707.881136637392,5063.3671871133065,6860.168390784139,0.0781148358819199,6549,9,2015-06-26
5847.412999715537,4866.533591086608,7483.688739626384,0.10700888377188486,7069,9,2015-06-27
9487.957406239235,7661.291060631681,12697.682399113344,0.1226673272092406,13457,9,2015-06-29
8223.067379476457,6316.734155587137,10551.873704600335,0.13320861016307053,10447,9,2015-06-30
7165.834249781361,6386.619258930217,9097.861271353913,0.08365809161018468,8490,9,2015-07-01
7122.612146591965,6267.460252469637,9184.080493259975,0.08685841111286757,8395,9,2015-07-02
7202.70490216229,6496.606758543926,8018.668045353728,0.06291718576748485,8363,9,2015-07-03
5820.734169318242,4986.343283478898,7781.111228887138,0.11247760286987775,6223,9,2015-07-04
5700.314788189073,4937.43395317495,8574.500354975025,0.12494095432862654,7758,9,2015-07-06
5529.937216230366,4902.406406379954,7406.763905197765,0.10250282627347804,6940,9,2015-07-07
5233.301191204624,4592.736322939187,6109.475454623836,0.06817052066457961,5621,9,2015-07-08
5196.535418738662,4601.4092424000255,6076.528542771018,0.06706897535411467,6285,9,2015-07-09
5539.460717964935,4998.850623720233,6429.272681877441,0.07004734623682093,6007,9,2015-07-10
5642.768534978355,4936.702982255707,6669.6745386692155,0.0888469101056468,5076,9,2015-07-11
8875.256625644446,7704.407305813071,10064.782345109334,0.07250532880862794,10399,9,2015-07-13
7104.560324989623,6017.930182346031,8065.7227716380685,0.06778106508826078,7841,9,2015-07-14
6646.70406089844,5918.721385156732,7460.556275191323,0.05581208457220528,7013,9,2015-07-15
6645.257205551935,5992.614206482216,7594.184842404338,0.055505061651725,8113,9,2015-07-16
6883.467444229246,6219.136738450264,7636.641359847786,0.05022108085017778,6845,9,2015-07-17
5632.799635897548,4936.702982255707,6701.972226130248,0.08737179386415081,5987,9,2015-07-18
5490.177478550583,4983.071714417127,6427.957037062113,0.08955046186526727,7152,9,2015-07-20
5335.621049654966,4854.183367932449,6461.791330112452,0.08275829507384537,5873,9,2015-07-21
5174.036608180464,4592.736322939187,6315.7654081727605,0.07532300519441608,5649,9,2015-07-22
5157.809326256254,4601.4092424000255,6315.7654081727605,0.07519986412566095,6471,9,2015-07-23
5510.232019857669,4896.030693869112,6481.781222406732,0.0765074816627618,5464,9,2015-07-24
5598.86538841485,4876.997454396311,6674.206345429254,0.08943644668807843,5330,9,2015-07-25
8674.472961219919,7551.117681318987,10032.55400297736,0.07681356913535696,10649,9,2015-07-27
7215.259556577048,6293.154450709458,8387.30594450848,0.07455855765376741,8751,9,2015-07-28
6925.802822223708,6061.098504557975,8387.30594450848,0.0850030767986377,7776,9,2015-07-29
7366.195048833322,6154.543894115724,9164.67972027564,0.09760447382009468,7539,9,2015-07-30
7857.855230936001,6555.729939160784,9211.2844505408,0.09124888304954969,8565,9,2015-07-31
4802.715226303772,4201.2803833966245,5552.229957195106,0.08408580996173946,4736,10,2015-06-20
5158.358344232115,4408.7696981579375,6302.468362459389,0.09842246547141249,4264,10,2015-06-22
4916.247478679003,4347.601919321027,6146.604137918768,0.0936205738594657,5244,10,2015-06-23
4741.623888670825,4201.596938186838,5687.923559927421,0.08084964086132054,4896,10,2015-06-24
4749.71308256549,4201.596938186838,5687.923559927421,0.07991874679895812,5018,10,2015-06-25
4992.079018303571,4413.9173082920925,6017.631201641554,0.07755323418755979,4771,10,2015-06-26
4863.868303649221,4262.490700660784,5807.464457245613,0.09128910554489608,4595,10,2015-06-27
7705.8223570852415,6578.347495852804,9592.811749195167,0.09649573288704014,8057,10,2015-06-29
6893.056030175744,5842.822602036781,8403.08629666953,0.10447386442727202,8565,10,2015-06-30
6031.5837746296875,5484.795918063686,6805.145538408689,0.059690288095470036,7896,10,2015-07-01
6023.875991040114,5484.795918063686,6805.145538408689,0.060208988815810695,6317,10,2015-07-02
6033.568148656732,5533.109336919235,6712.088875838528,0.05115434371681829,5915,10,2015-07-03
4792.014580817489,4144.410959128986,6242.81170782916,0.09602617792183973,5120,10,2015-07-04
5141.955958650736,4427.469279631056,6997.7486914887795,0.10848957973512732,6143,10,2015-07-06
4847.650787735912,4360.475485671795,6118.941018166011,0.08235603721149937,5476,10,2015-07-07
4628.603590466433,4174.8695578277675,5247.849212351799,0.06323005946400666,4865,10,2015-07-08
4636.998231141226,4156.874736110539,5456.266966652091,0.06732866563780057,4871,10,2015-07-09
4825.83918123749,4390.379060547536,5539.598442038782,0.06569093659090798,5747,10,2015-07-10
4664.002400843755,4175.435993246676,5285.720989106245,0.06564970559590119,4636,10,2015-07-11
7231.502887837844,5662.720353141065,8207.485372417466,0.08879843753222863,6757,10,2015-07-13
6069.849897711465,5253.786384454516,6837.041050717711,0.0656551221951209,7491,10,2015-07-14
5673.246578516558,5091.4920444286045,6293.635228651707,0.05149204597386946,6423,10,2015-07-15
5672.221770456977,5091.4920444286045,6293.635228651707,0.051393776706139156,6275,10,2015-07-16
5840.628334534801,5261.980532504296,6433.530815423924,0.0575673724771159,5356,10,2015-07-17
4634.805495153116,4073.986625328744,5285.720989106245,0.06849615724241402,5761,10,2015-07-18
4949.8700083840195,4362.936935515957,5990.474992106,0.08103649183126548,6111,10,2015-07-20
4702.267689696074,4256.118222952226,5443.9530668281395,0.06804636067658777,6479,10,2015-07-21
4540.808907278024,4129.826955235429,5257.004030309103,0.057395344610673846,5561,10,2015-07-22
4549.8470274976125,4113.131268286372,5257.004030309103,0.05784710999119988,6401,10,2015-07-23
4800.355199655894,4219.139835467571,5554.246615749456,0.07009201756278328,6152,10,2015-07-24
4602.0609054281795,4042.912193167733,5263.150219566788,0.06995816659578666,4713,10,2015-07-25
7169.879049075078,5662.720353141065,8139.567453909676,0.08680607414831482,7212,10,2015-07-27
6166.4717178741,5184.403366152404,7106.345106530853,0.07712959717352158,6140,10,2015-07-28
5916.706996964163,5200.570580905797,7015.854982383236,0.07646072175697545,5524,10,2015-07-29
6225.9169969221175,5343.942776308055,7245.923051089227,0.07799470675400533,6186,10,2015-07-30
6514.9618813568895,5508.329967835225,7611.088353617277,0.08955145764555437,7185,10,2015-07-31
6147.902504781281,5392.173162825651,7315.312331244054,0.08228850435958923,5293,11,2015-06-20
6782.9340229528925,6028.277949092688,8264.800686555587,0.09191678331524933,6155,11,2015-06-22
6566.428560626523,5987.4920116799785,7761.965082765107,0.07160426457852143,6003,11,2015-06-23
6637.317616027541,6005.365450420145,7839.970771362004,0.07056195315821959,5702,11,2015-06-24
6432.146660548601,5874.332415724124,7364.928780757645,0.05849068289311896,6012,11,2015-06-25
6654.414188143339,5921.590721988115,7667.575088670977,0.06112334779397242,6102,11,2015-06-26
6353.864093486239,5416.897442139447,8162.143071794686,0.1050439035726997,6001,11,2015-06-27
10565.811901846087,8835.550601932133,13991.6433317674,0.11057419013556466,11296,11,2015-06-29
10097.20598103616,8254.68247866083,13063.399458986343,0.11995883412353231,11706,11,2015-06-30
9329.019405480974,8148.466582901123,11289.272474613106,0.08156660128845611,9599,11,2015-07-01
8988.493026378459,7983.177344286799,11931.702906894197,0.08462931606384719,7961,11,2015-07-02
8824.965705686838,7736.875687091291,10157.598870088043,0.07704164958054552,7689,11,2015-07-03
6331.904893218265,5398.428968692335,8465.60650645492,0.11857479461977209,5372,11,2015-07-04
7345.752821525668,6142.571954825361,10962.749050366127,0.14851681369437908,7135,11,2015-07-06
7004.172209177082,6059.575003446877,9028.106950999094,0.11136898875556347,6620,11,2015-07-07
6929.536801639271,6062.649922050117,9140.374231006368,0.10022184817852663,6907,11,2015-07-08
6595.323439972848,5969.590121730404,7631.274129420463,0.06658216068077734,6595,11,2015-07-09
6742.369082726463,6025.596040439893,8035.417320129999,0.06858852844444698,6979,11,2015-07-10
6115.729524053903,5236.2044883069675,7377.949514668877,0.09034672916543328,5756,11,2015-07-11
10056.426740378733,8355.000859109346,11518.686539934786,0.08056660146515206,10434,11,2015-07-13
8821.923458373289,7775.206716305408,10193.89758105533,0.06832346615168941,9319,11,2015-07-14
8619.753580892595,7726.814275252749,9669.696346596496,0.05986059068674937,9645,11,2015-07-15
8298.357167343625,7259.893384977282,9159.182592620276,0.059035747346066134,8149,11,2015-07-16
8251.409474290134,7259.893384977282,9128.840412208085,0.051250909930673855,7757,11,2015-07-17
6089.933673630894,5087.36936233387,7377.949514668877,0.09167273450491127,5740,11,2015-07-18
6840.87956599443,6018.967030165256,9134.695838698339,0.1041244236625169,7733,11,2015-07-20
6654.753259707832,6021.289744811242,8227.815875962204,0.08442145653135617,6315,11,2015-07-21
6764.722503233371,6064.796212583493,8287.687922343215,0.08864303485013203,7185,11,2015-07-22
6498.345029622499,5914.205617483209,7773.097301294641,0.06515507835937123,6151,11,2015-07-23
6673.591939106521,5990.083941837325,7888.980196364335,0.06639249543427503,6192,11,2015-07-24
6079.374841103612,5163.009804488097,7242.263289480306,0.08848235133735925,4712,11,2015-07-25
9871.550016850188,7724.737065153575,11580.026768791342,0.10461283852385886,8796,11,2015-07-27
9046.10468496009,7810.112055525592,10628.699756868866,0.08441568805783772,6938,11,2015-07-28
8996.505071507027,7604.482820699516,11375.136589267184,0.0940031769081381,8378,11,2015-07-29
9616.768883959243,8127.102396977563,11923.024066479958,0.0986703091919537,7361,11,2015-07-30
9961.080286880155,8203.604428719314,11984.20615525969,0.10222486954807129,10457,11,2015-07-31
6079.148480956621,5273.392899573463,6965.8720953935335,0.079868397989242,6602,12,2015-06-20
6427.088069569161,5700.4990826034,7742.3900049873955,0.07320041716358242,5525,12,2015-06-22
6275.847968093734,5598.399073201109,7478.090243010757,0.06856937134480012,6046,12,2015-06-23
6224.247479925572,5606.904957027784,7199.878318134073,0.06265438871613546,5403,12,2015-06-24
6140.606529283409,5577.054201830706,7199.878318134073,0.061308870310629725,6205,12,2015-06-25
6315.927743836987,5729.606947974076,7199.878318134073,0.06863580080001339,6275,12,2015-06-26
6209.765717628694,5273.392899573463,7770.6677276087285,0.09659680670453273,6546,12,2015-06-27
10873.632341310291,9151.78463891405,14533.605647200591,0.11118841590802128,13738,12,2015-06-29
9937.71503611337,8134.802625896452,13092.064543516575,0.12474826665840906,13704,12,2015-06-30
8488.144850632145,7582.5491450901945,10179.708549878353,0.08374012891121534,7765,12,2015-07-01
8358.166627486013,7485.730861300701,10919.40917634791,0.08846335405922251,7886,12,2015-07-02
8256.353996446449,7514.801223451443,9578.5986868931,0.06969774302884757,7311,12,2015-07-03
6044.822221903084,5212.795275544735,7657.949422476119,0.09789948716313508,5119,12,2015-07-04
6674.179276455585,5716.867288915097,10685.974799048441,0.14848816817101343,6226,12,2015-07-06
6461.046735691132,5642.621759758447,8290.508037353096,0.10139901627081335,5808,12,2015-07-07
6234.757788100329,5573.800921915809,7775.809957095897,0.08403737787778456,6350,12,2015-07-08
6099.883458907673,5536.961830974382,7382.998908465833,0.06837570904891496,6090,12,2015-07-09
6219.910111215013,5624.5266559208785,7387.809082871749,0.06961508235937999,6730,12,2015-07-10
5905.530086781526,5170.432522602464,6998.661525032579,0.07893633835318284,6612,12,2015-07-11
10305.043214735251,8576.87040655935,11469.215563489584,0.07909967104619697,11730,12,2015-07-13
8539.21464980163,7391.239171863417,9619.959909638885,0.06819501097835887,9336,12,2015-07-14
8074.223903969985,7184.385346098367,8946.694204045132,0.06398691942623401,10008,12,2015-07-15
7923.269844647148,7121.880285170164,8935.245447814172,0.06323899682818973,9234,12,2015-07-16
7907.637211288003,7184.385346098367,8852.118417073887,0.051006531332528755,7684,12,2015-07-17
5903.39252632782,4993.412303645939,7261.222587728391,0.08831627129909599,7213,12,2015-07-18
6310.0878383071995,5644.65799275519,8875.73218675224,0.10937882124159957,6754,12,2015-07-20
6148.8226905847005,5503.395990968777,7495.977405600133,0.07908319863335349,6314,12,2015-07-21
6091.728008372343,5494.835582074436,7221.529787222027,0.06751888534786099,6201,12,2015-07-22
6005.8194055231925,5459.5342770747275,7203.965245712695,0.06798419618514255,5784,12,2015-07-23
6160.43900972164,5584.004360213762,7301.953069596804,0.07319943607189586,6078,12,2015-07-24
5883.763605241419,4935.604441221521,7008.645100301583,0.08857111478173531,5185,12,2015-07-25
10053.273727688573,7502.438225907637,11453.150883921298,0.10882288240616278,10227,12,2015-07-27
8576.656790598006,7274.498249949482,9847.166905409884,0.07740059075227915,8822,12,2015-07-28
8318.472265636778,7184.385346098367,9984.701900286293,0.09249565293751888,9236,12,2015-07-29
8812.414752088689,7442.762007479955,10776.563328497645,0.1010218258765588,7996,12,2015-07-30
9101.309950823968,7499.777069488228,10955.241236276153,0.10854871610506586,8959,12,2015-07-31
4418.882972794464,3619.2647493323207,5291.83109514882,0.09406489607495841,4391,13,2015-06-20
4079.278704796378,3433.4174783025765,5444.553395826562,0.10389155572617731,2603,13,2015-06-22
3887.362539523406,3330.1570507441143,5084.042112746884,0.09901967305681122,3681,13,2015-06-23
3840.903406161377,3303.237465120392,4627.64655728958,0.09209184932260071,3056,13,2015-06-24
3801.6546645120948,3286.3204173051195,4498.795245601392,0.08622422246220204,5830,13,2015-06-25
4209.283447087978,3568.938261164824,5222.807309063675,0.08731923011991896,3702,13,2015-06-26
4492.096957028853,3660.803809625205,5494.6229586311465,0.09818564655969358,4801,13,2015-06-27
7469.42319343838,6210.107383525921,9558.428631022198,0.10971760246241816,6741,13,2015-06-29
6587.815574969827,5377.497199885974,8810.963090609072,0.12849683877925736,6110,13,2015-06-30
5893.802471483255,5116.448154610395,7202.893245641637,0.08227245460272167,6796,13,2015-07-01
5699.210406601288,4978.456757924242,6827.690249251804,0.08473940044293805,5652,13,2015-07-02
5989.20507898975,5314.411795334651,7139.085976157899,0.07222943205295872,8948,13,2015-07-03
4579.818356546092,3669.637278697983,6077.866942081383,0.12435798365778883,3906,13,2015-07-04
4308.77583234929,3452.6280793177243,6672.988958536004,0.15932213526323533,3055,13,2015-07-06
4037.146469154063,3358.247430493753,5404.07223233654,0.11859607889677966,3129,13,2015-07-07
3965.4544542075264,3358.247430493753,4918.784693730947,0.09985552867287116,3709,13,2015-07-08
3921.217580784064,3309.6981251219777,4787.578889015467,0.09786055658194827,4350,13,2015-07-09
4275.05059494912,3568.938261164824,5388.652311150445,0.09330152090125586,3639,13,2015-07-10
4435.766611586071,3654.916847397573,5425.910987760986,0.10000448022542806,4031,13,2015-07-11
7156.263429322116,5710.9567926246145,8331.57239833908,0.09189562921316827,7525,13,2015-07-13
5822.205619824714,5138.328844660939,6667.066910909562,0.06793287331138669,6422,13,2015-07-14
5523.742249516822,4774.90055774667,6379.176249120832,0.06544202000326628,10334,13,2015-07-15
5397.396738272165,4734.308748023006,6379.176249120832,0.07116515614213183,5921,13,2015-07-16
5714.772683462895,5130.281955381408,6452.240433199043,0.05716086628929437,5740,13,2015-07-17
4439.638506208314,3617.3871056929984,5373.954512053978,0.10046844963084067,4956,13,2015-07-18
4170.849193769608,3498.097469552945,5618.527058231973,0.11462580118356126,3868,13,2015-07-20
3948.7263438653517,3358.247430493753,5141.969131315799,0.10346440541818186,3080,13,2015-07-21
3936.169156703938,3358.247430493753,5116.736452916957,0.10082544280676398,3164,13,2015-07-22
3902.2582558711288,3309.6981251219777,4787.578889015467,0.09796856715253696,3959,13,2015-07-23
4249.2440790158935,3568.938261164824,5288.945538624676,0.09120668258604271,3483,13,2015-07-24
4437.961701914991,3617.3871056929984,5373.954512053978,0.10077960754780915,4361,13,2015-07-25
7081.910944475634,5650.733032490425,8277.67853118053,0.09018112389898812,7926,13,2015-07-27
5967.1463899886985,5082.4386864612125,7010.639120707771,0.08834027575304969,6819,13,2015-07-28
5774.580585471816,4923.295737072275,7010.639120707771,0.09563088892205814,6648,13,2015-07-29
6134.065133881906,4965.517601697467,7838.722291099531,0.11726229139824984,7648,13,2015-07-30
6597.715508994284,5404.128791200849,7983.811755075179,0.1087343652448727,8821,13,2015-07-31
3543.9339217688735,3095.2304256518682,4521.764444918088,0.0888662806804147,3472,14,2015-06-20
4992.8573334635485,4310.927100568283,6062.2932865445455,0.10032128698015219,4687,14,2015-06-22
4836.742931946869,4292.99709908125,5839.071606673359,0.08624714393768018,5346,14,2015-06-23
4669.3062254801725,4147.431355051085,5490.419312397486,0.08781314026782285,5344,14,2015-06-24
4728.65984370355,4223.638049464592,5519.905301007605,0.08374891974206623,5089,14,2015-06-25
4943.496184910011,4333.500072697426,5965.618539618917,0.07936126866681266,5232,14,2015-06-26
3633.1756802253967,3129.92597060482,4741.359734741563,0.10244084383295216,3498,14,2015-06-27
8632.723643290341,7135.090274783387,12030.409961451325,0.14036905611905626,8671,14,2015-06-29
7386.514651091025,5940.873650875141,9380.306635074325,0.12789919779604048,10175,14,2015-06-30
6232.737967327263,5616.9681312511575,7208.3837619476035,0.06600949164092805,5881,14,2015-07-01
6257.559741362678,5685.110537286472,7274.5708261737045,0.06633957774688698,6153,14,2015-07-02
6305.822811874946,5671.458642383693,7542.618120755193,0.07245298523218086,6252,14,2015-07-03
3545.816182389662,3020.31805059551,4565.865305490432,0.11091140365286527,3649,14,2015-07-04
4925.841315730171,4254.282469173665,7799.73752827911,0.13552745410696776,5706,14,2015-07-06
4752.766847251192,4133.587729964003,6299.137466493735,0.10532532634842538,4955,14,2015-07-07
4562.016398363454,4064.0539227872127,5649.644413741533,0.08023652744351474,4720,14,2015-07-08
4595.109743146498,4115.278062136669,5649.644413741533,0.07503846514686328,5050,14,2015-07-09
4760.774974904286,4231.516610293544,5605.727187918341,0.07576898271716942,4981,14,2015-07-10
3466.9891008152526,3020.31805059551,4373.430847139232,0.08971482270748421,3103,14,2015-07-11
7858.481043441109,6367.398727629254,8889.129169586664,0.08175401071624054,7202,14,2015-07-13
6417.105000152598,5573.334705099839,7122.807937506774,0.06495406435051031,6509,14,2015-07-14
5903.555780360864,5220.263003372882,6501.089514344228,0.05043107611465801,6143,14,2015-07-15
5934.757658885981,5220.263003372882,6501.089514344228,0.05098517638074615,6152,14,2015-07-16
6095.948380292907,5505.857934422168,6661.413099463308,0.05308321948362156,5346,14,2015-07-17
3456.911470857834,3020.31805059551,4373.430847139232,0.09192155447269618,3254,14,2015-07-18
4720.5661809370995,4101.384737125307,6231.779178166078,0.09932422035349506,4780,14,2015-07-20
4579.813977879088,4076.7976430146305,5617.156085979029,0.0791570900851373,4518,14,2015-07-21
4460.894423796131,3986.2387813365326,5525.311182850511,0.0760778263880764,4409,14,2015-07-22
4513.7341278387385,4033.5254347489977,5525.311182850511,0.07130493666560694,4080,14,2015-07-23
4684.39416829336,4116.850841484355,5525.311182850511,0.07547520594339002,4775,14,2015-07-24
3427.265423792656,2976.984206209781,4302.590802581975,0.09013158591050835,2952,14,2015-07-25
7785.268245694344,6332.311220973182,8930.583527625926,0.0837818237096056,6614,14,2015-07-27
6532.348479270286,5505.857934422168,7654.019268695249,0.0875837971276093,5957,14,2015-07-28
6111.980762320752,5220.263003372882,7549.761093193115,0.09338731338986084,5412,14,2015-07-29
6572.723406134685,5556.397088961857,7942.644953464994,0.09798764567763679,5672,14,2015-07-30
6872.420289100195,5715.141911971583,8363.912499819184,0.1073797287591034,6544,14,2015-07-31
5639.176229400001,5011.610672033151,6483.866439002085,0.07441337817141885,5405,15,2015-06-20
5648.5759406681445,5055.868593974368,6683.83871844879,0.0799895845269366,5513,15,2015-06-22
5459.563079857911,4902.4584319323385,6548.982888801516,0.07814378821871767,5143,15,2015-06-23
5317.2367776402325,4706.254635734834,6270.462486899856,0.07004985794119353,5339,15,2015-06-24
5460.372782688826,4975.1443903982945,6285.01245646299,0.060662683549191236,4979,15,2015-06-25
5888.904422114065,5267.262909425572,6757.126679224054,0.06780799584977272,6376,15,2015-06-26
5811.097062293218,5049.713659655515,7283.033016351442,0.0919467142203387,6275,15,2015-06-27
9484.49004502071,7726.754916820913,12445.35297448566,0.12802165124235934,11290,15,2015-06-29
8571.572983750479,6670.5604595631,11525.030237280223,0.14893294259172501,11332,15,2015-06-30
7232.990524105394,6481.058817395414,8568.36435813942,0.07914305681264469,6043,15,2015-07-01
7329.600821990795,6529.47556054235,8623.92348120914,0.0748741190875954,7242,15,2015-07-02
7611.889444828867,6629.240900736919,8843.414508291951,0.07929134978331934,7554,15,2015-07-03
5664.514455050245,4910.177085128027,7326.662198392807,0.09829142207993918,5388,15,2015-07-04
5850.9028449870875,5015.155450601687,8729.265517935111,0.1371946685497746,5431,15,2015-07-06
5568.933950676236,4900.794655763863,7531.9153994374155,0.10796217037841396,5555,15,2015-07-07
5402.89960172377,4880.762809767394,6767.96626737193,0.08563735953266866,5466,15,2015-07-08
5467.514147883684,5015.4861328171955,6623.017321806516,0.07571528290200286,5609,15,2015-07-09
5791.27317035475,5057.764649729522,6795.770715935394,0.07415649986276715,6323,15,2015-07-10
5492.493010570397,4795.197812784537,6396.693397427429,0.07691288817422824,5738,15,2015-07-11
8774.86360929911,7567.925946410163,9726.60036512547,0.07101651830762536,8691,15,2015-07-13
7244.354427276252,6210.261889565031,8001.757847627355,0.05910338824260717,7857,15,2015-07-14
6890.837722296866,6105.163879021698,7680.393890247235,0.054186564759380454,7885,15,2015-07-15
6979.73334699466,6247.563608386774,7644.744073763151,0.049507061827248275,8501,15,2015-07-16
7356.395453569557,6555.600084923442,8030.328265404036,0.05271449806085048,9368,15,2015-07-17
5457.228041946455,4689.812629401844,6390.826080193896,0.07810141343768744,5770,15,2015-07-18
5495.385324873156,4823.486929560712,6798.243720993819,0.0935709476289808,6898,15,2015-07-20
5291.07355140406,4762.3597870668145,6541.76812940515,0.07814104993792262,5449,15,2015-07-21
5261.47207471693,4702.8361501151485,6608.815960845735,0.0808100041943664,4899,15,2015-07-22
5362.51343198196,4914.707803223066,6620.023739033915,0.07407951036088592,5623,15,2015-07-23
5717.092701555058,5038.185127232882,6666.369161564111,0.06498362943967927,5255,15,2015-07-24
5441.391173003088,4689.812629401844,6390.826080193896,0.0793994160999366,5209,15,2015-07-25
8549.850347335745,6600.74812813862,9739.820743011045,0.08947689283155871,9053,15,2015-07-27
7312.540410421062,6301.73271421661,8711.779517896397,0.07513320150263897,7516,15,2015-07-28
7114.205650518968,6088.014955248991,8813.22007717167,0.09226822566260158,7583,15,2015-07-29
7813.208472996648,6455.261248191465,9230.483756251777,0.10102618652992162,8891,15,2015-07-30
8311.416790204963,6909.139179605546,10112.815561215755,0.10306673022695415,9191,15,2015-07-31
5320.157320044645,4540.837264271501,6794.944038469366,0.09543327974774468,5696,16,2015-06-20
6557.8176886582205,5928.43835446184,7908.808506459626,0.07083283673968042,7850,16,2015-06-22
6506.444053211236,5914.457548839015,7867.021513640784,0.0722740124561313,7392,16,2015-06-23
6386.903378542706,5786.22170541093,7272.67753302824,0.059962901925084106,6919,16,2015-06-24
6349.6193235281025,5746.343862941911,7272.67753302824,0.06112585111928324,6843,16,2015-06-25
6607.672889015286,5944.2359228102105,7416.317653537104,0.06033881562381421,6921,16,2015-06-26
5411.162974515942,4523.761789102999,7086.37960044955,0.10716948010479296,4545,16,2015-06-27
10760.511731943276,9226.031011580524,13221.614909719936,0.09784819522827497,12614,16,2015-06-29
10077.415296604982,8292.79232163292,12684.368993243243,0.11502783008511187,11120,16,2015-06-30
9125.324824829864,8011.485352577845,11105.414637302007,0.08336870804950007,10529,16,2015-07-01
8965.971669186514,7789.33824341205,11105.414637302007,0.08965480921169457,8407,16,2015-07-02
8940.890786868373,7789.33824341205,10905.185721939171,0.08471280385933425,9453,16,2015-07-03
5486.081008320289,4583.629661669393,7097.151718264821,0.11240406410044229,5054,16,2015-07-04
7014.506381360021,6219.194607500457,10506.951867576068,0.12342677445130917,8059,16,2015-07-06
6777.787449347577,6033.729688598032,8375.621030734841,0.08153310505245784,6992,16,2015-07-07
6549.938538946899,5961.660110538123,7530.909920884755,0.060670125086651566,8224,16,2015-07-08
6476.816039589479,5908.871156880499,7372.096035086622,0.05532712544590317,6867,16,2015-07-09
6757.743432033691,6068.251485048546,7902.574780651033,0.07036515512029466,7768,16,2015-07-10
5342.480735278908,4563.3218133069595,6748.839260789028,0.08888425482898929,5414,16,2015-07-11
10472.858416159821,8798.861563644392,11826.127463070552,0.07148019790444829,11932,16,2015-07-13
9082.570845085078,8153.096161885478,10367.617083138528,0.06454195583702202,9986,16,2015-07-14
8385.965481711915,7642.968960449085,9383.224266527537,0.05631744611794167,10099,16,2015-07-15
8239.854763659127,7349.255266010834,9195.839727388462,0.05497439992528959,7954,16,2015-07-16
8367.962919284755,7712.199578682378,9365.273094919481,0.046011999027992224,7605,16,2015-07-17
5340.661702114235,4538.4606274260905,6766.605226430147,0.09630511569630115,5288,16,2015-07-18
6627.97092219094,5952.060701408744,8035.467031377006,0.08010622960871362,7632,16,2015-07-20
6573.849473838301,5961.376159132499,7867.021513640784,0.07495093159218857,7274,16,2015-07-21
6440.715835804984,5816.867187023975,7507.929485855143,0.06331056197312629,6779,16,2015-07-22
6401.992478313615,5746.343862941911,7434.454224439533,0.06407678489210289,7865,16,2015-07-23
6627.734712112925,5944.2359228102105,7526.029724051746,0.061862933986611336,7781,16,2015-07-24
5310.835409930734,4536.536277327348,6766.605226430147,0.09854364627877732,6105,16,2015-07-25
10232.242292116489,7984.0725820893485,11954.74970879779,0.08806556171610935,10260,16,2015-07-27
9313.71523112142,8015.386695792433,10915.22540434167,0.07772460699815018,9695,16,2015-07-28
8894.559926523016,7631.261823256635,10756.528009258622,0.09198831398390077,9471,16,2015-07-29
9344.228559633124,7929.691298779458,10957.227288131153,0.09363261230430464,10226,16,2015-07-30
9815.9885734609,8098.290171547864,11675.985957834393,0.09182130281361073,10231,16,2015-07-31
2731.8163780862833,2362.984739301576,3536.110053740734,0.10729578818444928,2480,17,2015-06-20
5361.525576969417,4697.673323172288,7926.602160148783,0.11613774083227346,4926,17,2015-06-22
5297.914933563822,4666.635633964525,6782.612202676065,0.09107834206357075,5203,17,2015-06-23
5195.573501616355,4584.652670633275,6357.598322704335,0.08154941428489929,4524,17,2015-06-24
5200.134383842511,4616.672877939621,6357.598322704335,0.07987052747233687,4403,17,2015-06-25
5281.740571505163,4614.605181717406,6420.185133299677,0.0816775865732499,4728,17,2015-06-26
2768.6837150474453,2359.572051594854,3744.217922900062,0.11521950248747556,2466,17,2015-06-27
10140.892419969612,8473.573369526663,13209.521608094761,0.1169335531312245,10474,17,2015-06-29
8959.180607020042,7046.79998616565,13292.463127891899,0.15653979804944987,11774,17,2015-06-30
7528.472508707674,6816.819316034173,8976.919475562172,0.07138079802814341,6779,17,2015-07-01
7511.455608917313,6759.243985272887,9054.503900655913,0.0731831248455516,6084,17,2015-07-02
7376.68350891199,6501.598095569346,9064.626255681731,0.07838467315320595,5948,17,2015-07-03
2878.1615681624676,2430.670320352873,4317.665342285618,0.1657530814580459,2592,17,2015-07-04
5572.394862279264,4589.002432940144,8972.82425789749,0.15957499406813103,5446,17,2015-07-06
5428.621124234923,4547.404472851826,7836.632642298535,0.1302605152558944,5184,17,2015-07-07
5309.965653215405,4547.1067783594335,7002.744332299671,0.1094356213713294,5876,17,2015-07-08
5302.014917085614,4547.404472851826,6785.8644290301245,0.10014869980960651,5478,17,2015-07-09
5360.962550278196,4701.962340552625,6534.772848015098,0.09210434645303488,5451,17,2015-07-10
2788.990977502722,2430.670320352873,3561.584415432044,0.119529930949787,3034,17,2015-07-11
9769.647200728112,7841.658554568961,11460.04237490096,0.08864706485683385,10029,17,2015-07-13
8325.027596314296,7158.734393816054,9522.55261924188,0.07868097393565272,8241,17,2015-07-14
7180.295261704908,6495.841020937549,7887.744618877308,0.049129443059243175,8172,17,2015-07-15
7147.290949804244,6495.841020937549,7887.744618877308,0.04778458704622672,7231,17,2015-07-16
7083.082373514568,6300.923846400061,7887.744618877308,0.05306091626567947,6243,17,2015-07-17
2780.335877195266,2390.8766466037764,3561.584415432044,0.1209992417349769,2608,17,2015-07-18
5424.926485807982,4556.039355062424,8783.843732283633,0.14426215824897268,5908,17,2015-07-20
5321.616734293862,4509.904064072458,7265.335980119824,0.11678834154724832,5847,17,2015-07-21
5211.663301265747,4367.779938009911,6948.102611914248,0.10619167885577313,4952,17,2015-07-22
5212.665501622511,4437.543425243896,6948.102611914248,0.10377722077602099,5328,17,2015-07-23
5271.064893242885,4410.851824440719,6948.102611914248,0.1022863559984708,4443,17,2015-07-24
2779.8889097612223,2386.8417651559253,3561.584415432044,0.12844715871618997,2572,17,2015-07-25
9659.77100032374,8307.972089802943,11024.735057495001,0.08361256825597908,8293,17,2015-07-27
8384.620794617002,7141.397944162053,9878.00081640228,0.08501948833491044,9316,17,2015-07-28
7549.3280901057215,6683.836166820787,9516.02381033074,0.09142232094143639,7179,17,2015-07-29
8013.498314780305,6865.404830317546,9964.915351805595,0.09848558060904451,7555,17,2015-07-30
8260.151471681518,6746.434823357907,10039.568348181647,0.11093168128499575,8430,17,2015-07-31
4640.365439080945,4016.07805672792,5785.8901404000635,0.10701362985397005,4671,18,2015-06-20
5532.224229816532,4998.919912134232,6658.964622218687,0.08840365093215646,5818,18,2015-06-22
5318.259327615352,4773.128953380858,6225.154999640618,0.07095899572077469,5755,18,2015-06-23
5367.129374876798,4907.080266720489,6315.946572385109,0.06011881080002014,6034,18,2015-06-24
5286.073411283411,4790.608836373489,6115.227958849092,0.060334191067866645,6160,18,2015-06-25
5740.9671784374805,5122.486168563565,6607.151605140877,0.06937885471677323,6182,18,2015-06-26
4697.381243740439,4023.445677389289,6241.023808382944,0.11807577844999353,4598,18,2015-06-27
9603.974523762476,7499.5728633814815,13208.256381274894,0.141160915630508,11224,18,2015-06-29
8339.156577483554,6743.930311057356,11216.933861652835,0.13648098859771474,10838,18,2015-06-30
7397.819904630975,6663.769353213738,8805.926215056685,0.07153610780126798,7215,18,2015-07-01
7224.171766512917,6663.769353213738,8483.441627560647,0.06687484968618955,7971,18,2015-07-02
7798.089340404751,6807.484120213757,9035.418503300258,0.08124997491953909,7810,18,2015-07-03
4698.392297143856,3891.9391711457083,6107.841900741542,0.11511888553046809,5001,18,2015-07-04
5793.091929959622,4966.421428659989,9139.028501149536,0.14946063008849975,6614,18,2015-07-06
5463.279966160045,4745.601719798303,7541.306564008899,0.10862281488960542,5627,18,2015-07-07
5451.950809518034,4748.979040635999,7170.071726383652,0.0855393044823418,6676,18,2015-07-08
5369.65108456838,4714.541785042046,6854.359137510019,0.08546479872339169,6382,18,2015-07-09
5729.963582897716,4935.495044742011,7086.497326644949,0.08477452848913945,7818,18,2015-07-10
4614.816835005893,3930.923814332648,5635.1173198582765,0.10839117881993904,4940,18,2015-07-11
9034.66772449808,7547.40304493944,10119.141260302724,0.07019187010650056,9887,18,2015-07-13
7193.883550659077,6402.1640287773,7944.521319194137,0.05569580912844499,7632,18,2015-07-14
7021.702645533615,6446.1267334194,7601.399998798816,0.04231271361278814,7933,18,2015-07-15
6889.455221047762,6231.28860829283,7460.556275191323,0.04332222338042203,6887,18,2015-07-16
7517.167310179925,6612.398289925515,8797.22007013101,0.07249463334445712,7660,18,2015-07-17
4592.333366976054,3899.83517370226,5777.649254133515,0.11082449625560195,4677,18,2015-07-18
5575.982488411747,4775.136918345136,8111.877083129115,0.11863102720948605,6336,18,2015-07-20
5322.8541213556,4718.328441195047,7265.335980119824,0.09622748409759191,5207,18,2015-07-21
5407.804952350111,4741.018960690165,7170.624294918476,0.09159976564872284,5940,18,2015-07-22
5334.622334487583,4676.105166713661,7170.624294918476,0.09334667340285414,6450,18,2015-07-23
5717.111164367194,4935.495044742011,7170.624294918476,0.08894682597848591,6409,18,2015-07-24
4554.967435666698,3850.3779551906737,5777.649254133515,0.12031416382389447,4416,18,2015-07-25
8892.402704726152,7206.006260299167,10248.888741311956,0.08373523470730403,10055,18,2015-07-27
7303.392837004968,6566.376820208567,8585.385469830037,0.0690766547465313,7704,18,2015-07-28
7278.4450625771715,6465.399197915111,8939.902604786132,0.08167766124545497,7833,18,2015-07-29
7720.1417712739685,6556.288944412635,9654.548075368955,0.100762816498817,7361,18,2015-07-30
8310.264898805952,6950.943976219254,10112.815561215755,0.10495319524683047,10071,18,2015-07-31
4396.956260921116,3760.3972059355565,5396.180869113525,0.10786078136860501,4801,19,2015-06-20
5648.628657866065,4934.5259590225405,8662.157356774782,0.11990245189095552,5808,19,2015-06-22
5453.226953727674,4716.706903512909,7194.201158306948,0.09747802175527717,6162,19,2015-06-23
5384.130887302665,4670.2670701862135,6940.279936884919,0.0894853525809063,6725,19,2015-06-24
5422.387464520799,4755.319259186773,6940.279936884919,0.08584594888658775,5268,19,2015-06-25
5663.027156721488,4968.888897701697,7194.201158306948,0.08777181090934931,6505,19,2015-06-26
4448.518340362664,3760.3972059355565,5781.94067444694,0.11588668910979476,4732,19,2015-06-27
9669.40658445897,7872.143227558743,12875.661741098349,0.12536968482249702,11782,19,2015-06-29
8553.045274955595,6957.729837665314,10994.930058809154,0.1329241073282665,9628,19,2015-06-30
7313.954159372778,6556.381217839444,8494.0248578516,0.07165625923653415,8679,19,2015-07-01
7329.247151914947,6594.963913049206,8558.658488018302,0.06906796758434496,7493,19,2015-07-02
7405.807658120217,6571.9880153611675,8702.443023982223,0.07673052041823322,7619,19,2015-07-03
4274.813411846031,3710.2183166041686,5678.873952455694,0.11186971071757949,4013,19,2015-07-04
5521.955254810075,4765.615507664363,6954.442371091262,0.09449404194962419,6542,19,2015-07-06
5357.511257675524,4773.8576653607315,6199.422476345755,0.07583530477455737,5873,19,2015-07-07
5243.21099645856,4661.58208610243,6091.318185541728,0.0677833956707868,5350,19,2015-07-08
5273.937466760219,4728.642656331841,6091.318185541728,0.06675698956837348,5230,19,2015-07-09
5521.809767160982,4854.4681523774025,6555.936182881164,0.07483499613261424,5531,19,2015-07-10
4209.334270830215,3688.299297236494,5415.954755518517,0.10584674087913479,3718,19,2015-07-11
9014.219411399075,7301.083735269513,10271.886190612437,0.07843119807256775,9689,19,2015-07-13
7382.460463614927,6482.0182016226445,8417.599056024152,0.06469028573338385,8545,19,2015-07-14
6930.097366865336,6242.396703100159,7598.088489737105,0.04823908296030219,7485,19,2015-07-15
6975.859397341023,6270.973401496533,7571.268850534939,0.045595829227585816,7328,19,2015-07-16
7136.147513590535,6395.920113815082,7714.517771790119,0.05726477626077355,6384,19,2015-07-17
4193.7103326822635,3625.406360669697,5415.954755518517,0.10636270718637965,4795,19,2015-07-18
5356.499573116591,4695.503622834951,6246.344978016023,0.08413708409997775,6635,19,2015-07-20
5245.853366287111,4756.091499942162,6147.025547911449,0.06815128714674577,5362,19,2015-07-21
5194.881455976227,4691.826086056833,6133.348564464778,0.07086773578043176,4826,19,2015-07-22
5238.420905691515,4722.549620853932,6356.517803163849,0.07239324561901964,5465,19,2015-07-23
5494.183950143824,4789.05212393895,6515.561203925135,0.07530664354361047,5330,19,2015-07-24
4164.177186534762,3573.140642777038,5415.954755518517,0.10928665063607483,3562,19,2015-07-25
8839.10373458466,7118.910797465973,10415.327326182713,0.08781724174839318,8825,19,2015-07-27
7503.070257927017,6530.935902411041,9308.855288214216,0.08445526581155668,7717,19,2015-07-28
7133.332262161724,6256.9674468010235,8829.800611747525,0.08008681285114452,7182,19,2015-07-29
7780.970244222509,6603.972408008501,9567.486841011427,0.09012357894956163,8400,19,2015-07-30
8108.83788890941,6631.232683816647,9922.65926320576,0.10208936527804582,8234,19,2015-07-31
5539.092026558994,4770.313992537075,7537.511752318761,0.11028137452598866,5199,20,2015-06-20
6956.874790772077,6090.826521183695,8325.003993324814,0.0899387037599782,7826,20,2015-06-22
6737.497999647846,5954.782142465205,8254.660610279123,0.0818418940688089,8512,20,2015-06-23
6704.327501343665,5946.032470031653,7909.210235304964,0.08009587857225536,8160,20,2015-06-24
6922.609307066827,5988.145815158281,8417.42951647584,0.08862855806718845,8360,20,2015-06-25
6541.723141274424,5682.401357270074,7843.358412038965,0.07859608617375154,7005,20,2015-06-26
5597.344302671918,4655.937880318584,7537.511752318761,0.11814888406512519,6576,20,2015-06-27
10292.343955789815,8653.155666770359,13103.227580130697,0.10094443597818036,12156,20,2015-06-29
9917.22200496964,8076.110607527018,12352.269779819282,0.11168264239482516,11417,20,2015-06-30
8832.299417430373,7296.085983571271,10789.51347822353,0.09615668967430892,8977,20,2015-07-01
9086.933654725823,7457.721406383312,11451.21448268705,0.1007410922932362,9741,20,2015-07-02
8309.530451670928,7426.3271012279565,9788.569414258463,0.07395652248082533,7548,20,2015-07-03
5597.708261195219,4556.173621032226,7809.726952587823,0.1371610949704289,5383,20,2015-07-04
7279.55656681996,5935.787029089699,10506.951867576068,0.14188803374966621,9124,20,2015-07-06
6987.195381805591,5957.268156162692,9128.62141104821,0.11213020058609244,7632,20,2015-07-07
6794.338637987817,5936.435595451037,8858.750106248257,0.09411848232792752,7708,20,2015-07-08
6947.771484276958,6049.226868543869,8698.905329907855,0.09417947107791343,9084,20,2015-07-09
6531.483271969834,5791.25591846608,7793.535414103734,0.07938544064564122,7201,20,2015-07-10
5434.8441866327175,4550.803344452515,7000.430184103974,0.10993144253965648,5332,20,2015-07-11
9993.128281560334,8423.983765838233,11280.932505419287,0.0683648507739401,10240,20,2015-07-13
8693.241110162859,7428.033867538425,9885.583259886898,0.07169501085208335,10139,20,2015-07-14
8353.256439111034,7213.742107094202,9437.561816908532,0.07240457074687463,8262,20,2015-07-15
8741.35475109654,7251.4500874425075,10286.252120698595,0.09027280595361266,9100,20,2015-07-16
7923.795566030831,6963.61500826327,8900.179723574749,0.057131850958842025,8117,20,2015-07-17
5456.191092959109,4539.42379376564,7583.731727841371,0.12436266220038092,5287,20,2015-07-18
6926.767855866457,5876.274380233569,9171.369992700596,0.11888123480710183,9384,20,2015-07-20
6688.931196229805,5847.001781711222,8502.002298850583,0.0947049462939224,7759,20,2015-07-21
6670.124750823018,5847.001781711222,8380.084094175232,0.08952574058897553,7264,20,2015-07-22
6861.418038225578,5930.514554955629,8419.629989982475,0.09388531344411996,9262,20,2015-07-23
6483.317706619346,5589.346834074571,7820.139304310206,0.08276857432942711,7988,20,2015-07-24
5439.45083592007,4535.32379591817,7231.079781581248,0.12210254250608518,6588,20,2015-07-25
9771.675428120616,7724.737065153575,11175.633070078931,0.10094481715766437,11255,20,2015-07-27
8887.759615504203,7560.863178127893,10736.876585341444,0.08767353996072569,10884,20,2015-07-28
8720.898321803914,7352.91023368471,10736.876585341444,0.09457699728132107,10728,20,2015-07-29
9405.380848977795,7705.624452393822,11287.788837581506,0.1039804460608386,12379,20,2015-07-30
9174.002701004967,7419.553037573051,10947.912217801344,0.11265007147494589,9593,20,2015-07-31
4768.616704986534,4002.9118892392803,5496.059297412827,0.08460374690081612,4665,21,2015-06-20
4397.7801567477045,3785.9188875534137,5425.686232916205,0.09794304846880242,4000,21,2015-06-22
4283.319692905419,3693.63167556161,5212.118378996148,0.08296395655270623,3981,21,2015-06-23
4088.584626215839,3560.9573513873715,4925.965723059991,0.09033289764471109,3448,21,2015-06-24
4129.33144247306,3536.1853509177795,4925.965723059991,0.08769185891905631,3441,21,2015-06-25
4507.967605425172,3771.9640160032377,5242.298752061173,0.07990655364643075,5327,21,2015-06-26
4892.565116892318,4037.1514156418766,5985.112816896488,0.09762162542469024,5766,21,2015-06-27
8599.053687504425,6910.993805368452,11888.59878334935,0.13838221652646382,10608,21,2015-06-29
7216.672671224412,5862.1843581222665,9359.212298213077,0.1295286919700119,9921,21,2015-06-30
6241.217644357686,5266.064474129881,7685.954379344361,0.09370864265870954,5169,21,2015-07-01
6249.557524306778,5463.519487353863,7565.545983992027,0.0822637131252695,5959,21,2015-07-02
6343.192920176332,5460.384639501878,7786.8898755125665,0.07731970177908946,6743,21,2015-07-03
5024.214517140705,4137.907349331051,6726.414677027884,0.11648653133527236,4734,21,2015-07-04
4758.72076415612,3791.430904615525,8085.22356174308,0.1837080275909638,4271,21,2015-07-06
4530.991762467262,3677.0360636863857,6088.013423416036,0.1297844199307762,4037,21,2015-07-07
4287.732589519817,3630.9328708748376,5899.8158203204475,0.11838789583593602,3950,21,2015-07-08
4283.621568251288,3650.7582555615436,5418.59426495271,0.10025445796843085,3484,21,2015-07-09
4569.019930441415,3793.1275962156,5556.865170917526,0.09011822344885449,4809,21,2015-07-10
4850.882387892858,4160.021725926322,5597.844416634574,0.08854197617235655,5519,21,2015-07-11
7937.372849807302,6252.472174162341,8972.033786626755,0.08865002493475743,8247,21,2015-07-13
6351.095662848733,5573.334705099839,7197.94038972295,0.06649982776236743,6835,21,2015-07-14
5892.523454381027,5091.078266223315,6619.335444890348,0.06948655452910903,6377,21,2015-07-15
5946.462412141381,5252.810650118793,6619.335444890348,0.062068039467885645,6018,21,2015-07-16
6112.418619566591,5237.719218296595,6736.002628501523,0.05957501361528059,6745,21,2015-07-17
4830.796436249401,4121.596924058378,5642.69347265786,0.09450969216948772,7524,21,2015-07-18
4507.771933691317,3790.9058363086924,6407.9608606610645,0.13357591064624416,4170,21,2015-07-20
4334.934886801133,3668.913868644438,5444.888405063832,0.0983402527800138,3620,21,2015-07-21
4184.59203643406,3630.9328708748376,5157.904703119104,0.10073549156317542,4162,21,2015-07-22
4208.576624555144,3650.7582555615436,5157.904703119104,0.09624953104750897,4340,21,2015-07-23
4524.292713028921,3723.6478677216332,5488.434734223397,0.09284998738273718,4138,21,2015-07-24
4822.808450546835,4121.596924058378,5642.69347265786,0.09334949465809426,5808,21,2015-07-25
7840.963457665894,5761.5775596462,8930.583527625926,0.09832325631322693,9657,21,2015-07-27
6486.994249855629,5473.22680196112,7852.514873219214,0.09072091980098561,7948,21,2015-07-28
6181.7149572805,5063.208367532599,7945.188514346679,0.11415873828038657,7337,21,2015-07-29
6713.927196771819,5360.01076063484,8758.54151653406,0.11548023298571936,6985,21,2015-07-30
7040.235340614209,5499.578617283254,8546.893717636925,0.11088993323652528,9515,21,2015-07-31
3392.444734634355,2824.758353765124,4336.451143813411,0.09612437314371315,3603,22,2015-06-20
3933.945874878579,3527.385823854929,4461.818871300528,0.07366773630497139,4093,22,2015-06-22
3826.1614876510043,3391.9005590202987,4508.479024266876,0.07254346057844754,4132,22,2015-06-23
3742.1835771120755,3300.9796644386965,4334.775570588557,0.06705645214803653,4063,22,2015-06-24
3783.2759204330555,3385.225065341031,4349.5506414704505,0.06435914658503925,3956,22,2015-06-25
4043.4433575556727,3507.60591450656,4593.196044256303,0.07346408060467034,4886,22,2015-06-26
3448.7112133447813,2843.9541536203787,4401.153088549714,0.10618870468373706,3159,22,2015-06-27
6426.589012294441,5570.653274249722,8011.701317664754,0.08785231065227077,8339,22,2015-06-29
5680.29178694817,4336.722535956704,7390.055289652786,0.14122338481772437,8050,22,2015-06-30
5040.049671817281,4540.0280299390915,5818.366332722155,0.07041188561612473,5181,22,2015-07-01
5085.788344362849,4599.867762300262,5972.522118381817,0.07395869571320413,5134,22,2015-07-02
5333.276660883289,4680.561885538184,6218.769885008531,0.07769615752440294,5673,22,2015-07-03
3454.8207779538448,2826.3847634559643,4554.377610040556,0.12028639962058175,3188,22,2015-07-04
4064.793295780195,3481.253896556894,6242.154902969848,0.13201973618518364,3681,22,2015-07-06
3919.6659780231403,3394.4668054519266,5074.186219580872,0.1087319548989276,3757,22,2015-07-07
3781.066771134761,3335.1815494168304,4698.327850415776,0.08736732064867096,4194,22,2015-07-08
3795.787354158251,3391.6771616633137,4552.891403677658,0.07606731250899448,4534,22,2015-07-09
4062.5366755893115,3453.8816484380395,5003.754410053728,0.09747318716122813,4038,22,2015-07-10
3376.649275319376,2797.5297158055723,4511.371736670283,0.10890444811398563,3480,22,2015-07-11
6159.953124642399,5443.42375959889,6769.724525639881,0.06099496569441763,6828,22,2015-07-13
5056.913607506988,4558.481309323603,5691.014141096122,0.05890088176578397,5027,22,2015-07-14
4815.368136835764,4273.749638873839,5380.835764236896,0.05964859394167805,4841,22,2015-07-15
4870.782094640959,4330.645775911271,5380.835764236896,0.05218497525740931,4842,22,2015-07-16
5202.626297687317,4647.042142782785,6000.734604626522,0.0658597684642756,5369,22,2015-07-17
3369.067564817018,2797.5297158055723,4511.371736670283,0.10900428225565961,3578,22,2015-07-18
3949.088917499889,3469.3989780009606,5240.728138136976,0.10619465102920296,4675,22,2015-07-20
3845.5652240511627,3378.1293285706806,4708.523843607097,0.09159325385825619,4487,22,2015-07-21
3746.996847620249,3291.0962768657814,4512.670168690252,0.07580180309153911,4058,22,2015-07-22
3792.2525838503248,3385.225065341031,4587.9631619114325,0.07887176428889535,4390,22,2015-07-23
4047.161277456095,3485.3678308370636,4949.386356382819,0.09488216054931833,5221,22,2015-07-24
3370.3174467969484,2797.5297158055723,4511.371736670283,0.11151895812657103,3540,22,2015-07-25
6092.684139848545,5076.480442199615,6768.837185921065,0.08246106557974904,7114,22,2015-07-27
5140.316149217044,4380.161602716694,5950.651050668536,0.07455264659012704,5761,22,2015-07-28
5018.226952071416,4297.783138630998,5973.283090117718,0.0857338572769699,5551,22,2015-07-29
5361.388564234447,4300.747036363018,6194.840727177171,0.08949893280820953,5685,22,2015-07-30
5666.29064588688,4798.199678569118,6891.846278968879,0.10161532825855384,6566,22,2015-07-31
4551.874720013024,3930.393868749453,5223.213401193341,0.08992070258253941,4426,23,2015-06-20
4529.339185045069,4001.618167096336,5667.069777149476,0.10979649597549496,3968,23,2015-06-22
4279.661353689601,3887.370988265698,5204.863947924191,0.07308853020701331,3913,23,2015-06-23
4278.1470519855275,3909.6128995468716,5204.863947924191,0.07308784267246385,4296,23,2015-06-24
4328.942592948103,3939.291637912775,5251.676452348509,0.07185911555097324,3562,23,2015-06-25
4711.571711251853,4178.661194082289,5463.625209410324,0.0757462917825699,4546,23,2015-06-26
4660.287833309334,3950.42138271805,5520.971207420071,0.10110172345547169,4190,23,2015-06-27
8360.552362827713,7143.963026916924,10368.606108541928,0.09845688923257448,9522,23,2015-06-29
6881.764787799933,5862.332301535344,8450.162936317896,0.10327439257806512,7929,23,2015-06-30
6250.404600462971,5640.363467516779,7553.3525246369845,0.07121185015564684,7580,23,2015-07-01
6272.583443859613,5723.2581218025325,7347.653799456417,0.06632144921481987,6242,23,2015-07-02
6394.331227896008,5746.369289874556,7364.065321069687,0.07189808447760422,6202,23,2015-07-03
4662.4955115982375,3873.6068198397584,6308.712308628589,0.11396289282963074,3810,23,2015-07-04
4657.474915903869,4019.8496988511756,7788.328797776256,0.14544699747864842,5393,23,2015-07-06
4347.954816866205,3790.622490208505,5677.915963942393,0.09353500143227,3914,23,2015-07-07
4273.506966802415,3802.668113826191,4986.933961389887,0.06760257555600303,4294,23,2015-07-08
4333.204527766693,3909.6128995468716,5244.50750484049,0.07098974725867026,4986,23,2015-07-09
4694.380297548684,4177.084354689548,5388.652311150445,0.07433256892381514,4850,23,2015-07-10
4492.66380193223,3896.0448684859393,5184.873545737686,0.0759559582536181,4219,23,2015-07-11
7955.7381375626765,6902.7382265842325,8779.23581404069,0.07618785352224071,8687,23,2015-07-13
6104.79085370962,5550.124511740898,6808.077727407103,0.0582199264817305,7596,23,2015-07-14
5856.085578291179,5401.915711466349,6466.889331192327,0.049968759146393135,5604,23,2015-07-15
5892.053789380164,5448.851557580482,6466.889331192327,0.04853918108612011,5822,23,2015-07-16
6153.195886115364,5563.047680626142,6766.794237757356,0.05388719601577003,5551,23,2015-07-17
4461.849108449287,3884.074153768122,5184.873545737686,0.07864717042228708,4364,23,2015-07-18
4476.896488334135,3944.437008852591,6043.119402502655,0.10590298866170995,5729,23,2015-07-20
4229.629097724025,3778.402145717747,5264.539744914161,0.07020576856457594,4089,23,2015-07-21
4231.736990610608,3826.050281649506,5204.863947924191,0.06712365864427786,4364,23,2015-07-22
4276.640621406282,3919.2811074355645,5063.3051034520095,0.06275982152531921,4311,23,2015-07-23
4658.353864411819,4152.986033529119,5337.2467381039505,0.06912472802062732,4483,23,2015-07-24
4459.725277090296,3857.335781592102,5184.873545737686,0.07972304518872904,4191,23,2015-07-25
7877.034590253387,6454.172698441724,8722.86094245992,0.07814396483842764,8488,23,2015-07-27
6237.133321727437,5393.207362778728,7248.4343001103,0.08204822851803167,5923,23,2015-07-28
6104.6195616254645,5168.796220234514,7476.642398708179,0.09394618784567853,6319,23,2015-07-29
6527.749472402668,5688.593345942086,7689.711045484486,0.0795214169930903,5801,23,2015-07-30
6991.6955571957305,5830.954656283493,8308.413142633597,0.09271612272750197,7273,23,2015-07-31
7387.574206981745,6412.661524238379,8354.04033581336,0.06472097384409586,7714,24,2015-06-20
7832.8442549609,6956.704384127622,9887.463181002227,0.08904334112929671,7579,24,2015-06-22
7608.060517175098,6856.6238714237625,9077.957403805047,0.07050466013154852,7483,24,2015-06-23
7504.960100211732,6670.949631263228,8413.236505936005,0.05723152147169379,9471,24,2015-06-24
7428.464756037861,6607.935830693847,8351.466686955242,0.05948467759056303,8461,24,2015-06-25
7998.546550150445,7163.29288117752,9296.068651225536,0.06991580079484917,8414,24,2015-06-26
7610.4255055778995,6627.577208623995,9210.502504473012,0.08587591555239767,7989,24,2015-06-27
13929.386256092377,11564.828942434733,17792.91229521895,0.1089542007440774,16618,24,2015-06-29
12204.809107215686,10178.736397872526,15915.682110143323,0.11885898512814724,18220,24,2015-06-30
10566.422520084958,9531.873302676835,12682.117623124617,0.07265055492071962,10589,24,2015-07-01
10353.320929338837,9320.048863729464,12303.969609937185,0.07366276326009602,8731,24,2015-07-02
10653.105649544092,9678.98343349329,12276.932899243642,0.0631883444116383,10896,24,2015-07-03
7470.838185254415,6075.022451830586,11035.222991350718,0.1264727068242492,6454,24,2015-07-04
8223.462982616504,6948.409798807449,13440.364040005434,0.1559707434621377,9427,24,2015-07-06
7774.168482177927,6769.003469796621,10435.41141363671,0.10563229002745964,7651,24,2015-07-07
7548.711580780974,6612.504646284299,9622.38827660308,0.08913646658030029,8909,24,2015-07-08
7403.409761280879,6502.884570824624,9081.474386729175,0.07828685647510045,8638,24,2015-07-09
7996.700912184417,7001.309461209045,9989.724004781008,0.08680021257555798,8889,24,2015-07-10
7160.572479800961,6231.624221320703,8393.900469496939,0.0777824833559441,6579,24,2015-07-11
12870.412536013264,10112.95912648858,14527.189607996783,0.08970496627862597,13645,24,2015-07-13
10679.225060173225,9471.388253141648,12163.333747309169,0.06564453341723589,11998,24,2015-07-14
10024.92354086358,9000.946790103642,10981.703726172353,0.04843396163536996,11869,24,2015-07-15
9832.14163241394,8798.728475750659,10851.249729047622,0.060163857785189324,10703,24,2015-07-16
10302.497709929532,9322.788344985358,11622.727764324702,0.05496353811223955,9283,24,2015-07-17
7111.855844995819,6245.779464696689,8393.900469496939,0.07638165735097562,7653,24,2015-07-18
7757.277828656593,6714.909290477724,11900.28801187884,0.1398352708694659,9362,24,2015-07-20
7434.040251441296,6655.815047283348,9496.752922983473,0.09132105934542775,8227,24,2015-07-21
7368.3062433516525,6582.472603148919,8804.959150847464,0.08702178627705932,7706,24,2015-07-22
7273.755595820565,6547.338827374872,8551.506567821172,0.07565370869152982,7534,24,2015-07-23
7831.757855852754,6889.268218138369,9967.029312324896,0.09031898315717368,7692,24,2015-07-24
7024.8183735885,6167.316110719183,8186.49500443209,0.0744684915947037,5916,24,2015-07-25
12693.767930857912,9349.056455301708,14675.95214092046,0.1071904972937546,13096,24,2015-07-27
10764.63622812517,9176.164138834562,12422.446409262866,0.07621469718026751,11129,24,2015-07-28
10391.680328669278,8961.950373785268,12802.603638762388,0.08683462663070136,10362,24,2015-07-29
10736.99483975668,8841.541528154567,13838.22578217805,0.10749506574127987,11439,24,2015-07-30
11599.990121862214,9713.268769456501,14323.15977391764,0.10685580273740847,14190,24,2015-07-31
8704.96921372555,7678.259541016485,9845.979468604664,0.062395554477697235,8067,25,2015-06-20
9775.544291202568,8693.986863116115,11466.148967368184,0.07437076248672055,10972,25,2015-06-22
9373.565286807103,8518.294393300443,10966.58754626614,0.06014650600250255,9788,25,2015-06-23
9152.10184238189,8242.127712529733,10312.462202277817,0.05854457252870822,9138,25,2015-06-24
9344.044698398275,8502.424503099879,10698.966995481813,0.0587399284194631,9116,25,2015-06-25
9446.312043105772,8343.778389124107,10949.573722454079,0.06565386523718127,9430,25,2015-06-26
9016.059628615749,7851.3166201722315,10739.570114014305,0.08403919355346838,9082,25,2015-06-27
15056.78394478106,12443.709525672926,18255.097753401526,0.0846835143071914,14621,25,2015-06-29
13429.040768140201,11372.779237825433,16579.445624322587,0.10709064691769424,16572,25,2015-06-30
12376.112722111506,10948.997221394253,15078.453522552301,0.08588977826712314,12712,25,2015-07-01
12433.259790445974,10983.236991514312,14616.868847602069,0.07741609865303498,12263,25,2015-07-02
12270.044439233052,10975.899638242947,14390.850813400557,0.07097927582985525,10709,25,2015-07-03
8923.59292952087,7771.414404030202,10953.771045809708,0.08917589989845585,8243,25,2015-07-04
10000.704738472303,8722.760720260463,13488.516603171573,0.10971679390303679,12496,25,2015-07-06
9593.682533350351,8379.59480879095,12083.277466144847,0.09384845072515814,8802,25,2015-07-07
9220.113254432485,8230.439092276938,10882.678263931391,0.06884788130367939,9246,25,2015-07-08
9360.339504217387,8539.4823972663,10882.678263931391,0.06413053272839928,10159,25,2015-07-09
9455.295707987558,8538.083789813647,10944.749771855604,0.06349485266845764,9300,25,2015-07-10
8640.559872447506,7678.259541016485,9832.037802752755,0.060803244185733005,7996,25,2015-07-11
14552.272060018739,12167.57635755212,16322.413302078921,0.07176358040750387,11899,25,2015-07-13
12298.620555535597,10828.534143071327,14332.541244421835,0.07016648576854742,12233,25,2015-07-14
11510.707389415784,9771.768492263436,12543.617157429493,0.06319377459752372,12171,25,2015-07-15
11705.12104937481,10535.239148461893,13104.36633868711,0.057560459826030454,12281,25,2015-07-16
11643.343131355166,10535.239148461893,12652.01774633441,0.05507281283920086,9155,25,2015-07-17
8618.304026509391,7653.955502020892,9832.037802752755,0.06279460746347894,7861,25,2015-07-18
9662.109772665708,8634.278054972965,11284.094821718374,0.07220361822504524,10493,25,2015-07-20
9347.740480460641,8430.256868110571,11135.584978418812,0.06508056570647601,8718,25,2015-07-21
9100.208223643083,8260.788627496035,10336.518737240393,0.05799442085741971,9047,25,2015-07-22
9291.065820594084,8455.487027035218,10698.966995481813,0.060316989342958524,8323,25,2015-07-23
9344.045879855423,8343.778389124107,10698.966995481813,0.06313020795449843,7165,25,2015-07-24
8570.041131271259,7620.801252122949,9832.037802752755,0.06303944379499547,7285,25,2015-07-25
14432.91561406703,11859.323850874687,16324.27346628241,0.08282913883434871,11806,25,2015-07-27
12593.787334024484,11103.63136756661,14952.734110864269,0.07813849536732484,10865,25,2015-07-28
12028.48839003222,10180.182599935597,14668.817136380505,0.0892920581752843,10527,25,2015-07-29
12782.273783905628,10983.236991514312,15097.751417125317,0.09501226207732709,11272,25,2015-07-30
13132.686767125499,11083.067194332785,15989.258655404123,0.10502443204685452,14180,25,2015-07-31
5453.163485750498,4776.5769865529555,6417.158873462179,0.07966105825524745,6367,26,2015-06-20
5462.565473127053,4805.0865471208745,6740.456574538763,0.08412005564061105,5458,26,2015-06-22
5101.659339748855,4324.043830024757,6283.771265967501,0.08655315503716743,5306,26,2015-06-23
5106.342563326444,4439.571373968753,6237.87515999976,0.07769265489739165,4750,26,2015-06-24
5350.0527773411195,4805.0865471208745,6388.575768004038,0.06769126364402397,4897,26,2015-06-25
5685.847402677288,5073.079469158123,6556.211437082503,0.0655070365057942,5426,26,2015-06-26
5577.260358111412,4776.5769865529555,6670.707791572223,0.09453924786140595,6926,26,2015-06-27
10029.41229228621,8392.97344355569,12997.46229137588,0.10731285053773983,11005,26,2015-06-29
8165.007680069227,6165.208162371892,11021.739750003017,0.13847593384772555,8697,26,2015-06-30
7551.29351149449,6509.286867192683,9621.719648454566,0.09382817157279387,7222,26,2015-07-01
7812.355445543614,6994.687768567549,9546.258726114904,0.07460582735765496,8172,26,2015-07-02
7781.932661774344,7049.125850519973,9105.239644840438,0.06812554348642523,7260,26,2015-07-03
5581.266351463558,4777.20851432441,7352.663797272901,0.10287794064464795,5313,26,2015-07-04
5646.6494697621465,4741.779193756831,9202.277348723019,0.1274869560950027,6257,26,2015-07-06
5270.9913755930675,4344.701016228697,7456.826738114375,0.1152871807244975,4909,26,2015-07-07
5173.771450788258,4455.666055943472,6724.722308281482,0.09187662641761295,6641,26,2015-07-08
5383.895661506409,4718.458382109135,6279.084982836994,0.06846309919134577,6397,26,2015-07-09
5689.31444318038,5100.459723140054,6556.211437082503,0.06880828984129073,6046,26,2015-07-10
5384.850687615308,4763.959301590759,6336.193817394899,0.07804016271252132,5642,26,2015-07-11
9687.261740903023,8292.026997782203,11016.34205387942,0.07329176775359325,10071,26,2015-07-13
7220.99145716184,6154.658289081388,8252.422994782431,0.07683305767757344,8662,26,2015-07-14
6939.266210013575,5874.229685356341,7739.51288775809,0.0653720998374303,7984,26,2015-07-15
7234.975610519499,6457.661340167844,7897.704780093899,0.05122699590811839,7781,26,2015-07-16
7386.082850870504,6580.53810419578,8130.466674550508,0.057704983391073876,7535,26,2015-07-17
5369.525301282155,4751.669049196815,6336.193817394899,0.07889449590238472,5221,26,2015-07-18
5434.963949081422,4786.561159368952,6105.117128190428,0.07983277235445188,6417,26,2015-07-20
5076.737492479866,4324.043830024757,6261.505027185028,0.08947531865334687,5237,26,2015-07-21
5073.525021970401,4439.571373968753,6004.998792544079,0.0812206279077072,4332,26,2015-07-22
5319.043613531406,4786.561159368952,6387.48998445201,0.07012771031728308,6204,26,2015-07-23
5648.785670708289,4983.819605620764,6512.123203791959,0.06757826486174244,6003,26,2015-07-24
5343.913623283861,4707.219188813995,6336.193817394899,0.08037200565544583,5568,26,2015-07-25
9532.591767271764,7921.431101324819,11125.312280519007,0.08435684323920066,11328,26,2015-07-27
7442.746040514057,6154.658289081388,8841.475022821049,0.09046172719889851,7926,26,2015-07-28
7286.128708722128,6154.658289081388,8908.698952970852,0.09721642464957238,7298,26,2015-07-29
7976.767412084682,6814.403198223629,9652.800157907768,0.08706889492916439,7892,26,2015-07-30
8414.37064309168,7077.580960161478,10377.252809635427,0.10396260538611742,7818,26,2015-07-31
7357.293060499371,6295.203605992015,8733.670487432064,0.0745493441537326,7350,27,2015-06-20
7765.8587919181,6914.929536289959,10730.96151789269,0.10148575844481232,7710,27,2015-06-22
7665.858349022122,6845.455915474839,9673.125741585964,0.08510413609645975,8175,27,2015-06-23
7392.736932141679,6635.657211355932,8666.665652720383,0.06389753452861,8103,27,2015-06-24
7361.796038982563,6577.331495716046,8666.665652720383,0.0662462634673221,7288,27,2015-06-25
7684.9857388099335,6977.025480362568,8863.75404346544,0.06379645871823413,7830,27,2015-06-26
7519.657495085894,6295.203605992015,9207.194846177981,0.08313949364773768,7452,27,2015-06-27
14257.433176830955,11601.180114235469,18442.470467940628,0.10589602713909557,18736,27,2015-06-29
12586.171682360686,10086.0335517414,16487.222003019742,0.13447775758805733,19780,27,2015-06-30
10880.114285325826,9686.64816126455,13094.197792274994,0.0770222302342375,10857,27,2015-07-01
10711.210642205242,9386.659993490124,13012.97621661907,0.07738026474467098,9896,27,2015-07-02
10807.529918642262,9677.658446288277,12740.724867166684,0.07201006903760301,10286,27,2015-07-03
7538.3928678103375,6396.535281238554,9803.270028998073,0.1008401458269361,5233,27,2015-07-04
8200.699741011793,7047.146336154841,12777.367210386927,0.1450951663041463,10271,27,2015-07-06
7967.86708446798,6973.077613587552,11183.800169392678,0.11192142348212432,7958,27,2015-07-07
7514.125042342284,6711.532946873755,9339.224274500733,0.07823110368221332,8125,27,2015-07-08
7458.254098099871,6600.213922388115,8884.124542029229,0.07155952662420964,8294,27,2015-07-09
7726.164299866262,7021.011092056103,9164.846958268081,0.07146528305490303,8059,27,2015-07-10
7242.99793881324,6226.53351292047,8278.746775230482,0.06920677124713279,6981,27,2015-07-11
13430.693469838994,10224.122736714286,15051.971499448386,0.09238165590911371,12121,27,2015-07-13
11253.47455417472,9587.007309285447,12690.763107879682,0.07200252638499759,13482,27,2015-07-14
10184.75167190003,9081.135804798187,11611.629301603425,0.06014009510474631,10741,27,2015-07-15
10081.786010614027,8740.095548563659,11611.629301603425,0.06828642185783432,11297,27,2015-07-16
10277.883876947915,9124.817483153347,11624.678630310953,0.060389856522951826,8617,27,2015-07-17
7189.946289149135,6226.53351292047,8278.746775230482,0.07036484933064148,7075,27,2015-07-18
7693.697963066393,6944.711340996102,10404.284287622482,0.09347297419345929,7437,27,2015-07-20
7589.473562090918,6889.9769682998885,9981.615249118118,0.08524975713116759,7727,27,2015-07-21
7349.644437207537,6709.218839043804,8849.415630243397,0.06767291218073414,6789,27,2015-07-22
7319.656445692628,6600.213922388115,8665.798769868625,0.06952110403346769,6749,27,2015-07-23
7575.841444683876,6858.235785296639,8901.671429623357,0.06815054801353738,6382,27,2015-07-24
7107.238913939275,6156.952385675134,8014.721048487471,0.06977525761667873,5120,27,2015-07-25
13234.308521372264,10085.827920741776,15006.442548355864,0.10905067381782026,12322,27,2015-07-27
11378.492480477542,9269.290012889272,12974.75995996904,0.08241451487409761,10956,27,2015-07-28
10726.697666037126,9372.837188986106,13019.65396194574,0.08438728715134601,10318,27,2015-07-29
11085.193158317457,9390.58869404231,14221.221745316301,0.10721038179236281,10270,27,2015-07-30
11822.213758422396,9802.94192572091,14985.56969474742,0.11732383993381464,13213,27,2015-07-31
2542.113115388207,2164.763450387321,3111.3998793488595,0.08423740783614286,1830,28,2015-06-20
4577.658307570051,3905.8856106383573,7092.459070740008,0.1470940436220699,3516,28,2015-06-22
4379.698190803477,3803.991391111354,5531.693826252451,0.0966740117891965,3791,28,2015-06-23
4207.537261692637,3677.403492610348,4977.157797685137,0.07092290584300169,3466,28,2015-06-24
4355.396920804986,3899.2846705458824,5303.490987621666,0.07329889746287713,3543,28,2015-06-25
4475.7127900366895,3896.9472822789194,5419.060268649493,0.0796743246119794,4677,28,2015-06-26
2581.3052943001553,2122.3597291535157,3171.3524853223303,0.09860887106947124,2307,28,2015-06-27
8532.70701774991,6566.189978964148,11293.787351265097,0.12655427789727558,8496,28,2015-06-29
7377.966922579941,5973.675600002063,10049.977961792625,0.1315075423444666,6959,28,2015-06-30
6327.647267547296,5533.060500390007,7512.2694641205635,0.08207316212494267,5702,28,2015-07-01
6540.979474102208,5795.969691600618,7586.624710796303,0.07963153727314515,6073,28,2015-07-02
6441.971013935189,5686.165075014253,7529.7002542811615,0.0783768822713033,5027,28,2015-07-03
2724.098123825074,2242.270348792191,4158.023897377442,0.1531427779889116,1891,28,2015-07-04
4716.760655083954,4018.4915735082254,7169.1677886129,0.14651377605192203,4179,28,2015-07-06
4638.342489445476,3952.3432740729013,6471.462357112808,0.11535378894741648,4022,28,2015-07-07
4363.3790523949165,3804.60651647075,5286.0213643124125,0.07749484104483814,3912,28,2015-07-08
4521.750120483646,4037.4433198278048,5397.261076750317,0.07547973763361314,4241,28,2015-07-09
4640.83956051194,4098.4694360412,5523.184517655887,0.074099933858169,4273,28,2015-07-10
2625.80759040467,2221.491393292694,3374.9328497389565,0.10652257270624974,2069,28,2015-07-11
8416.623525979727,6273.1539929596565,9749.018346987992,0.10301331531377676,7661,28,2015-07-13
6789.217759417168,5798.600770553455,7529.7977057166045,0.07000506907786204,6503,28,2015-07-14
5961.98106568659,5367.772485360752,7007.734572461785,0.06500258977789553,6012,28,2015-07-15
6152.948376184403,5404.931856393123,7227.218166896747,0.06780752726763872,5579,28,2015-07-16
6145.458805830209,5295.759513558078,7037.14130680123,0.06945628206647599,4676,28,2015-07-17
2628.678263902755,2221.491393292694,3374.9328497389565,0.10823742817568618,2132,28,2015-07-18
4567.579564518274,4027.3370536322973,6304.687305224797,0.1235882944244234,4338,28,2015-07-20
4499.909846429883,4040.070796912627,5499.341918418659,0.08679447768279049,3883,28,2015-07-21
4313.270680497,3823.276960844689,5310.126894451151,0.08036333618212263,3197,28,2015-07-22
4480.5745405327225,4040.070796912627,5397.261076750317,0.07870524891286872,3607,28,2015-07-23
4615.41933598174,4052.2222139090504,5406.596150575794,0.07891952422029623,3970,28,2015-07-24
2622.565283745806,2221.491393292694,3374.9328497389565,0.10910267868101473,1864,28,2015-07-25
8250.037183987939,5997.119038215126,9721.802768651634,0.11363924552924959,7392,28,2015-07-27
6904.407852417757,5896.365522323375,8422.187425273607,0.09118797517133316,6001,28,2015-07-28
6284.993186478143,5388.058012998495,7795.470025495087,0.10277601151395599,5547,28,2015-07-29
6946.805323783614,5821.137067806117,8719.623749193968,0.1144712832765117,6210,28,2015-07-30
7088.02736028194,5719.1258190595945,8572.224831398304,0.1176012678901139,7301,28,2015-07-31
6566.887239894317,5517.637934062684,7779.864364215131,0.0956349061281733,8117,29,2015-06-20
6111.989438259496,5415.911385457818,7085.109768537421,0.0862801567306698,6798,29,2015-06-22
5879.110570208881,5190.306525999735,6689.733896220258,0.07414141186258202,6875,29,2015-06-23
5707.31894498083,5124.805292371546,6604.882678135664,0.0686201899308403,7251,29,2015-06-24
5698.985504188306,5035.599937621952,6604.882678135664,0.07131381094250676,6179,29,2015-06-25
6125.012005593029,5429.817626612024,7174.988923534312,0.0737745029342881,6857,29,2015-06-26
6767.846026699428,5537.020725988538,8382.648557348199,0.11295668590511454,7876,29,2015-06-27
11032.113535921837,9665.862374712575,13481.99690579288,0.08793220009551284,14107,29,2015-06-29
9223.700237980074,7528.74018141256,11715.421230722146,0.12411863733316285,11043,29,2015-06-30
8010.784433871668,7076.862962423289,9629.887887401572,0.08191202125154882,9416,29,2015-07-01
7865.598362827217,6830.286253285299,9629.887887401572,0.08493911219454472,7713,29,2015-07-02
8025.928438468874,7106.445634806805,10051.895080793727,0.07918560508074657,9644,29,2015-07-03
6663.436525349225,5449.271598677704,9185.82820977453,0.11907193480419631,6228,29,2015-07-04
6238.548020907014,5475.24074589154,9758.504115661677,0.13188316669490524,7703,29,2015-07-06
5866.741496607425,5178.80556543582,7867.7151064894315,0.09669782166542512,6223,29,2015-07-07
5641.44226102198,5030.551665561037,6901.02455789641,0.07524620831579706,6816,29,2015-07-08
5575.634755409563,4988.206207655208,6367.173584063421,0.06653424848719992,6947,29,2015-07-09
5966.475554546791,5323.786999365917,7097.745887133395,0.06401730844880163,6031,29,2015-07-10
6387.653614264091,5428.061842491214,7580.827014204647,0.09327130294170172,6546,29,2015-07-11
10488.109012054574,8896.659970158691,11617.867503302026,0.07237682689567392,12305,29,2015-07-13
7999.531293592222,7290.872098599983,9496.40674848872,0.06484544955479726,8504,29,2015-07-14
7435.570406157545,6561.107314347648,8292.523499299847,0.06035759952073566,8383,29,2015-07-15
7353.19789547504,6626.357680702963,8080.4643770773255,0.05079280071472246,7603,29,2015-07-16
7567.460432061181,7066.123066854175,8146.335112624847,0.04438435429067506,6526,29,2015-07-17
6370.933589744746,5309.256635101072,7710.1966495421,0.0940390372399409,7534,29,2015-07-18
5911.2144658371335,5314.0608575976585,6728.578263023686,0.09777532758862677,7101,29,2015-07-20
5670.593092625535,5069.1502812805575,6656.574535077717,0.06620945495349365,6701,29,2015-07-21
5503.613225692767,4990.832727241899,6426.058488623013,0.06579854947275743,5562,29,2015-07-22
5484.321421099894,4938.0104391729055,6426.058488623013,0.06808166764168333,5590,29,2015-07-23
5936.049298290757,5239.325919822133,6982.676005630171,0.06980286620392606,6419,29,2015-07-24
6358.838183359568,5309.256635101072,7710.1966495421,0.09497712323395319,6084,29,2015-07-25
10318.903195746941,8449.046651302291,11545.47197354877,0.08124209234577136,11659,29,2015-07-27
8172.100465003243,7247.488705871326,9689.871749996755,0.08007785040933625,8450,29,2015-07-28
7886.287700517896,6725.661623058948,10261.774765401615,0.10354096001404149,7564,29,2015-07-29
8184.980230539523,6893.840441233181,9965.421457929568,0.09524251014584839,8039,29,2015-07-30
8641.699304817725,7237.597895545766,10625.34665852056,0.10334954627373348,9411,29,2015-07-31
4506.5692110836435,3823.6442454324115,5234.156471389298,0.07823233027879097,3622,30,2015-06-20
4381.161390097653,3705.8241375663515,5759.194164729577,0.10829083243604494,3010,30,2015-06-22
4339.159475260921,3701.276020224202,5504.971193536325,0.09050607613440774,3584,30,2015-06-23
4125.0484964685975,3537.1212936951893,5120.780411642618,0.08701472325276242,3242,30,2015-06-24
4317.338059637601,3705.8241375663515,5327.148066514407,0.08120087140599631,3400,30,2015-06-25
4251.269206745845,3643.3146429723547,5254.430989587247,0.0883099331569626,3190,30,2015-06-26
4564.40434341925,3823.6442454324115,5361.195793696671,0.08926115065971292,3822,30,2015-06-27
7271.8954014587725,6146.689912552721,9255.146639691005,0.11439119243096688,6701,30,2015-06-29
7047.980342418369,5576.447939457817,9244.972875779484,0.13446510606321171,6456,30,2015-06-30
5978.480442925897,5107.04532788961,7132.098957008168,0.0887248170893265,4903,30,2015-07-01
6316.897600732855,5604.94763778148,7311.206859543101,0.06962582242645016,4277,30,2015-07-02
5861.993146893403,4795.581961288693,6932.530521479538,0.09007924292120299,3684,30,2015-07-03
4738.133801434207,4000.7796318659002,6039.325242952504,0.10319328067226259,2919,30,2015-07-04
4752.55357820559,3689.1884663445403,6432.753257846502,0.1268391828437561,3764,30,2015-07-06
4646.895745131054,3674.848844891119,6122.485740803057,0.11342555747813245,3226,30,2015-07-07
4293.950574936242,3556.0247816469664,5316.38850233496,0.09808327091707605,4042,30,2015-07-08
4501.551928193319,3689.1884663445403,5474.864360015383,0.08510589832774342,3707,30,2015-07-09
4347.161634126446,3690.880763533284,5028.048491814504,0.0834210661160395,3297,30,2015-07-10
4606.961207916816,4000.7796318659002,5552.544470133314,0.09188996574828635,3567,30,2015-07-11
7143.1388423431645,5650.733032490425,8237.435506283198,0.090033386246153,5312,30,2015-07-13
6480.653380919389,5466.7109368796255,7462.716144242453,0.08618431030748434,5691,30,2015-07-14
5576.387783491865,4795.581961288693,6397.292971166828,0.06981471978644617,4412,30,2015-07-15
5903.815258348479,5074.692864943236,6598.470049962428,0.06409759545700676,4520,30,2015-07-16
5508.608211652666,4619.407574486911,6433.527004669502,0.08292943815678444,3033,30,2015-07-17
4599.880229478989,3973.325995624056,5552.544470133314,0.09285933607613077,3335,30,2015-07-18
4511.641923112285,3687.531589870981,5602.041453585919,0.10582056872599048,3405,30,2015-07-20
4468.120923189055,3687.531589870981,5474.864360015383,0.09129937933712567,3627,30,2015-07-21
4194.178420338914,3556.0247816469664,5021.726090821218,0.0953467720954487,3094,30,2015-07-22
4454.574496012489,3687.531589870981,5435.983996912699,0.08730742445403301,3364,30,2015-07-23
4295.425262865017,3665.422727235071,4964.3610600015045,0.08682391307748931,2722,30,2015-07-24
4581.46528260742,3913.427891957409,5389.536915317125,0.09237522134448457,2513,30,2015-07-25
7057.127151617283,5715.8934447124975,8166.762754488181,0.07808085342656908,5235,30,2015-07-27
6622.905237023923,5808.482062295952,7719.3103671122735,0.09365955790906734,4925,30,2015-07-28
5863.699499628213,5031.326794307963,6993.16949575388,0.09642395900732856,4551,30,2015-07-29
6600.174093946144,5637.771720005631,7883.105450765037,0.09433504631710608,4881,30,2015-07-30
6477.792395436447,4800.84761896481,8188.891582227567,0.13438538307720826,4776,30,2015-07-31
5225.25402336528,4541.087254657621,5887.621936214389,0.07933592377002097,5032,31,2015-06-20
4881.74178644143,4329.451464283046,5675.045389320002,0.0848176422802775,4779,31,2015-06-22
4588.036398749539,4188.204408114094,5371.210999234555,0.06825895957981412,4327,31,2015-06-23
4578.334847026691,4207.231902764434,5363.33050796844,0.0681939205370482,4338,31,2015-06-24
4643.356447855558,4271.686595353904,5363.33050796844,0.06366269368531778,4370,31,2015-06-25
5203.746052598817,4660.7423416179345,5854.077506863456,0.06572394695538726,4487,31,2015-06-26
5330.763825524136,4523.87540973697,6218.122111576786,0.08848646529404781,5656,31,2015-06-27
7622.859698250606,6403.0991352719175,9704.654808863246,0.10265660972093588,7416,31,2015-06-29
7060.590574162242,6008.86096148368,8454.521481555295,0.10139594161410935,8121,31,2015-06-30
6475.841818073935,5762.768226899374,7601.341210640658,0.07424611692703041,7068,31,2015-07-01
6505.806076910954,5873.348890380986,7689.087574541697,0.07866110117635744,6660,31,2015-07-02
6754.46489675368,6012.738857722441,8284.850991951698,0.0743045012110159,6714,31,2015-07-03
5412.306241500551,4584.579749026057,7293.406062745738,0.10026172551369571,5342,31,2015-07-04
5148.004722937135,4494.3977524057345,7199.8133805369325,0.11210715319023488,5356,31,2015-07-06
4849.385955916082,4366.520537889632,6249.145994665837,0.09239705325366154,5148,31,2015-07-07
4741.0533416456055,4312.348003321382,5653.042121265151,0.07404647007666602,4747,31,2015-07-08
4758.984004364588,4384.127797585259,5480.870574935103,0.06309111279960888,4927,31,2015-07-09
5303.04018003483,4761.9741406658695,6152.941656631357,0.06503149702769644,5862,31,2015-07-10
5256.526738365964,4552.972216060516,5875.843546846574,0.07556840424904918,5200,31,2015-07-11
7380.445341591503,6203.032273129296,8436.880340081589,0.07541708548099889,7116,31,2015-07-13
6274.552113195202,5591.340809317113,6872.061870022753,0.052291301032298045,6316,31,2015-07-14
6085.00978542395,5505.657867158917,6707.104644918634,0.04646882807298506,6300,31,2015-07-15
6105.852825154001,5505.657867158917,6707.104644918634,0.04601432522104687,6893,31,2015-07-16
6450.794413498064,5886.257549718511,7074.9949807048,0.05111802270919184,6013,31,2015-07-17
5245.445237570047,4552.972216060516,5875.843546846574,0.07643553527663248,5585,31,2015-07-18
5015.251156845803,4441.603969854372,6310.674484909677,0.08795842127626913,4902,31,2015-07-20
4677.957595336613,4250.93368864272,5474.98376142024,0.07852977314867836,4128,31,2015-07-21
4660.202081292281,4242.958257797466,5474.98376142024,0.07925838736014273,4553,31,2015-07-22
4725.045748885644,4323.107438853506,5474.98376142024,0.07430214467824763,4683,31,2015-07-23
5255.401093965438,4715.501277719525,6037.147999380864,0.0661943801316899,5856,31,2015-07-24
5227.635670600449,4547.415529105197,5865.2079803560755,0.07679268010604197,5403,31,2015-07-25
7247.717646788806,6110.4275766048295,8398.557293238802,0.08624450292320479,8054,31,2015-07-27
6467.061493202772,5522.510434149674,8092.646733306033,0.0884847120954862,5736,31,2015-07-28
6411.8629213781705,5477.267518961548,8313.10368128211,0.0979233948899196,5982,31,2015-07-29
6816.891191637398,5842.3737044791005,8249.294664750547,0.09479171807451293,6712,31,2015-07-30
7277.7252825740425,6198.825373296338,8679.235585596847,0.09475290058606813,7248,31,2015-07-31
2340.4844244526253,2056.8059743474755,2729.684727665687,0.07171751559102987,2215,32,2015-06-20
3693.1678647994845,3343.7219480089398,4378.161325641436,0.08710041063698333,3619,32,2015-06-22
3561.6580013458124,3177.017614919069,4126.3795065860995,0.0675242895576134,3752,32,2015-06-23
3549.6569988114916,3240.080181743832,4095.1176867160057,0.06532250161897124,3409,32,2015-06-24
3452.761460349899,3068.428167687543,4072.7955489893366,0.06734903979875634,3284,32,2015-06-25
3539.6587365260875,3168.5308277569793,4072.7955489893366,0.06421683522559148,3629,32,2015-06-26
2359.3712667491245,2049.2766449846595,2891.6592689903596,0.08019182360884103,2034,32,2015-06-27
6144.60659081009,5357.6528880933165,7696.349442140476,0.0873929976911048,6176,32,2015-06-29
5619.844660950583,4356.695992898148,7273.302778293035,0.13667523708897394,5980,32,2015-06-30
5079.670401383427,4491.610705165188,6006.177859594556,0.07863270834304119,5614,32,2015-07-01
4961.771742607485,4325.634636645565,5900.263776947975,0.08050357682378573,5445,32,2015-07-02
4929.855210129621,4345.2184271353635,5852.763678165025,0.08149070663778504,5415,32,2015-07-03
2447.3948679836435,2113.018655746681,3448.050863375131,0.12089859886849585,2805,32,2015-07-04
3868.0579816364734,3385.224620619854,5554.407892265853,0.11749317757608406,4035,32,2015-07-06
3683.234393385398,3287.4344211347334,4884.587088191774,0.09467901105783644,3747,32,2015-07-07
3618.314959064898,3280.451502440515,4427.410774296642,0.07336403471804706,3784,32,2015-07-08
3504.0651100012383,3068.428167687543,4073.7828368829532,0.07329742776936905,3337,32,2015-07-09
3582.625414441931,3168.5308277569793,4134.8795053506465,0.0717188995122153,4156,32,2015-07-10
2381.6360719587233,2089.311352758197,3053.9082078652887,0.09238906548985444,2589,32,2015-07-11
6008.173995239519,5431.551712404223,6665.373390826335,0.0580727030856354,6391,32,2015-07-13
5071.981850531069,4400.637089618232,5864.164214950001,0.0765360059758974,5093,32,2015-07-14
4799.763809482393,4319.183827621786,5463.606495410627,0.06266419050578713,6320,32,2015-07-15
4624.247602515202,4129.278375289127,5169.107704620111,0.0568394387376361,4506,32,2015-07-16
4655.474845123813,4172.677073478274,5206.910063039211,0.05692889595923493,4850,32,2015-07-17
2378.977413158514,2113.018655746681,2985.5905428663477,0.08699395771921735,2330,32,2015-07-18
3737.4912384731597,3343.7219480089398,4568.200469825684,0.10077823366555633,4668,32,2015-07-20
3588.7431596620927,3201.084684785694,4288.675969265974,0.07487844185272542,3110,32,2015-07-21
3571.003020064033,3256.1098691998095,4256.256194426145,0.07064591590659451,3870,32,2015-07-22
3483.0364468100925,3068.428167687543,4148.516761314557,0.07554893710376662,3528,32,2015-07-23
3566.7479505829006,3143.4912077190957,4199.895164569383,0.07418101603677114,3416,32,2015-07-24
2369.1457400526015,2056.8059743474755,2985.5905428663477,0.0893287477246353,2532,32,2015-07-25
5914.280792391465,4700.220979609048,6665.373390826335,0.08854887262209177,5947,32,2015-07-27
5181.3363673306885,4358.157016580205,6146.477180265133,0.08779099731246971,5679,32,2015-07-28
5030.875178634017,4358.157016580205,6100.929340898678,0.09128952626880542,4869,32,2015-07-29
5241.007759644874,4184.077236165351,6447.201077026232,0.10762661222982191,5779,32,2015-07-30
5443.048491838891,4288.749257205714,6630.383343263627,0.1198624639063365,6395,32,2015-07-31
7893.245939858772,6712.110184498595,8984.21774531136,0.07624515769978825,8094,33,2015-06-20
7257.875995740651,6450.163540856286,9065.52130412005,0.10399094094979167,6871,33,2015-06-22
6955.395425463555,6150.6518896312755,8109.093593124729,0.07573729046118204,7170,33,2015-06-23
6655.354420819831,6021.088082511076,7489.354973664941,0.05669101426460822,6853,33,2015-06-24
6650.453307232271,5975.847377440751,7489.354973664941,0.05791816587014677,6533,33,2015-06-25
7266.94539591986,6361.9119557278555,8234.984441243896,0.06602394541035471,7409,33,2015-06-26
8107.025990844054,6738.027665312839,9626.360275061832,0.09913205386992507,9329,33,2015-06-27
11229.092173188395,9652.139872007425,14266.335103870624,0.10009672732515885,12165,33,2015-06-29
10201.837415868455,8246.557470466774,12784.603203030461,0.12390477833452868,12232,33,2015-06-30
9243.6451576406,8265.970088481157,11071.329444347817,0.07705155725968818,9403,33,2015-07-01
9128.492477436068,7922.424398253641,11071.329444347817,0.08346758361908739,8469,33,2015-07-02
9254.237011051577,8126.27990646015,10748.945353638042,0.07548829793320377,8194,33,2015-07-03
8145.780497528123,6663.099541493208,10158.891813164208,0.10610600910430533,7914,33,2015-07-04
7605.430763721517,6477.729067096452,10673.151761680452,0.12056608805531983,8602,33,2015-07-06
7173.917450053447,6241.123863778439,9247.048168418258,0.09146028750687525,6077,33,2015-07-07
6712.572134615796,6099.186641808284,7595.798325869732,0.06027930671137252,7043,33,2015-07-08
6677.045399498372,6013.0406598938025,7627.215023200208,0.05888132247697523,7579,33,2015-07-09
7293.876313706877,6488.49545772543,8441.574731309343,0.06970388566846457,6539,33,2015-07-10
7812.503779144495,6661.485346421349,8894.280977296838,0.07761416682621176,7107,33,2015-07-11
10833.4584208756,9316.696764591006,12712.171311571437,0.07516512875186357,10305,33,2015-07-13
9048.982429555897,8010.329674980542,10243.403311237767,0.06221070859097056,9447,33,2015-07-14
8616.618779568082,7883.484302877651,9631.29707300921,0.052567237831997245,8467,33,2015-07-15
8551.530895446538,7511.625659932012,9631.29707300921,0.05582943178132708,7498,33,2015-07-16
8778.929171457232,7901.734258360703,9705.45697187551,0.0550358741754652,7163,33,2015-07-17
7759.590074377641,6661.485346421349,8894.280977296838,0.07958482288688154,8695,33,2015-07-18
7156.129745803191,6330.178754272611,8530.308326568027,0.0984254106536302,7160,33,2015-07-20
6901.420970435203,6156.904835942741,7924.5999129917445,0.07500682859551064,6981,33,2015-07-21
6611.248798139562,6101.342804540404,7390.1062026429645,0.05274115172170968,6561,33,2015-07-22
6623.345053604703,6013.0406598938025,7461.635370007577,0.0564427431095045,6090,33,2015-07-23
7193.4215555788,6464.1125197273395,8256.991823442857,0.06726996823766478,6789,33,2015-07-24
7745.739708194963,6631.248838716139,8894.280977296838,0.08038645083503232,7188,33,2015-07-25
10733.82102408163,8954.057897548639,12707.377716689507,0.08063847241189803,9866,33,2015-07-27
9222.21923089033,8079.337959783506,10696.168836222521,0.07875444929724876,8268,33,2015-07-28
8969.650197691146,7997.203034196051,10954.685046060806,0.08392272495417472,7028,33,2015-07-29
9528.463874020708,8005.2728249627,11534.311136511267,0.09384881057265658,8146,33,2015-07-30
10090.734398513143,8390.539557810549,11880.714066345789,0.09571183857243143,10789,33,2015-07-31
7286.635819523633,6361.904959946684,8370.05431019892,0.07845469869555316,7400,34,2015-06-20
7133.693477427355,6297.060967945336,9033.530339599709,0.10195574276159444,7389,34,2015-06-22
6830.648761717966,6161.855561439028,8177.083986022308,0.08548594138264398,6324,34,2015-06-23
6625.671782411773,5940.808738553603,7728.459181475254,0.066707119836723,6982,34,2015-06-24
6562.677871866688,5858.647398404781,7724.4000391150985,0.06648014429227643,7229,34,2015-06-25
6880.2366316163825,5954.1256842994635,7958.602566573058,0.07356911010676044,6481,34,2015-06-26
7461.878297635124,6298.9857288319245,9303.010391093701,0.09498652498403656,7280,34,2015-06-27
10628.599183437944,9190.85776158057,13023.059817635747,0.09266313167613388,12108,34,2015-06-29
9900.748348918465,7943.93228910956,12299.98373947503,0.11635853002785908,11748,34,2015-06-30
8712.41356960462,7517.621896116505,10429.657680090992,0.08659737343586767,9822,34,2015-07-01
8612.500548052736,7506.137613778129,10429.657680090992,0.08785668032404252,9879,34,2015-07-02
8552.168893905462,7491.212146931243,9934.019441776154,0.07355693876670164,8951,34,2015-07-03
7417.678937278237,6449.0417184189055,10055.76237033788,0.10207207235469946,7511,34,2015-07-04
7278.701136929014,6309.15686984603,10708.7048509965,0.126368415866023,8650,34,2015-07-06
6795.070195535176,6056.890709843826,8430.383500582377,0.08227052503254814,7832,34,2015-07-07
6563.817157375797,5973.120990922865,7647.376575455936,0.061487051834456595,7592,34,2015-07-08
6500.149334722557,5968.930712969335,7218.192242574418,0.05661865454714301,7606,34,2015-07-09
6807.15703172384,6033.026752349226,7935.660751931058,0.06503500710513734,7179,34,2015-07-10
7125.3196350249855,6137.937219024419,8185.946195326466,0.07699050378706339,8079,34,2015-07-11
10096.310759726617,8160.132068538477,11477.093381742756,0.08500356594204642,11688,34,2015-07-13
8609.289017969493,7543.203646065775,9718.659331252346,0.06142509913522935,9846,34,2015-07-14
8145.633920504631,7431.683215440264,8935.182495670202,0.05438694207952973,9781,34,2015-07-15
8081.31544082506,7327.576626428541,8838.418280966862,0.051324412801128275,8960,34,2015-07-16
8177.762078628069,7457.747184806516,8908.968847299886,0.04760573716075615,8251,34,2015-07-17
7077.6853961548695,6150.112142792435,8185.946195326466,0.07827293791974713,8135,34,2015-07-18
6857.44234838641,6138.126097706958,8144.473749151471,0.07987077948248439,8104,34,2015-07-20
6605.22928664237,5966.537228183848,7918.619944688078,0.06573520465931076,6427,34,2015-07-21
6459.589913085007,5808.112473412055,7721.3998128794265,0.06325840397558845,6209,34,2015-07-22
6422.314088304704,5808.112473412055,7549.358446563613,0.062060461661544816,6713,34,2015-07-23
6713.873348644321,5940.808738553603,7749.900841340353,0.06795116776585401,6262,34,2015-07-24
7031.862780686382,5966.428726256279,8185.946195326466,0.08153659371587818,7089,34,2015-07-25
9973.186084519457,7820.772868778061,11543.451999833416,0.09263382716102898,10274,34,2015-07-27
8724.541673403048,7530.421609541092,10233.863339117022,0.08010512373285089,9169,34,2015-07-28
8481.131838545023,7169.092965531097,10200.185819698214,0.09396227285518138,8658,34,2015-07-29
9063.147359656603,7777.986691118522,10715.416919490252,0.10100703855103314,8443,34,2015-07-30
9395.092140726347,7811.216851451136,11111.260636071009,0.10271505910511833,11144,34,2015-07-31
7740.43592608808,6688.611903098787,9372.43369979576,0.0831285896101855,8387,35,2015-06-20
7987.518696009002,6956.704384127622,10375.398288314549,0.10284425106902291,9750,35,2015-06-22
7770.533834073054,6774.902800452266,9503.256125614447,0.09355120112860181,8659,35,2015-06-23
7552.545836236728,6584.421500856022,8897.589772780197,0.08085240070053705,8803,35,2015-06-24
7649.166063708988,6719.253158547081,8919.42331493293,0.07530319655944506,9504,35,2015-06-25
8157.270137583276,7119.045806144393,9652.1517831298,0.08413260532803389,10492,35,2015-06-26
7898.772878886525,6741.906850737829,9632.004784748722,0.09710031512071127,9169,35,2015-06-27
15125.523597984346,12444.235050478559,18711.724074564645,0.10159990549139072,21370,35,2015-06-29
12494.693378438536,10119.144884611553,16631.733167523424,0.13751476747086136,21331,35,2015-06-30
10929.105086519834,9570.352622332184,13222.426007439839,0.08399087903635018,11007,35,2015-07-01
10860.20820441753,9666.468039768359,13012.97621661907,0.07772656535699939,12373,35,2015-07-02
11034.595619408532,10080.461319970225,13042.458899971729,0.07233898800063171,13950,35,2015-07-03
7841.25374347971,6700.734499037099,10233.087170454457,0.10684543743940543,8089,35,2015-07-04
8327.059973087802,6868.608231357318,13532.373588266724,0.1661370669059921,10894,35,2015-07-06
7924.321309545277,6782.847256968764,10968.796402230413,0.11866762555094888,8801,35,2015-07-07
7532.462317468365,6657.824795681229,9356.41878788472,0.08452851910341386,9574,35,2015-07-08
7544.847896861665,6717.641419530802,8842.598283495494,0.07204473016563796,9876,35,2015-07-09
8040.681543506065,7182.270523445307,9967.029312324896,0.08389069633262158,11506,35,2015-07-10
7574.1463703309255,6532.355057581982,8967.135051061532,0.07639439160795941,7798,35,2015-07-11
14137.01446476001,11113.812244610119,16394.84501329142,0.09488006321860226,17229,35,2015-07-13
10989.495627620998,9322.788344985358,12409.06836851341,0.06884027557235316,13423,35,2015-07-14
10293.97091729292,9269.40363527983,11520.554698804075,0.058872279538486914,11418,35,2015-07-15
10295.332981926218,9269.40363527983,11520.554698804075,0.05797972058061245,12700,35,2015-07-16
10550.561892063455,9322.788344985358,11771.192774527211,0.05815040500245506,11195,35,2015-07-17
7544.2564179553665,6532.355057581982,9159.197733282084,0.07946537601705081,9339,35,2015-07-18
7849.908182345263,6890.842843223735,11421.313182604867,0.11727206377551512,8752,35,2015-07-20
7597.004373214193,6782.847256968764,9575.437586914984,0.09157330874459878,7833,35,2015-07-21
7365.995681737904,6582.472603148919,8718.884646410752,0.07174737722501193,8181,35,2015-07-22
7438.518227274592,6604.694883543225,8898.711307708041,0.0719848692645538,7779,35,2015-07-23
7906.837898953914,6985.259693922502,9270.956632817253,0.07877279041294712,8602,35,2015-07-24
7473.22343959057,6301.181290163755,9233.013149950364,0.08603261515542039,6557,35,2015-07-25
13873.373368740431,11172.36442432715,16394.84501329142,0.10395939205504764,13740,35,2015-07-27
11093.307049442514,9587.007309285447,12454.478259335725,0.07002309730590135,10877,35,2015-07-28
10856.411444113424,9311.309627915056,13790.396072953205,0.09636744081324568,10634,35,2015-07-29
11327.205956653232,9904.677408012318,14032.344008472044,0.1018344271914419,11088,35,2015-07-30
11983.267648046,10178.21171884527,15045.981539809025,0.11063771971056259,12412,35,2015-07-31
9120.469761374907,7861.605393476401,10524.371072175902,0.08183043159507142,9916,36,2015-06-20
8325.476610652478,7289.092050070146,10093.66119187907,0.0819603343592092,9140,36,2015-06-22
7907.5806855390665,7016.405310230509,9368.756735330706,0.07470515387298404,8768,36,2015-06-23
7872.8742792395815,7059.269502255103,9228.60567739544,0.06363025683734493,8241,36,2015-06-24
7835.456551489604,6994.293725461101,9228.60567739544,0.06542080209157196,8452,36,2015-06-25
8244.320870350843,7243.536980915133,9481.4014734428,0.07204566033640611,7900,36,2015-06-26
9251.52361960391,7867.110719209517,11624.757088896687,0.09349061608133502,10581,36,2015-06-27
11711.377188680633,9497.668660487436,16001.397069308767,0.1249995027949162,12727,36,2015-06-29
10934.967295007951,8840.26993017592,14379.037797873692,0.13165939068537427,12651,36,2015-06-30
10085.8734304554,8490.930448529152,12328.076281664471,0.09519686628766902,10145,36,2015-07-01
10001.23687171233,8389.582355291805,12163.784042266454,0.0922539342046479,9476,36,2015-07-02
10123.077405469656,8440.054140737366,11982.767544256752,0.07954279596685906,9388,36,2015-07-03
9232.224903894166,7712.614864760081,11512.021871577754,0.10227750146733186,9217,36,2015-07-04
8964.598558296399,7084.69467731896,11858.884345804549,0.14613198192193141,9741,36,2015-07-06
8252.124936602137,6791.567896427755,10628.034992228588,0.12019094333014396,8931,36,2015-07-07
8042.188249120054,6754.099644533742,10036.342580319626,0.10197728226907195,8021,36,2015-07-08
7902.99939889505,6753.49112256775,9890.312582225702,0.09591309937227487,8055,36,2015-07-09
8355.5903728355,7226.33229338097,10158.954368933908,0.09520838887100018,8277,36,2015-07-10
9005.061551720768,7723.99056894857,10822.419145521206,0.08876164151113786,9817,36,2015-07-11
11036.67333729091,8946.913914149685,12510.69320437934,0.08721704532845997,12377,36,2015-07-13
9782.328073242339,8281.119265340933,11208.506282994971,0.07664008946793632,10831,36,2015-07-14
9510.104188147108,8127.329348047726,10530.549587336176,0.0677422182250172,11512,36,2015-07-15
9488.931354683715,8127.329348047726,10530.549587336176,0.07293881174718762,9954,36,2015-07-16
9723.375748019786,8725.564924484828,10911.676011426069,0.05934293043553305,9388,36,2015-07-17
8980.65490064969,7635.681420365758,10740.44853729925,0.09087977595394608,10169,36,2015-07-18
8561.360276094845,7045.592309658887,11311.145989408576,0.13352152274115328,11433,36,2015-07-20
7986.925307278469,6626.542714119319,10200.330341674151,0.10843547497273252,9232,36,2015-07-21
7892.182863814414,6738.4755515243605,10138.383930338628,0.09890757668597373,9981,36,2015-07-22
7801.442705332531,6731.841164003245,9739.09856427917,0.09667202487202069,9949,36,2015-07-23
8234.831217678035,7097.750150140261,10188.347747291007,0.09684960905970709,9825,36,2015-07-24
8932.65146085694,7635.248932803515,10621.54565048592,0.09199917659793767,10830,36,2015-07-25
10873.13017161732,8172.557330354556,12320.425078662529,0.09833144403139638,12582,36,2015-07-27
10023.395284039445,8376.819347408986,12155.287622453534,0.08873456928574962,10846,36,2015-07-28
9988.318586286436,8376.819347408986,12430.539680894659,0.0978043955188397,11962,36,2015-07-29
10393.895751176044,8511.36206428311,12879.624954182798,0.10715522495502122,11955,36,2015-07-30
10980.02324487125,8854.091023931302,12941.884634636403,0.11152377431334505,12422,36,2015-07-31
7026.497731421728,5449.647608675506,8348.909405639039,0.10999602407669845,7066,37,2015-06-20
5985.755318991128,5030.582158638119,7256.529404318508,0.09005966384436537,5061,37,2015-06-22
5390.743057516026,4568.2228486392705,6612.065278009441,0.09764654629846281,4368,37,2015-06-23
5422.099309422407,4542.902124190232,6372.394629492475,0.08942026182879106,4191,37,2015-06-24
5749.45631575336,4864.009211445987,6798.441629062939,0.07772321267679731,4315,37,2015-06-25
6195.152551859288,5565.595871182746,7097.5222248589225,0.06616684220397558,5322,37,2015-06-26
7063.647279167262,5438.022162430715,8457.918355499423,0.11752725478198726,7619,37,2015-06-27
9121.644603230268,7644.125627889399,11581.099523758525,0.10183888411670963,9069,37,2015-06-29
8338.350284276432,6729.58485064284,11230.168924039037,0.12823454601290513,8478,37,2015-06-30
7862.810624414507,6702.047384686137,10212.084268284765,0.10269647351286025,6907,37,2015-07-01
8182.19022164344,7343.925808575969,10122.489695895565,0.08325786499455691,7953,37,2015-07-02
8297.273563462717,7280.9907548340325,10237.634266937068,0.0877513063074635,7024,37,2015-07-03
7377.031148225353,5818.369537666913,9769.667113009744,0.11962973751285313,5594,37,2015-07-04
6373.118122402478,5502.925774314994,8143.603666679838,0.1048682694155724,5393,37,2015-07-06
5752.350765036622,4677.982646398264,7303.926367714251,0.10852206114564045,4782,37,2015-07-07
5692.211551302726,4795.0083514295175,6968.539031734572,0.09052433453757151,5547,37,2015-07-08
5940.440713447418,5286.155341126422,6965.871737069974,0.07043996866276664,6247,37,2015-07-09
6411.513607157283,5714.398634184197,7492.585011634505,0.07059557707498527,6337,37,2015-07-10
7078.616048300188,5565.320706863227,8371.375900418132,0.10930913156707314,7293,37,2015-07-11
8807.98561100462,7312.2914124602885,10247.612810152412,0.0891491601462454,9105,37,2015-07-13
7453.820675772765,6447.839711529404,8487.201535694145,0.0732604435944649,7779,37,2015-07-14
7209.9328043050145,6031.049296627038,8195.261959022891,0.07097831148295815,7088,37,2015-07-15
7506.508816096924,6768.547482769405,8208.51118935928,0.05492191784070828,7506,37,2015-07-16
7825.956328365542,6943.870729989578,8565.543585253783,0.055270112201787965,7645,37,2015-07-17
7050.559971768625,5565.320706863227,8371.375900418132,0.11083656735654944,7017,37,2015-07-18
6167.376208014078,5327.842555219232,7821.546925538648,0.09536402476835328,5804,37,2015-07-20
5556.083627807562,4642.359810582655,6713.036004654455,0.09721181705325325,5149,37,2015-07-21
5569.309507477755,4688.55824172567,6542.649293860201,0.08091562194082719,4802,37,2015-07-22
5876.335032133272,5236.254249794162,7121.009061736145,0.0738093942280733,5196,37,2015-07-23
6336.7028853466245,5652.276608795104,7434.760078451845,0.06878563212266857,5547,37,2015-07-24
7021.193959083775,5438.853686297412,8342.77519584797,0.1145462182893646,6547,37,2015-07-25
8694.554891056492,6756.22423462498,10630.033025877385,0.10592722348253675,9573,37,2015-07-27
7689.9540157174815,6548.564204487785,9189.666722838781,0.09248268465046444,7976,37,2015-07-28
7699.242185939409,6555.408235383256,9707.23151871993,0.09895435663930552,7442,37,2015-07-29
8386.664147446769,7168.953542145659,10300.616547588863,0.0926073822979594,7771,37,2015-07-30
9009.237275169307,7514.539889601843,10549.699712271404,0.10190104476274682,9091,37,2015-07-31
5777.371482727952,4756.832060295572,6729.043155860187,0.09353926626983916,7041,38,2015-06-20
5057.336006428549,4230.503524881729,6112.8245380164935,0.11069713818101991,4676,38,2015-06-22
4698.4725566452535,4118.122961239723,5633.230690604535,0.08148467488497599,4229,38,2015-06-23
4603.761371028094,3972.252858636145,5316.822715949832,0.07818259353334463,4731,38,2015-06-24
4594.743613023301,3952.256257633084,5316.822715949832,0.08255317772502882,4663,38,2015-06-25
4884.032968246967,4218.711759042959,5877.1824259368495,0.08917855694193096,5070,38,2015-06-26
5889.420480408403,4808.128969413807,7157.950456179877,0.10406730549647134,6595,38,2015-06-27
9092.582620929574,6989.498686964622,11440.860999215969,0.1133820755584678,11180,38,2015-06-29
7527.576424767364,6179.227495285017,9645.262130871668,0.12210203397729578,8440,38,2015-06-30
6842.853600102076,6080.814038010605,8093.508618521442,0.07858426961887774,7684,38,2015-07-01
6741.565065641804,5983.374352908454,7941.309010430941,0.08120274832851476,6007,38,2015-07-02
6818.77990983485,6071.692320492307,8029.139666940688,0.07752996883706907,5701,38,2015-07-03
5902.095531665203,4835.594984469018,8240.0509264037,0.1507263123318017,6061,38,2015-07-04
5215.12334532906,4292.068859045491,8574.500354975025,0.14554212198953295,5469,38,2015-07-06
4848.77234854372,4197.6391168226255,6488.11220884041,0.10734440065236293,4346,38,2015-07-07
4650.320277595773,3970.7898011055117,5348.676057769296,0.07894226549794746,4668,38,2015-07-08
4620.408524629119,3928.2927513337913,5291.693969938622,0.08237698540386645,4707,38,2015-07-09
4900.562580669567,4214.033343439116,5881.0789778538465,0.08954249313364919,4552,38,2015-07-10
5746.545211493072,4811.986454535099,6778.86053891687,0.09616255289197705,6272,38,2015-07-11
8825.467412261003,7205.6278391653395,10055.39847422537,0.07790014221539127,11101,38,2015-07-13
6689.12986858154,5959.772496224456,7926.684318077673,0.06755413715548131,7336,38,2015-07-14
6398.847727607449,5869.4327618041225,7195.67191458584,0.05099697798499589,6837,38,2015-07-15
6324.115292708051,5629.79949945774,6888.204304625276,0.060035060256574894,5532,38,2015-07-16
6468.473766740873,5946.450468418529,7247.00645291366,0.05066126067515884,6043,38,2015-07-17
5724.154778579724,4811.986454535099,6729.043155860187,0.09749688155858745,6351,38,2015-07-18
5042.411144146564,4230.503524881729,6112.8245380164935,0.11016415141112587,5221,38,2015-07-20
4694.680874543353,4118.122961239723,5633.230690604535,0.08129056225819313,4198,38,2015-07-21
4595.021012604976,3968.304285448451,5316.822715949832,0.07826370319889153,4139,38,2015-07-22
4586.896752881355,3952.256257633084,5316.822715949832,0.08304185656926694,4232,38,2015-07-23
4871.4365998509265,4165.891306795516,5881.0789778538465,0.09263800786138544,4366,38,2015-07-24
5713.033766890495,4811.986454535099,6729.043155860187,0.09739316783916319,5559,38,2015-07-25
8570.809515273006,7052.965426545928,9868.06015463573,0.08342886984756973,8759,38,2015-07-27
6959.832393557984,6149.134651709363,8393.60353681872,0.08852088836917298,6650,38,2015-07-28
6784.162765101838,5794.543499573664,8313.10368128211,0.09530189154432593,6595,38,2015-07-29
7086.810315775369,5832.94881574072,8589.519381422893,0.1066593036889484,6591,38,2015-07-30
7512.258164243923,6248.339601496281,8926.088065582258,0.10045534732418929,7434,38,2015-07-31
2843.7381267224614,2472.76716261618,3476.484858144227,0.08729555582020476,2753,39,2015-06-20
4090.5361023299706,3484.422604476197,5586.654227893038,0.11904299602521524,3794,39,2015-06-22
3952.508918910511,3458.547080982599,4688.164530279531,0.07588749936684207,3573,39,2015-06-23
3912.648342705505,3458.547080982599,4564.745013964521,0.07365112249521004,3813,39,2015-06-24
3840.166469520042,3430.424009141141,4403.743243828993,0.06716414919515924,4186,39,2015-06-25
3835.325913152056,3376.0151258176684,4517.926706051797,0.07326798897478527,3676,39,2015-06-26
2890.6131091319376,2502.8213601172483,3591.980853995739,0.09361780715931153,2477,39,2015-06-27
7955.627240943964,6288.875215520481,10210.691139440241,0.12565737707639527,8158,39,2015-06-29
6597.336075251743,4910.848344263515,8405.187202094477,0.13051829435827508,8047,39,2015-06-30
5834.027397254304,5196.424559494968,6733.07309545917,0.07294257761503845,6567,39,2015-07-01
5635.400912401086,4994.537468704484,6733.07309545917,0.07659754733138167,5596,39,2015-07-02
5547.5917063295,4845.232667713615,6464.737095378865,0.07789199409817923,5371,39,2015-07-03
2948.037961857019,2595.558064687998,3634.1757081940927,0.10619509639810977,3203,39,2015-07-04
4237.358297660162,3499.8063923952222,6553.08875745624,0.15183000148743253,4779,39,2015-07-06
4117.222690275529,3518.6574295522573,5478.256037824476,0.11081549805608887,4084,39,2015-07-07
3973.070463759493,3504.6395603389255,4815.240147041157,0.08146901623882888,4343,39,2015-07-08
3877.252902554251,3349.2387522897225,4455.698590168738,0.07683024161270043,3894,39,2015-07-09
3902.1347825482235,3396.6623765207255,4846.387990573135,0.08509270020288238,3620,39,2015-07-10
2855.9144273120373,2502.8213601172483,3396.7046777128303,0.08374982910864738,2527,39,2015-07-11
7679.790767673341,5666.19292653294,8886.066912440163,0.10612699198592015,6723,39,2015-07-13
5908.524368311279,4888.493579537127,6871.3036135986595,0.07976000742585439,6295,39,2015-07-14
5496.757563520154,4796.237586688386,6220.972090104882,0.06987777385992248,5729,39,2015-07-15
5284.665059480416,4741.44347593879,6026.666262865982,0.06629506990245583,5557,39,2015-07-16
5261.989298455082,4640.046086714627,6026.666262865982,0.068580924251374,4268,39,2015-07-17
2847.217258935084,2502.8213601172483,3366.4059010311744,0.08262086724819459,2419,39,2015-07-18
4147.072180864553,3477.0463985425627,6310.626148788855,0.13928675779761054,4483,39,2015-07-20
3973.2391176314695,3448.9720996673045,4745.78164374231,0.08280436828333433,3855,39,2015-07-21
3914.0304606018476,3448.9720996673045,4481.986582906137,0.07238051264472174,3817,39,2015-07-22
3846.008197135698,3403.1256974785833,4403.743243828993,0.06575180824616626,3802,39,2015-07-23
3856.608903861981,3376.0151258176684,4551.976223466748,0.07775998249752784,3448,39,2015-07-24
2845.9342131722874,2472.76716261618,3366.4059010311744,0.08432198745743708,2022,39,2015-07-25
7530.253619419188,5666.19292653294,8702.592729531358,0.11047839497038382,7084,39,2015-07-27
5971.633605772913,4790.387038687914,7173.384346563373,0.09532431575112456,6145,39,2015-07-28
5740.387483475123,4802.957153435928,7011.0315967814495,0.09738574877568168,5617,39,2015-07-29
5945.665508585671,4802.957153435928,7491.3478228248505,0.11950011584058089,5734,39,2015-07-30
6065.166949414618,4804.691190450409,7624.464689624622,0.13050935104078976,8336,39,2015-07-31
4862.718131134939,3948.982548771014,5652.913671891416,0.10354786120527897,4532,40,2015-06-20
4158.303994438239,3755.417948849135,4875.876943262568,0.07287543685483254,3183,40,2015-06-22
4074.010624858516,3599.259053872,4765.958539165187,0.07254510697659264,3798,40,2015-06-23
3921.6073628095983,3530.358300061134,4430.813253989468,0.06289731102036328,3506,40,2015-06-24
3985.7445907063056,3631.142229093973,4436.623920947373,0.060389568641056456,3583,40,2015-06-25
4055.44386016136,3651.559155492689,4711.68442322072,0.07055135704258221,3741,40,2015-06-26
4913.738819427721,3977.7216119677432,5960.556746419046,0.10518868988337265,4689,40,2015-06-27
6056.6751584423455,4916.625844373453,8048.291832282495,0.12258404806023941,4853,40,2015-06-29
5959.730927376433,4714.947230993306,7791.937316395765,0.13621582618697442,5251,40,2015-06-30
5436.8967106521095,4772.866354700794,6965.342546876369,0.10651428172771601,4789,40,2015-07-01
5552.542404286703,4842.824074686137,6965.342546876369,0.10021491156126308,4413,40,2015-07-02
5425.475422670837,4749.363067846533,6722.7696619524095,0.09701724441462875,4038,40,2015-07-03
5191.128055842782,4272.068207864381,6351.339719053554,0.10890863467654835,3634,40,2015-07-04
4542.612852880968,3871.647625875755,6182.523027709805,0.10999019981048694,3747,40,2015-07-06
4367.097040202908,3683.62228302517,5421.63522690234,0.09814566501950911,3496,40,2015-07-07
4090.864266402459,3510.4838051726624,4709.918664230859,0.08182682484620832,3678,40,2015-07-08
4169.191103150996,3682.881821319149,4743.116301169086,0.07793268633461357,3873,40,2015-07-09
4256.634756890778,3718.336300915482,4864.332750518474,0.07666821174479584,3286,40,2015-07-10
5010.476997834452,4120.635234862752,5834.066881391377,0.09735048532684752,4951,40,2015-07-11
5968.367480139923,5015.590089962384,7119.965571234134,0.08735949701701397,4584,40,2015-07-13
5567.964160158174,4747.180157032191,6475.633910024043,0.0725043549502454,5667,40,2015-07-14
5095.139681457843,4449.0259588731205,5959.523845298607,0.07335901292021921,4609,40,2015-07-15
5199.208794554268,4557.206504121227,6023.393238387177,0.06986438786118512,4707,40,2015-07-16
5168.269546058007,4456.909223169799,5987.034028967214,0.07087335886519865,4772,40,2015-07-17
5002.866547035232,4170.713633735127,5834.066881391377,0.09585538605173118,4579,40,2015-07-18
4393.181478260239,3771.3655268563325,5966.604520617278,0.09747597882543942,4554,40,2015-07-20
4233.6230940398955,3651.2951334397367,5184.019925216632,0.08369220120200553,5224,40,2015-07-21
4052.491273587381,3592.939047795053,4709.918664230859,0.07931085122284688,3982,40,2015-07-22
4140.102864101337,3678.056721158239,4742.040576771947,0.07587904180925115,4027,40,2015-07-23
4238.988539190927,3716.016342303055,4864.332750518474,0.07749477118468295,3941,40,2015-07-24
4989.17120145081,4023.9057764519175,5869.458467010906,0.09824081720873266,3496,40,2015-07-25
5924.529689294089,4942.003862549506,7070.102536932871,0.08589213337077588,5282,40,2015-07-27
5713.25165820607,4798.600355891031,6702.601801241298,0.08807091328556214,5387,40,2015-07-28
5343.559173586349,4572.931595462309,6507.0170899947225,0.09769106521060394,5004,40,2015-07-29
5828.7242774731985,4789.499334355733,7542.118659018931,0.11049369302563539,5191,40,2015-07-30
5912.843854427039,4762.546590743235,7762.615277377327,0.12491497925428835,5464,40,2015-07-31
5131.494153301295,4413.104450168552,6116.341973611901,0.08661501406890663,6457,41,2015-06-20
4462.433454249653,3979.979909815006,5436.023146244904,0.07908787463812425,5190,41,2015-06-22
4223.390936489309,3678.0076847685395,5403.466697129975,0.09102857534766193,4926,41,2015-06-23
4259.875219082039,3705.8636741830437,5213.105527975244,0.08509362716585848,4579,41,2015-06-24
4282.936246668339,3768.1051269347104,5213.105527975244,0.08123942480889688,4505,41,2015-06-25
4691.872981488864,4117.152038171268,5885.887787215918,0.08548843538778875,5559,41,2015-06-26
5244.176918965784,4416.909547266803,6214.055662504279,0.08950116462973275,6335,41,2015-06-27
7493.170481534488,6080.734759065561,9824.773332980827,0.12399590038852876,8013,41,2015-06-29
6496.383447060915,4896.7675959667995,8816.028991370142,0.147902229327078,8145,41,2015-06-30
5536.913494631525,4846.2547053315075,6407.040995266107,0.08311036772053279,5408,41,2015-07-01
5512.871986383948,4800.960892264442,6386.771731223886,0.08181279188642171,5219,41,2015-07-02
5660.30274483933,4932.046424123009,6419.314326759789,0.08109933815628974,6289,41,2015-07-03
5036.350340508521,4135.529925653501,6270.500987080345,0.11105181481345852,5994,41,2015-07-04
4622.048954644433,3683.3343988884662,6919.525667478967,0.1652675131100138,5035,41,2015-07-06
4211.441325726859,3472.576116872427,5716.835409252373,0.13215947298317993,3728,41,2015-07-07
4221.374244579222,3429.849889874763,5454.040793581453,0.11985152350530671,3936,41,2015-07-08
4210.0201325810585,3437.9645153467886,5438.952584619464,0.1151657358618546,5512,41,2015-07-09
4565.167283651652,3772.9530376100493,5624.4356901861875,0.09928606941776381,5146,41,2015-07-10
4875.570265037046,4135.663544980701,6012.4600602587,0.09497392039107364,5312,41,2015-07-11
6840.383859805026,5418.363559032479,7793.897390582638,0.09652672476812564,7029,41,2015-07-13
5366.477830471788,4559.953838979528,6052.474332892856,0.07747307111550461,6055,41,2015-07-14
5301.796610034844,4708.509186197997,5935.607581683237,0.06342104795601736,6267,41,2015-07-15
5324.970613235039,4652.25430729264,5964.9189561808125,0.06664747809479436,5209,41,2015-07-16
5532.417854365487,4694.185482770694,6393.046789516848,0.07520401153340409,5973,41,2015-07-17
4858.655094053904,4135.663544980701,6012.4600602587,0.09494800294789155,4990,41,2015-07-18
4357.322725607094,3606.2670224311346,6480.597093095825,0.1356338946826991,5019,41,2015-07-20
4046.739764350425,3482.979262430481,5216.05949728005,0.10508505088737943,5043,41,2015-07-21
4110.458814280164,3509.8902987273877,5245.201312434699,0.10314577386734937,4125,41,2015-07-22
4140.243244407532,3573.1102894372852,5290.651956734234,0.10224890831847205,5578,41,2015-07-23
4527.279881941884,3770.253727340845,5504.806019345712,0.09479911826470848,6038,41,2015-07-24
4831.711649143284,4099.375064081616,5967.554187500889,0.09245798761336725,6217,41,2015-07-25
6644.155508636759,5241.449108415988,7747.2870798395825,0.10414288430815469,7295,41,2015-07-27
5548.3674920461235,4366.9633449156645,7008.645376740784,0.10231334942097423,5600,41,2015-07-28
5519.4099461834585,4740.927324562218,7008.645376740784,0.0934913539493647,5673,41,2015-07-29
5885.675250433138,4740.927324562218,7123.532931665244,0.1085850014119803,6311,41,2015-07-30
6162.53491454939,5022.65677503646,7513.405406399718,0.11071587689342643,6938,41,2015-07-31
8234.409876333217,7374.2173957781115,9223.18596788615,0.057838179392783906,8482,42,2015-06-20
8574.176426882725,7629.015061695783,10778.87263756334,0.07962064677598847,8284,42,2015-06-22
8370.018043493226,7577.133173814878,9622.332534495014,0.06313565676753505,8742,42,2015-06-23
8419.826132584325,7684.23995622169,9622.332534495014,0.060423822720808075,10302,42,2015-06-24
8204.452803783164,7464.062323848109,9066.33390343109,0.046243062197675676,8922,42,2015-06-25
8545.429501639905,7767.1275298819255,9758.47732051561,0.06399729348380498,9037,42,2015-06-26
8464.93869946314,7551.27368513497,10009.657006802772,0.08052430183375979,8626,42,2015-06-27
14146.57846208569,11950.19689986511,17386.964086867818,0.09707267480448996,18911,42,2015-06-29
12888.16483650753,10459.81007925524,16158.790623875242,0.1256835346880951,18426,42,2015-06-30
11537.855974359687,10150.966088435365,14108.879987164664,0.07840938156383083,11403,42,2015-07-01
11133.296524101934,10057.017797358007,13187.077216903503,0.0785155102012067,10296,42,2015-07-02
11145.182712083526,10098.594391312945,13159.380712981245,0.07179347536138082,9872,42,2015-07-03
8311.94127603646,7052.184024732856,9952.172086581946,0.09656089942319035,6597,42,2015-07-04
9122.1006415394,7694.469157383851,13924.960481532866,0.16275289681145594,10124,42,2015-07-06
8633.872460901732,7399.545167385393,11286.876279319853,0.1159020547531912,8473,42,2015-07-07
8453.448823408906,7514.5482514086025,10323.41329495765,0.08601975040618846,9983,42,2015-07-08
8226.96736273896,7240.3049799646415,9972.186901033503,0.07470747590520399,8626,42,2015-07-09
8493.496616817822,7467.815806653845,10145.293221426173,0.08389271957307846,8564,42,2015-07-10
8093.37847730379,7045.247754404987,9207.630585600882,0.07149989730034838,6907,42,2015-07-11
13365.28935103096,10898.8828476708,14950.854495385049,0.07860596916061965,14576,42,2015-07-13
11308.17114789938,9547.256592440614,13093.126083739679,0.07745788259248008,11118,42,2015-07-14
10899.462841110391,9471.879681469458,12309.553316364372,0.07037760330181418,11779,42,2015-07-15
10478.411439798443,9090.788641060644,11638.927067041534,0.06173235685090352,11043,42,2015-07-16
10562.376189956636,9280.260436155282,11652.007070758566,0.05815998393446179,9212,42,2015-07-17
8059.559396585476,6737.811576650237,9207.630585600882,0.07569411538412767,7498,42,2015-07-18
8537.598372937633,7269.539952312238,11579.950202925225,0.11269225025366145,8781,42,2015-07-20
8259.374077227241,7261.596923019697,10043.789562823147,0.07865201170523825,8334,42,2015-07-21
8329.86383718366,7269.539952312238,10005.14247152599,0.07822792534145932,9065,42,2015-07-22
8115.3614869204275,7218.6492709139775,9870.247189933383,0.07057262488572157,8036,42,2015-07-23
8414.351859558194,7266.716141839072,10018.79751947862,0.0763669802218473,8577,42,2015-07-24
7995.14887792525,6670.284376298735,9207.630585600882,0.07770589904411604,6044,42,2015-07-25
13188.193668538737,10654.71268744997,15007.130220902533,0.08806488821656899,12420,42,2015-07-27
11457.278483186965,9928.52783659747,13840.794373646928,0.07517512875594666,10896,42,2015-07-28
11257.289454636082,9831.810780708976,14108.879987164664,0.08164157260242044,10932,42,2015-07-29
11368.54127031377,9859.432666362576,14302.826767227049,0.10007688712852973,10853,42,2015-07-30
11962.677611620575,10114.06391713097,15207.436736096297,0.1211616584219172,11946,42,2015-07-31
4714.552808367665,4047.808754171027,5863.331360636825,0.10111436012546643,4560,43,2015-06-20
5782.733813479274,5213.824671175505,6777.58399922818,0.0831491120044846,5993,43,2015-06-22
5673.540079777348,5180.926920629379,6742.284401375808,0.07463658542668192,5903,43,2015-06-23
5549.729239850944,5039.26010075439,6365.984493259163,0.0600085460488399,5836,43,2015-06-24
5554.689198469737,5039.26010075439,6365.984493259163,0.059598305158220184,5643,43,2015-06-25
6048.3912720147755,5372.494887047234,6879.504766655417,0.0740736048733933,5899,43,2015-06-26
4848.324375560047,4097.92250994646,6202.516110963645,0.11850735949511058,4756,43,2015-06-27
10488.89780743728,8827.743887550665,13482.825418231721,0.1184424815512793,11757,43,2015-06-29
9309.200404229947,7458.063396884014,13047.261381570024,0.14942632760699645,11159,43,2015-06-30
7939.836320209073,7207.235613600976,9309.680288152664,0.06735491618205879,6547,43,2015-07-01
7919.446439394224,7096.700068941699,9292.322086727449,0.06736292317251841,6796,43,2015-07-02
8130.733957548334,7362.041708141471,9748.581044536473,0.06441367021809055,7429,43,2015-07-03
4873.908014047316,4156.101436957139,6606.026970864021,0.12233980273881626,4167,43,2015-07-04
6152.143492237282,5235.28627193126,9735.302208299512,0.15840626310067035,6993,43,2015-07-06
5879.266232898662,5177.141029627416,7812.500250887075,0.11107115954517138,5654,43,2015-07-07
5638.6090559334625,5090.323037899463,7374.660015381911,0.08528035379420526,5455,43,2015-07-08
5607.589369324191,5090.323037899463,6805.348338786245,0.07291759669328209,5115,43,2015-07-09
5995.001677149288,5284.085492233143,7262.138830810961,0.07641888197419856,5421,43,2015-07-10
4706.919207431438,4121.732504266404,5560.501825487449,0.086442127448381,3267,43,2015-07-11
9659.041733293578,7853.459602740422,10792.449138931644,0.07898338337461275,8838,43,2015-07-13
8019.3103168787275,7171.328995851764,8908.903448199544,0.0598976544755949,7600,43,2015-07-14
7508.8213869466235,6844.446870609922,8271.14861169318,0.0538920050296541,7041,43,2015-07-15
7492.093476839094,6844.446870609922,8271.14861169318,0.05498519274603503,6793,43,2015-07-16
7767.200056285923,7066.729632396509,8529.074482792787,0.05021306949332695,6639,43,2015-07-17
4679.315615478976,4085.1309327003546,5560.501825487449,0.08774277600110189,4223,43,2015-07-18
5877.6084240000755,5187.0922243410505,9375.076393091143,0.1371093306210274,6031,43,2015-07-20
5652.64351263011,4948.504752502783,6898.637767721059,0.08440264991478161,5377,43,2015-07-21
5511.082618481805,5005.34737471569,6775.239231012124,0.07177107618351675,4517,43,2015-07-22
5510.618304926622,5005.34737471569,6775.239231012124,0.07156173790853762,4917,43,2015-07-23
5929.237163061102,5214.758132227543,6802.146116001421,0.06899046655316363,5554,43,2015-07-24
4649.334970845299,3947.4471855652796,5541.93499799463,0.09414862185425706,3931,43,2015-07-25
9530.005898711901,7756.446397150661,10774.245608661317,0.09050177995822715,8816,43,2015-07-27
8177.641884105881,7319.085987550917,9727.550556388098,0.07339020714222717,7180,43,2015-07-28
7874.103149034108,6823.3387484153545,9726.864894358798,0.08797033241794568,6960,43,2015-07-29
8305.456760599138,7224.157976335843,10016.223492869594,0.08872735362286747,5982,43,2015-07-30
8739.421845538467,7362.041708141471,10395.787116948184,0.09878510066927515,8096,43,2015-07-31
3654.265328017616,3023.908924182829,4454.030392845062,0.09025757112028018,4108,44,2015-06-20
4627.3593335700625,4099.049175740968,5607.276778076156,0.09114354326972976,4010,44,2015-06-22
4453.884738935455,3989.26614541097,5239.3858107416445,0.06536699643730555,3557,44,2015-06-23
4385.170510335118,3989.26614541097,5151.172797413806,0.06015286204989087,4191,44,2015-06-24
4349.920466077918,3973.2890187027574,4837.169070230714,0.05695810790480529,4389,44,2015-06-25
4587.016193061796,4045.995578521282,5239.959050255349,0.06528492424193352,4595,44,2015-06-26
3741.0258188767357,3121.3797591842276,4578.079383295713,0.1009101003180199,3513,44,2015-06-27
8304.421505098686,7031.6279916953345,10276.843193977034,0.10210723803303143,8698,44,2015-06-29
7073.100611258877,5862.243325199759,8681.933650517178,0.1064420387190574,7837,44,2015-06-30
6356.410262727164,5748.436837301961,7541.8921513492405,0.0738033848055449,6921,44,2015-07-01
6258.499040552622,5693.661086290418,7446.888442720042,0.06740582278228012,6299,44,2015-07-02
6251.431711444579,5710.540805531349,7446.888442720042,0.06634610862494204,6152,44,2015-07-03
3690.5441342745603,3020.7515778817055,4624.061500800697,0.10700888148232136,3490,44,2015-07-04
4800.489219718221,4138.953843809198,7615.865378355331,0.12616424579619806,4845,44,2015-07-06
4554.1644055964025,4008.2853984091166,5777.173299037198,0.08971407380172565,4341,44,2015-07-07
4405.199419291972,3988.2800090542573,4965.638459687891,0.059093637963843294,4533,44,2015-07-08
4400.166599794766,3985.115949869369,5125.593732701938,0.06840686371234755,3852,44,2015-07-09
4587.500597092563,4091.731129319769,5333.077178096059,0.06417755032233809,4939,44,2015-07-10
3629.143409926039,2996.0965657071292,4468.811432380482,0.09833473942460416,2813,44,2015-07-11
7958.171206585964,6521.308312391754,8835.436450896503,0.07565547936957119,8001,44,2015-07-13
6352.102641498044,5572.786150727088,7076.102586794755,0.057928652320063695,6647,44,2015-07-14
5941.734848080603,5396.912047360311,6494.79491555258,0.04857587371194572,6324,44,2015-07-15
5838.713317055798,5306.415079205144,6395.595680808774,0.05026308424195952,5517,44,2015-07-16
5985.691750511533,5398.1077813979555,6546.796857808688,0.051275747130726794,5117,44,2015-07-17
3612.13988465566,2996.0965657071292,4454.030392845062,0.09693356342367354,3289,44,2015-07-18
4605.129179479903,4087.145475603016,5602.041453585919,0.09282634946406818,4915,44,2015-07-20
4433.889616331762,3989.26614541097,5265.70654372377,0.06562079121473166,3869,44,2015-07-21
4362.329296962571,3985.172332856995,5000.673560246394,0.05761500551312622,4166,44,2015-07-22
4335.911658686455,3963.2987949041526,4807.587906781388,0.05615022357782135,4460,44,2015-07-23
4519.362063088379,4038.665789333941,5224.189240079706,0.061381088426229594,4224,44,2015-07-24
3587.030199282334,2940.7479554062375,4434.321193113538,0.09790924750621155,2755,44,2015-07-25
7829.020774414379,6521.308312391754,8852.50615200613,0.07570364414243885,8206,44,2015-07-27
6433.577563374988,5630.683419299699,7538.787338944945,0.07670548546629007,6130,44,2015-07-28
6192.954390752034,5454.687640477039,7557.8615933793335,0.08544943953405144,5649,44,2015-07-29
6495.603563298986,5675.22090877779,7758.175246841145,0.08768898024379689,5159,44,2015-07-30
6799.702985030929,5709.936161408164,8256.364964069386,0.0992788018432941,6670,44,2015-07-31
5247.775106235189,4417.410477909482,6046.929920954442,0.08082431219147744,5313,45,2015-06-20
4498.052468394979,3909.154411641089,5450.236645592509,0.08781841793815556,4043,45,2015-06-22
4146.7191156392455,3632.7768351882787,4904.497598275039,0.08157555813197742,3313,45,2015-06-23
4156.170258586553,3639.6949013804556,4904.497598275039,0.08008576083612043,3624,45,2015-06-24
4307.296837486342,3788.8128996588066,5001.030522659953,0.07483356789955037,4057,45,2015-06-25
4700.98251579419,4095.3601946269473,5445.97785394723,0.07452571864779267,4449,45,2015-06-26
5339.504182741779,4417.410477909482,6477.472820946901,0.08920435932663191,6057,45,2015-06-27
7305.454812687463,6042.836520653445,9491.503285959854,0.10789525911899175,8569,45,2015-06-29
6529.452355630815,5318.781276355431,8261.48726190228,0.12645204114434636,6372,45,2015-06-30
5910.096140982484,5161.704128159614,6940.339683108288,0.07726929647075054,5621,45,2015-07-01
6095.966347809687,5463.174947987405,7260.5256705756065,0.06600080123185079,5464,45,2015-07-02
6148.53380522215,5531.606883965767,7150.050947424016,0.06225909774363885,6517,45,2015-07-03
5427.061335934286,4533.4998059830905,6802.169362431721,0.10647448610720837,5752,45,2015-07-04
4700.596015912696,3948.177993642484,6395.582814472743,0.11764595738998708,4976,45,2015-07-06
4354.247283950964,3680.909227353086,5777.173299037198,0.12073139823346928,4330,45,2015-07-07
4285.774280223647,3708.238839633155,5449.744864633788,0.09274465888943081,4278,45,2015-07-08
4403.563088100902,3809.972622971818,5503.435296436094,0.08424672808632043,4006,45,2015-07-09
4735.351115180499,4207.780362026155,5503.435296436094,0.0717719574186033,4765,45,2015-07-10
5203.372834601348,4409.848791145941,6046.929920954442,0.0779875987386705,5350,45,2015-07-11
6971.457648356193,5710.9567926246145,7814.023461194581,0.08069304515565501,7836,45,2015-07-13
5656.918380098865,5046.576869192722,6358.075560810911,0.06478033232967698,5812,45,2015-07-14
5526.81443679721,4929.531179604557,6151.3339194515265,0.05896148221980739,4743,45,2015-07-15
5699.476129107005,5026.21370596802,6346.354535339555,0.05518732090670408,6589,45,2015-07-16
5869.314654955783,5215.709666225425,6435.894285600003,0.05504078263383211,5420,45,2015-07-17
5192.310337343492,4382.610903809118,6046.929920954442,0.08187117085018125,6496,45,2015-07-18
4479.580274273279,3909.154411641089,5450.236645592509,0.08893785831847593,4571,45,2015-07-20
4143.145327788922,3632.7768351882787,4904.497598275039,0.08155640417057511,4048,45,2015-07-21
4155.944764070397,3655.2602883850536,4904.497598275039,0.07790600610875222,4122,45,2015-07-22
4304.385837660136,3809.972622971818,5048.791079431789,0.07664776055761768,4456,45,2015-07-23
4686.420313835883,4172.282001371802,5414.272662241567,0.07684961630646935,4906,45,2015-07-24
5193.88415444281,4409.848791145941,6046.929920954442,0.08156734288612248,5828,45,2015-07-25
6907.521181377516,5702.3135761665735,7924.729409718861,0.0844607388207253,7450,45,2015-07-27
5895.481699177731,5031.326794307963,7079.014982645784,0.09457055249533086,5504,45,2015-07-28
5813.913623242401,4961.626552881886,7010.639120707771,0.09491229590214285,5341,45,2015-07-29
6323.87117941472,5454.113126957083,7665.262995425733,0.08272446444876516,6063,45,2015-07-30
6667.299706811646,5550.305936906071,7875.089321938214,0.09447650399288071,6301,45,2015-07-31
4762.734033821161,4051.3834835093903,5348.513472909769,0.0735803622592388,4812,46,2015-06-20
4481.509370499599,3984.123895186912,5602.041453585919,0.09351056958110902,3792,46,2015-06-22
4229.024824241928,3714.9393679452146,4803.865658300057,0.06727020081583755,4160,46,2015-06-23
4095.4026490248234,3607.214525241375,4803.865658300057,0.07679546235657375,3469,46,2015-06-24
4106.366693562946,3636.6025231787758,4809.130199382892,0.07572947973172045,4319,46,2015-06-25
4499.987256541022,4040.070796912627,5212.118378996148,0.0666681964468764,4618,46,2015-06-26
4873.318985912515,4111.185202548403,5733.667954346707,0.08407886964255824,5743,46,2015-06-27
8293.269404307137,6832.159228693585,11788.57127335704,0.13665989742566761,8621,46,2015-06-29
6909.457080661447,5687.119407514095,9084.101788170065,0.13267878339501477,8502,46,2015-06-30
5971.456215382431,5310.152842621073,7156.212725367826,0.0735636453349842,4733,46,2015-07-01
5945.0731015514275,5310.152842621073,6984.705870028117,0.06929380748879226,4644,46,2015-07-02
6052.063259750247,5515.905479601483,6834.865154185646,0.05914378360435085,5239,46,2015-07-03
4831.636533774818,4027.333131483421,6335.4253469510495,0.10760380981306691,4085,46,2015-07-04
4687.4375703287615,3946.2079674073775,8091.048014393014,0.1692192324309937,4494,46,2015-07-06
4334.098221213812,3652.614044086454,5834.452302870292,0.10813828111036433,3726,46,2015-07-07
4167.661942129677,3621.6011836026364,5532.617031728432,0.09783782896840525,4299,46,2015-07-08
4142.096211284713,3621.6011836026364,5532.617031728432,0.09523000975939433,4511,46,2015-07-09
4484.7672730355525,3893.1608622826884,5556.865170917526,0.08209903178777532,4457,46,2015-07-10
4664.144758295195,3986.7340950295506,5331.973756709422,0.07571009125447607,5310,46,2015-07-11
7611.664323508943,6367.398727629254,8582.016214250356,0.07769053524971026,6109,46,2015-07-13
5950.2146884028925,5308.206499756642,6696.727690337772,0.06739463085964244,5206,46,2015-07-14
5639.95987370951,4910.768712705966,6387.6672544945595,0.06312655430159697,5216,46,2015-07-15
5626.947207532083,4995.494620930343,6387.6672544945595,0.062455993717567486,4819,46,2015-07-16
5856.148116833537,5193.690284066074,6541.662016316467,0.054626135628771326,5013,46,2015-07-17
4657.702539100456,3986.7340950295506,5355.004236760594,0.07637650467127326,3984,46,2015-07-18
4443.041983403614,3886.277286865776,6449.537027789316,0.12312686662144963,4225,46,2015-07-20
4142.36282149715,3632.779748319806,4941.779690190158,0.07262781037611685,3459,46,2015-07-21
4052.1208546734824,3602.3290848713023,4941.437123449592,0.08072940324388171,3651,46,2015-07-22
4060.4776391107926,3621.6011836026364,4941.437123449592,0.07918685745896886,4350,46,2015-07-23
4428.3741691771165,3971.2344552653162,5248.987351752403,0.0749449281606929,4902,46,2015-07-24
4629.274902671271,3971.2344552653162,5276.965086177984,0.07464934531337829,5257,46,2015-07-25
7526.539363944626,5925.903680101607,8684.017139475047,0.0846532271085984,10068,46,2015-07-27
6049.726526569413,5166.945519444575,7277.016617022023,0.09195715664482514,6385,46,2015-07-28
5827.023663111366,4959.143787485619,7271.743497773132,0.10287144055215489,6955,46,2015-07-29
6310.8352526785275,5231.301927592548,7745.672356030795,0.11382359538540388,7057,46,2015-07-30
6619.928547320333,5501.680288730598,7839.246064096731,0.10510340398829972,7628,46,2015-07-31
5453.216701850439,4844.970824800376,6290.914068632587,0.07280600082905507,5430,47,2015-06-20
6037.037476250297,5410.68442300026,6991.2863690086215,0.07654291099287956,6812,47,2015-06-22
5910.931120575683,5376.870735971494,6991.2863690086215,0.07648682599096826,6347,47,2015-06-23
5931.58328243181,5400.007716264237,6858.473652426555,0.061996182600199505,5832,47,2015-06-24
5835.973988291284,5347.666319700187,6598.303219367164,0.05510261785004925,6165,47,2015-06-25
5836.297557384342,5188.657083171203,6662.381902141398,0.06194631409596994,6242,47,2015-06-26
5630.695759415572,4871.73741148065,7226.006449192518,0.10105474950258485,5939,47,2015-06-27
9749.977406321601,8194.532805824385,12519.459786950601,0.10547997581222746,11392,47,2015-06-29
9189.380253676385,7508.461492002049,11588.412648070373,0.12728328061053676,13635,47,2015-06-30
8186.703483717581,7089.998696756899,9670.563780291659,0.08772626615857744,7887,47,2015-07-01
7977.577815194577,7059.959972591687,9351.54526628209,0.0705971466309878,7908,47,2015-07-02
7800.969855919574,6759.29250878516,8920.163012544472,0.06520066421833492,7046,47,2015-07-03
5563.103999473611,4750.218353072959,7277.339842102657,0.09543154616638493,4607,47,2015-07-04
6408.51284866166,5544.340087982541,9137.17232587909,0.12639130832228454,7258,47,2015-07-06
6190.434520700751,5435.9442114343165,7802.158679299977,0.10183033624392594,6175,47,2015-07-07
6068.584987178303,5442.055580214085,7604.641583330175,0.0884430888513735,6580,47,2015-07-08
5904.139986175202,5417.053885849884,7082.17224044121,0.0671758863388469,6747,47,2015-07-09
5887.693301295087,5203.358956204576,7082.17224044121,0.07049118507914795,6679,47,2015-07-10
5411.785276973785,4809.623696661177,6339.3060316911515,0.071284808618407,5563,47,2015-07-11
9234.141464179767,7720.275974978153,10389.99847831161,0.07599503256516307,10168,47,2015-07-13
7973.356537765264,6881.351671635341,8742.306666801825,0.06252288193999761,8607,47,2015-07-14
7713.178760219682,6713.586263438903,8542.314155944487,0.06325521695134304,9429,47,2015-07-15
7530.56867844837,6713.586263438903,8153.64486497725,0.050207669827418464,8858,47,2015-07-16
7477.692185583772,6634.477828506104,8240.845872132597,0.050760281724650705,7770,47,2015-07-17
5360.755357898995,4687.146673291981,6339.3060316911515,0.07296468490109216,5395,47,2015-07-18
6105.411501857323,5392.889624907929,8761.165836632232,0.10858753114494893,6195,47,2015-07-20
5905.281129865112,5230.692893670069,7254.992753170525,0.08077490717405161,5770,47,2015-07-21
5929.8738758724485,5230.692893670069,7254.992753170525,0.0785259127571888,5881,47,2015-07-22
5825.739817903436,5173.235749782521,7052.496533058613,0.0719811909838496,6246,47,2015-07-23
5820.244530791077,5166.9052185286355,6706.025015620975,0.0720906042808731,5599,47,2015-07-24
5353.431632592021,4670.014054465264,6339.3060316911515,0.08041706289799055,4845,47,2015-07-25
9005.313854044547,7402.896950699947,10240.60528905147,0.09488565036894797,8633,47,2015-07-27
8065.311541911924,6673.078861931285,9690.113142511116,0.08586391556428638,8066,47,2015-07-28
7948.5157999076955,6688.632531032224,9690.113142511116,0.09562512048863385,8051,47,2015-07-29
8353.671304935082,6924.562653862944,9883.165507948386,0.08798822803868117,7585,47,2015-07-30
8702.767732097771,7118.906456360747,10372.086434359413,0.09921581453008742,9379,47,2015-07-31
2879.1074978961487,2392.589338575718,3447.6461983300283,0.09426710045964498,2503,48,2015-06-20
3533.8429007264695,3059.400811292134,4077.6732923316727,0.08344531243468897,2697,48,2015-06-22
3378.948139973597,3022.6902068878276,3972.648530948481,0.06707540353513211,2817,48,2015-06-23
3348.9647520812387,3022.6902068878276,3948.093098781794,0.06501902047709324,2681,48,2015-06-24
3339.6471409310643,2991.220733283819,3948.093098781794,0.06708371394473868,2890,48,2015-06-25
3462.4034731577444,3079.661736701014,4010.243440444547,0.0664945788133356,3113,48,2015-06-26
2940.758521962918,2392.589338575718,3570.759138169989,0.10830190734150279,2666,48,2015-06-27
5262.584862432611,4275.6120905948765,6340.461140388022,0.09042899825685219,5030,48,2015-06-29
4665.974987903649,3792.502707576197,5804.867097925846,0.11127275641830606,4987,48,2015-06-30
4322.20857187875,3773.057789010397,5242.347175574236,0.07968041846319936,4214,48,2015-07-01
4294.9500202867775,3773.057789010397,5129.632724276926,0.07332535019758069,3940,48,2015-07-02
4350.821704557009,3760.3780720849895,5170.684063252144,0.07603922121504192,3672,48,2015-07-03
2828.0934685901543,2306.7761112025323,3451.7485756710744,0.0988222416407293,2478,48,2015-07-04
3614.752390553244,3061.1130094792024,4885.9994046665215,0.11483996266904038,3734,48,2015-07-06
3431.0238467679155,2991.220733283819,4327.427410503955,0.09307940297377465,3011,48,2015-07-07
3332.0456728344925,2936.7404937719784,4009.2789390702155,0.07777195638130463,3451,48,2015-07-08
3298.521897576992,2830.3849895158796,3888.850368858757,0.07369799258405302,2782,48,2015-07-09
3430.984415645503,2988.2838765078045,4024.946888746627,0.08085048452704939,3205,48,2015-07-10
2834.0876874798564,2325.4389745451845,3524.3724453338514,0.10466912241016359,2327,48,2015-07-11
5123.637162058923,4114.511176251486,5850.6312998682615,0.08532766203386574,4964,48,2015-07-13
4328.933676888989,3790.530359986404,4817.952854852735,0.05731672288848219,3903,48,2015-07-14
4123.0640983503645,3749.955405115237,4568.930212185418,0.05003641797573514,4099,48,2015-07-15
4100.289412590061,3749.955405115237,4474.268473042085,0.04672181815713108,4288,48,2015-07-16
4184.689120854442,3760.3780720849895,4652.1072077726085,0.05590707746198611,3552,48,2015-07-17
2830.4290115949243,2325.4389745451845,3524.3724453338514,0.10506890154232,2729,48,2015-07-18
3457.1452084586463,3019.227018609079,3965.322382073172,0.07354761301858757,3236,48,2015-07-20
3336.9224665602555,2936.7404937719784,3972.648530948481,0.07211763463588203,2868,48,2015-07-21
3282.824821886218,2843.9501868011935,3814.9197940194063,0.06862184586841558,2694,48,2015-07-22
3269.5183704260107,2843.9501868011935,3814.9197940194063,0.06974216084918516,2834,48,2015-07-23
3391.340725549657,2908.5138116489024,3880.935735156729,0.07982701473446693,2821,48,2015-07-24
2828.821446807275,2325.4389745451845,3524.3724453338514,0.10494414805535497,2090,48,2015-07-25
5070.545323757278,3932.8853750753237,5839.6716921741,0.09659487974177297,4405,48,2015-07-27
4333.9464260414115,3757.3114343000884,5141.427510872673,0.07511359805600956,3598,48,2015-07-28
4159.514634011749,3674.0165917868662,4927.448795731411,0.0751914480096942,3646,48,2015-07-29
4269.957352681338,3709.138390771704,5244.556514068754,0.09523469262592983,3297,48,2015-07-30
4479.65032817016,3766.2130103991008,5436.367676144052,0.10874402107630618,3874,48,2015-07-31
6928.512885772019,5963.527265521825,7944.097240412237,0.0746759917257048,6785,49,2015-06-20
6094.663665393204,5400.782877988886,7211.3537527560775,0.08091119163271894,5562,49,2015-06-22
5853.937032651887,5141.412430493825,7024.698074774403,0.08003914415015072,5629,49,2015-06-23
5827.60916424221,5287.705891887099,6847.903078372597,0.07260942867789834,6216,49,2015-06-24
5762.064547584176,5185.05827527299,6758.524366309399,0.07241546835240649,5917,49,2015-06-25
6419.584260016127,5583.009772832693,7406.444254539186,0.07114106659936299,7700,49,2015-06-26
7116.018519664995,6021.0126830719455,8619.204164766936,0.09479071541237696,7569,49,2015-06-27
9922.136279831868,8680.205418738156,12815.750078177003,0.09725110853098089,10957,49,2015-06-29
8994.03899553051,7401.122412559005,11776.119829396364,0.13624207080838008,9756,49,2015-06-30
8216.869230164713,7369.083887946387,10237.634266937068,0.08722274042691802,8451,49,2015-07-01
8038.796163563735,7090.584801444841,10237.634266937068,0.08935724993515975,8095,49,2015-07-02
8339.346430148964,7431.42024966462,10343.25596107594,0.08340365749100656,8214,49,2015-07-03
7137.44276486201,6026.147443387862,9464.226715850598,0.09518607485010426,7578,49,2015-07-04
6258.277636533255,5517.886473322306,8223.386536438165,0.09956009497269312,6660,49,2015-07-06
5994.18594775655,5141.412430493825,7916.6084131209145,0.10037718528910117,5594,49,2015-07-07
5882.635573587591,5268.77452799819,7058.586638408307,0.08021353079805828,6968,49,2015-07-08
5766.972612512874,5107.123932450611,6620.289252528437,0.06757905088607873,6461,49,2015-07-09
6403.5982191999665,5694.573859842852,7428.090411810893,0.0698478531539221,7894,49,2015-07-10
6843.623441820427,5935.320507698433,7822.6627815605825,0.07439782337765018,7221,49,2015-07-11
9488.672335039839,8350.031733925944,10926.370714648621,0.07594680536752152,10338,49,2015-07-13
7806.853745726002,7003.866482158041,9055.230127208908,0.06813822507123739,8814,49,2015-07-14
7598.8237739310625,6844.446870609922,8379.295721447364,0.060151210095440444,7647,49,2015-07-15
7438.68312846915,6548.0068690616945,8268.01385249101,0.0534273525062882,7847,49,2015-07-16
7900.682245152424,7328.300322258355,8720.295549090226,0.04790018961229853,8525,49,2015-07-17
6846.202445813636,5935.320507698433,7859.519128235,0.07567107248818496,8158,49,2015-07-18
6076.1642766569,5389.2598624631355,7213.519890241233,0.08259395899971889,6286,49,2015-07-20
5807.668587846544,5111.496345796877,7240.462920578446,0.08388860375624153,6133,49,2015-07-21
5759.967287790319,5219.153895213933,6728.578263023686,0.06924429285864651,5985,49,2015-07-22
5694.7180467954595,5101.132695820677,6620.289252528437,0.06884895879883156,6284,49,2015-07-23
6363.741937640466,5583.009772832693,7406.444254539186,0.07460550019719202,7199,49,2015-07-24
6834.015758108598,5912.019671966832,7859.519128235,0.07604808461203341,8302,49,2015-07-25
9350.819797699378,7875.358424964419,10808.525216046788,0.07731179856765494,10561,49,2015-07-27
8159.33535400143,7108.415185113391,9863.793038711086,0.08688372797122751,9694,49,2015-07-28
8028.489312462733,6920.530827278122,9775.65143400459,0.09432183458441834,9691,49,2015-07-29
8283.897958544145,6973.475803338654,10221.784586884245,0.09487779806062771,8996,49,2015-07-30
9021.276976199964,7532.875580219415,10514.647399246242,0.0964869077647705,10310,49,2015-07-31
4067.014814908768,3414.5463619525003,4797.334943361692,0.09592194994971473,4189,50,2015-06-20
3656.252467835164,3007.593416628399,4641.106221686965,0.11807026958158878,2901,50,2015-06-22
3418.394041595934,2854.093251267072,4486.832783209857,0.11152324373787394,2971,50,2015-06-23
3408.307795300312,2888.4460022735125,4389.537732765305,0.10624299943761378,3249,50,2015-06-24
3419.4550516848776,2888.4460022735125,4389.537732765305,0.10621982673922166,3064,50,2015-06-25
3745.6815179229434,3246.691326816519,4486.832783209857,0.08206014999104433,3858,50,2015-06-26
4126.886808973558,3414.5463619525003,5005.861946167381,0.10151780636012761,4870,50,2015-06-27
6057.4518683640845,5078.483404377414,7464.752396149672,0.0985783499622528,7372,50,2015-06-29
5347.428760034026,4239.956888553035,6730.634792295369,0.12491271149952853,6242,50,2015-06-30
4870.11191734144,4187.126326776168,5780.353858280503,0.0820592104609195,5760,50,2015-07-01
4875.675807194993,4222.455024655706,5780.353858280503,0.07698643618832975,4279,50,2015-07-02
4912.945331002472,4396.100921672938,5966.083803806608,0.07122093317386233,4439,50,2015-07-03
4110.181128594229,3376.28198006087,5522.785410704155,0.11124855476368992,4186,50,2015-07-04
3717.083427388498,2991.170926428139,5538.569286359129,0.14128786614815902,3815,50,2015-07-06
3437.412145109522,2850.641616542154,4837.402541782211,0.13594794184502113,3700,50,2015-07-07
3374.5765112997706,2850.641616542154,4661.909764410084,0.12182510055689853,4162,50,2015-07-08
3343.203084385688,2878.2152041390614,4131.404415658324,0.09611187078433307,3565,50,2015-07-09
3719.5573337600467,3210.8622947529,4378.413062678768,0.09070760612528798,3780,50,2015-07-10
3979.512746327647,3265.0697557721496,4720.0220210029975,0.0911267330116276,3578,50,2015-07-11
5799.038466812601,4778.714106627467,6440.664175744508,0.07691655044506211,7614,50,2015-07-13
4686.988746303332,4165.0922387364935,5382.418373462816,0.07105220387759716,5321,50,2015-07-14
4568.4186882251315,4115.61792978518,5093.433368577529,0.06691623666063734,4535,50,2015-07-15
4581.837942819547,4137.369147358496,5093.433368577529,0.0632256863634611,5032,50,2015-07-16
4673.346006624875,4177.1380523926355,5211.585922067817,0.05742338027018691,4684,50,2015-07-17
3983.647520661156,3265.0697557721496,4720.0220210029975,0.0915149524217508,4835,50,2015-07-18
3594.356325545571,2952.2542855678507,4339.9820220975,0.1187694886243868,3877,50,2015-07-20
3345.7908995809707,2833.6281027374566,4486.832783209857,0.11609987778794731,3068,50,2015-07-21
3346.800774485044,2850.641616542154,4389.537732765305,0.10926254460091434,3273,50,2015-07-22
3352.7382730060363,2866.4739537318305,4389.537732765305,0.10731533868298856,3794,50,2015-07-23
3712.7227695029164,3196.4733055894317,4511.139514724455,0.0874320074939044,3682,50,2015-07-24
3972.4851391209695,3265.0697557721496,4720.0220210029975,0.09239342861034366,4356,50,2015-07-25
5674.340835398072,4398.415064738313,6452.462190360281,0.10109349433236994,6684,50,2015-07-27
4819.084559491927,4132.123476959812,5912.736982238993,0.09605241709302996,5115,50,2015-07-28
4754.257054180612,3995.2035642341793,5912.736982238993,0.10547293242123601,4946,50,2015-07-29
5057.7795329452765,4160.376194962796,6054.364884360545,0.10650442830413549,5324,50,2015-07-30
5213.146951285834,4217.220047972978,6443.562277430322,0.10516906420979187,5729,50,2015-07-31
6836.784176693467,5697.817163898599,8039.068863561185,0.0930396465855018,6825,51,2015-06-20
5792.531143074346,5099.297610963649,7112.150174043164,0.08167119409912174,5834,51,2015-06-22
5350.74055713329,4513.965881837169,6404.69035374311,0.09472164555213294,4877,51,2015-06-23
5408.191092503185,4594.7134756588775,6319.864451796671,0.08099706840652164,5172,51,2015-06-24
5482.523506509214,4824.706752675865,6409.917885649122,0.07217310080656258,5685,51,2015-06-25
6134.089710090854,5385.48546284886,7125.052233079154,0.07485288484817448,6642,51,2015-06-26
6978.401204226855,5809.200925919621,8472.648083035954,0.10481829177655244,7101,51,2015-06-27
8866.723316648446,6536.767816904926,11864.602183945244,0.1350536973277428,10330,51,2015-06-29
7887.78164491911,5945.646361915809,10456.134966887088,0.1605134248099628,8905,51,2015-06-30
7055.993671260381,6137.883959243239,8496.186629258264,0.08443343410531146,6388,51,2015-07-01
7156.134621671454,6304.191820349733,8496.186629258264,0.07796684057613305,6598,51,2015-07-02
7714.166209562885,6532.3414163932985,8999.296017969114,0.08988970156467016,7634,51,2015-07-03
6880.359338780215,5552.907165579633,9005.185584883273,0.11506670027587089,8353,51,2015-07-04
5982.468181014453,5018.910630295584,8662.17281976318,0.147915585271991,7427,51,2015-07-06
5350.328958035826,4396.649995897014,7365.4520664184765,0.12248413820961596,5492,51,2015-07-07
5306.65995159147,4579.184999552061,6726.238685622384,0.09095773335401933,6471,51,2015-07-08
5340.312607121967,4708.045648951775,6588.255866417489,0.0824114205842393,6342,51,2015-07-09
5966.529225167827,5181.671257101097,7226.509657784616,0.08056856524971906,6785,51,2015-07-10
6627.334716876711,5396.237478656009,8074.996828372771,0.1026738644528394,7324,51,2015-07-11
8077.956392916524,6446.5512083998465,9501.054872773471,0.09307473848928949,9621,51,2015-07-13
6713.313389272787,5752.9816791381845,7675.912833083113,0.07699696852313477,7463,51,2015-07-14
6678.605169409495,5797.586246567519,7695.2539094232825,0.06927679766965876,7522,51,2015-07-15
6800.9638875727915,5797.586246567519,7828.43053929696,0.06985976127625318,7402,51,2015-07-16
7394.438594627415,6248.840128456978,8463.12843465222,0.07741123423705909,7473,51,2015-07-17
6594.2231914965805,5358.502107661509,8074.996828372771,0.10231768925912,7620,51,2015-07-18
5644.587442865369,4891.3444677726,7296.708495722732,0.10834276726159803,7202,51,2015-07-20
5094.825066005391,4299.311232771693,6563.180424376315,0.10207912394853103,5797,51,2015-07-21
5191.703442904664,4548.130643966276,6563.180424376315,0.08635743140543232,5124,51,2015-07-22
5282.895940826846,4706.254635734834,6563.180424376315,0.07882390164269135,7042,51,2015-07-23
5899.123184524274,5211.576805382842,6868.295788002701,0.07254247532769416,5737,51,2015-07-24
6552.391146665712,5339.322065134471,8074.996828372771,0.10380408340822198,7902,51,2015-07-25
7931.332460607389,6099.358597411847,9400.6606075678,0.10123440815623092,8672,51,2015-07-27
6828.108799165214,5658.291812712095,8264.377288245605,0.09638890756975195,7847,51,2015-07-28
6950.228098753232,5788.571032784905,8509.37126654724,0.10043607069955891,7538,51,2015-07-29
7619.401179387471,6135.017492386853,9326.625118841923,0.10428488616016565,8280,51,2015-07-30
8290.451393558951,6925.982985832156,10140.157885271134,0.10504735321369645,9198,51,2015-07-31
6740.610909132985,5782.2632736799505,7687.226087741976,0.07049407206368434,6339,52,2015-06-20
6027.085848520936,5169.558538455613,7104.970201305264,0.08870422809529054,4364,52,2015-06-22
5543.276717416999,4916.593189380994,6445.450829528877,0.07505158299347121,4941,52,2015-06-23
5602.837629303893,4967.148811979533,6503.785518080414,0.0695363057891756,5210,52,2015-06-24
5818.190229023954,4967.148811979533,6690.655008371999,0.07259958299222649,4610,52,2015-06-25
6327.961376612527,5467.88250281742,7213.430809166819,0.07440933970996057,5165,52,2015-06-26
6863.015652409483,5764.253103889072,8208.66294356879,0.0944265432378981,6700,52,2015-06-27
10150.17645939847,8373.291470472996,13430.952872794733,0.11190078068737698,9885,52,2015-06-29
8876.365379688605,7084.536530627266,11771.739958807353,0.14088977505658565,10587,52,2015-06-30
8501.896006852772,7425.847966647456,10117.142698381516,0.08141628939549118,6689,52,2015-07-01
8590.135956852606,7613.169930692036,10258.869210878243,0.07545910165600629,7170,52,2015-07-02
8799.33794891936,7833.585642463555,10444.28909874906,0.07543371264647399,7593,52,2015-07-03
7253.8206653015895,5992.561337457767,9673.788840951669,0.10931613060671853,5968,52,2015-07-04
6543.145940798212,5527.3434044965925,9592.033941120275,0.12386414304636613,5659,52,2015-07-06
6282.185072930372,5236.083812519071,8358.559302265803,0.12060364327719456,4925,52,2015-07-07
6123.6058836794855,5268.9819568998955,7670.781930418144,0.09331280950405511,5231,52,2015-07-08
6240.388515672788,5506.796373581952,7499.283988163676,0.08262266262971635,6234,52,2015-07-09
6588.9274515226325,5615.447256113463,7955.52504074413,0.08828523708284379,6260,52,2015-07-10
6924.634495648711,5959.386226300438,7997.373589186301,0.07863880867895548,6068,52,2015-07-11
9976.609203543023,8354.874584718817,11494.313688422888,0.08104858492451719,8894,52,2015-07-13
8047.770202503054,6979.751721332364,9592.083327707942,0.08077923310236508,9429,52,2015-07-14
7942.826880439434,6882.726236738232,9029.601108924742,0.07402718324960833,6395,52,2015-07-15
8081.008078903499,7035.635829354816,9131.771931320898,0.0660692984170246,7010,52,2015-07-16
8475.724024789548,7455.447798214112,9449.038752864035,0.06162931340416705,6562,52,2015-07-17
6911.18058346631,5959.386226300438,8183.066582144295,0.08018012081448059,6375,52,2015-07-18
6314.919593698101,5310.705504717868,9287.059539972104,0.12227043658201019,5297,52,2015-07-20
5974.115234974461,5097.208394929227,7614.479190064462,0.10182228531959504,5453,52,2015-07-21
5983.524878637817,5173.1518260060775,7301.755203307443,0.08973038429010327,4411,52,2015-07-22
6123.0582177430815,5378.049347663168,7301.755203307443,0.08117501455249022,6213,52,2015-07-23
6534.757130023126,5575.949586416059,7856.031008256012,0.08761861583202092,5988,52,2015-07-24
6888.2746315366385,5907.111891435399,8183.066582144295,0.08397595971573871,6117,52,2015-07-25
9698.999364495225,7464.572062318332,11598.12473819879,0.11145231480292378,9118,52,2015-07-27
8302.59261794803,6987.3041759180005,10141.003843522032,0.0936602895606816,7787,52,2015-07-28
8357.701940901548,6984.012550245675,10676.845351127125,0.1010286109156369,7584,52,2015-07-29
9082.706395300243,7467.980038334735,10841.379549972842,0.10232367045960263,7024,52,2015-07-30
9646.365721460608,7804.429718867715,11779.304746028922,0.11067769898722254,8031,52,2015-07-31
3524.5954807804424,2995.7147190989986,4431.252633177249,0.0975541156355536,3231,53,2015-06-20
4425.184268651242,4034.0777557736365,5231.143012498204,0.08370416032391627,4405,53,2015-06-22
4334.176085919795,3974.332923440578,5096.985935545343,0.06283254347329811,4559,53,2015-06-23
4271.10694619938,3935.932598446719,4901.059413450783,0.05726829580374058,4318,53,2015-06-24
4290.707104839222,3961.901138240406,4901.059413450783,0.05677619322021421,4627,53,2015-06-25
4566.215305719229,4024.7796828852047,5260.171368514043,0.06870636768231743,4761,53,2015-06-26
3622.6711019593963,2999.0217332280367,4477.594309359915,0.10352604410921924,3142,53,2015-06-27
7484.334913661506,6042.836520653445,9394.474072024948,0.10009603669947256,7513,53,2015-06-29
6711.989105991292,5368.034455498976,8466.817672066856,0.11341950291518757,7734,53,2015-06-30
6061.306752680888,5399.939715490885,6880.523303918288,0.0704266550966565,7353,53,2015-07-01
6048.630325650545,5447.502536777433,6753.826954919296,0.06579693519448555,7079,53,2015-07-02
6063.881810000352,5492.0828124971795,6762.772542860133,0.06429228097940107,6671,53,2015-07-03
3659.414743515178,2989.1888420516575,4703.296437433981,0.1314294276466076,3485,53,2015-07-04
4653.506133435889,4087.761010746048,6509.327136363559,0.12245570158659999,5160,53,2015-07-06
4490.3881240164665,4051.7298037199234,5615.957299536144,0.08157772888516478,4880,53,2015-07-07
4358.128495284614,3940.330333387001,4901.059413450783,0.05806493210747334,5237,53,2015-07-08
4375.578926798647,4068.9791431223193,4925.154169647632,0.055639701045634135,5194,53,2015-07-09
4602.096083104051,4140.74707061778,5289.4239971938605,0.06239608535570405,5417,53,2015-07-10
3551.263631553352,3001.9307727094383,4468.811432380482,0.10180382995560082,3374,53,2015-07-11
7254.535273177849,5650.733032490425,8358.296527022127,0.0879154963449425,7786,53,2015-07-13
5962.813752382372,5121.289201022438,6481.2718304925265,0.059042940775849234,6443,53,2015-07-14
5600.997567719188,4929.816918642199,6117.29399595669,0.05252627812778541,7377,53,2015-07-15
5610.629496828405,4929.816918642199,6221.780888542197,0.05337414976351054,5705,53,2015-07-16
5783.813702687458,5133.348316029397,6286.498509649179,0.050654216304777656,5920,53,2015-07-17
3540.820106562061,3001.9307727094383,4431.252633177249,0.1000591635415919,3100,53,2015-07-18
4477.387248265666,4057.9670303150224,5618.527058231973,0.09178562670006742,4864,53,2015-07-20
4364.350148403363,3985.07034011242,5176.554409122769,0.06418243942051134,5038,53,2015-07-21
4294.952423785126,3947.66345582852,4901.059413450783,0.056729503454715786,4604,53,2015-07-22
4314.165946453411,3962.4198359415414,4901.059413450783,0.055652705084205834,4517,53,2015-07-23
4563.2917643830315,4072.0321061313293,5250.433645689557,0.06276174522509045,4968,53,2015-07-24
3523.8253590241,2995.7147190989986,4405.530045158836,0.10046438020171446,2468,53,2015-07-25
7152.6260032195905,5650.733032490425,8248.713419376161,0.08771260170885438,6853,53,2015-07-27
6159.216497042079,4919.620918853934,7081.98189860647,0.08774755805988706,6162,53,2015-07-28
5935.670608215165,5071.783504093944,7081.98189860647,0.09425685426801436,6451,53,2015-07-29
6307.746328051474,5343.631889086251,7515.455594396654,0.09515715201578659,6797,53,2015-07-30
6623.24560373813,5495.128195092147,7821.437663492341,0.09659814677949227,7540,53,2015-07-31
8174.803352717759,6523.337471204351,9866.433913407289,0.10757536811105485,8668,54,2015-06-20
6476.4285388071485,5531.77143598857,7622.604006388465,0.09473479729232587,5876,54,2015-06-22
6048.599932528749,5263.423516932992,7574.639848903734,0.09025054774602109,5401,54,2015-06-23
6119.5774578045075,5415.341642528765,7471.065025997003,0.07502911089147166,5234,54,2015-06-24
6125.264391254187,5391.158515166119,7471.065025997003,0.07623403216090972,4981,54,2015-06-25
6943.964975682751,6084.762625173096,8133.037991701131,0.07688050289755884,6881,54,2015-06-26
8381.148672782414,6523.337471204351,10439.024524586124,0.12396181078066129,8992,54,2015-06-27
9963.248316634035,8148.755061842191,12774.90504323178,0.10055395399504095,10446,54,2015-06-29
9341.17515004617,7507.402814390204,11821.601509014186,0.1367472420167091,9186,54,2015-06-30
8795.288948053802,7734.486487072024,11480.427323722108,0.09489568338884012,8576,54,2015-07-01
8755.567700373196,7651.417566185067,11480.427323722108,0.09582911347760466,8097,54,2015-07-02
9140.086321443798,7926.518781668339,10529.001087435427,0.0804594130159239,8487,54,2015-07-03
8516.17840914256,6877.334968431355,11683.96624015103,0.12709705055361586,7520,54,2015-07-04
6864.515056253623,5729.70040660546,9224.679681304397,0.11503280984072597,6042,54,2015-07-06
6379.569440070515,5299.580036206643,8562.471736145988,0.11936875914842822,4927,54,2015-07-07
6361.805389049784,5601.4258462332555,7769.85919731438,0.08832779680286784,6273,54,2015-07-08
6296.386147742476,5548.448228444507,7434.335425579469,0.07944361037723707,7040,54,2015-07-09
7161.982895813974,6379.347829307019,9077.538208883601,0.0867186909094158,7585,54,2015-07-10
8184.609309017245,6585.986438991571,9780.13528840678,0.10532432133651891,8313,54,2015-07-11
9680.592821477627,8133.617254300215,11497.573091159415,0.09149979444555636,11209,54,2015-07-13
8253.70441009903,7059.300901374808,9696.810855580328,0.0766844466503953,8565,54,2015-07-14
8078.877727091201,7162.1774706526485,8998.48768195349,0.06137245138574945,8239,54,2015-07-15
8067.772427654165,7162.1774706526485,8998.48768195349,0.060122608761290094,8128,54,2015-07-16
8687.975271568974,7574.468637264296,10062.21610960406,0.07141366025756632,8116,54,2015-07-17
8177.744458937647,6585.986438991571,9780.13528840678,0.11123422691667681,8074,54,2015-07-18
6662.395475370304,5618.01973031671,9301.558514961,0.1084354108427958,6927,54,2015-07-20
6163.257720226502,5249.885352188554,8078.36122965256,0.10272364764196791,5434,54,2015-07-21
6240.386539405521,5572.3657403267225,7574.639848903734,0.08133393194772039,5212,54,2015-07-22
6245.1004849712635,5522.136072152567,7574.639848903734,0.08271969118510886,6186,54,2015-07-23
7033.853844569468,6167.07473792443,8772.897179825146,0.08393389040189189,7008,54,2015-07-24
8179.59580820455,6585.986438991571,9871.360776495017,0.11261069828301479,8142,54,2015-07-25
9473.22366316777,7151.275055690714,11461.385933562167,0.115991770683183,11237,54,2015-07-27
8584.619217782056,7289.385821780813,10531.855723995723,0.09785883893445797,8992,54,2015-07-28
8632.401419056527,7323.847088917539,10646.313796232576,0.10049070063221062,9177,54,2015-07-29
9192.676500597612,7736.777274263485,11316.579407133564,0.1053859117021473,9905,54,2015-07-30
9994.527146970262,8289.770208450122,12148.403338911872,0.09967691181248062,10732,54,2015-07-31
2793.884998022842,2400.9991179621,3321.2174995512187,0.09629184782693632,3475,55,2015-06-20
3881.572392554478,3345.8046569646795,4563.338778872776,0.08717745503386642,3741,55,2015-06-22
3816.433066296253,3288.706159618935,4605.741608421065,0.08324868576790771,4221,55,2015-06-23
3819.8481113889443,3315.226879344099,4556.374519754892,0.08105986948335603,4697,55,2015-06-24
3768.9102417468252,3288.706159618935,4519.659053819752,0.07750818531177917,4648,55,2015-06-25
3930.719591406882,3351.619747661481,4557.405691565554,0.08135549567453747,4583,55,2015-06-26
2838.3565613490905,2419.764420242958,3416.5943096005844,0.09759343701631315,2586,55,2015-06-27
6787.058723245127,5551.959968525935,8432.197164360385,0.0968749877636398,8172,55,2015-06-29
5964.149193847409,4788.975404994446,7625.611414483581,0.1348248125019946,6614,55,2015-06-30
5206.422602791885,4476.857174385646,6106.632776942419,0.08304390242662948,6111,55,2015-07-01
5156.687354761862,4476.857174385646,6031.184788861603,0.08248926651761719,5851,55,2015-07-02
5076.564563897787,4369.099851018142,5952.781161141945,0.07707128093380505,5385,55,2015-07-03
2726.7550171528615,2266.4850406342553,3630.3370817542605,0.11971659924399515,3066,55,2015-07-04
3965.2144911122678,3331.3077327163405,6319.13611026742,0.1501544704421379,5283,55,2015-07-06
3791.34469673635,3225.2334857049873,5344.026996583902,0.11724371452755764,4822,55,2015-07-07
3705.9808650786267,3205.6931495629256,4701.9755791569005,0.10256628579871464,5167,55,2015-07-08
3649.304460690941,3205.6931495629256,4418.166788768335,0.08460417728613717,4555,55,2015-07-09
3766.4269932660895,3245.398923972869,4557.405691565554,0.09335106769956242,5242,55,2015-07-10
2687.197501659779,2221.521492167261,3240.1719753334314,0.10298938791930042,3704,55,2015-07-11
6441.883943631307,5442.517278642006,7450.719832016398,0.087449476424515,7224,55,2015-07-13
5170.6637224818405,4309.077994698692,6013.587080872288,0.08370660301188462,6776,55,2015-07-14
4819.690443135688,4173.550067738194,5496.319084596776,0.07069635658887667,6202,55,2015-07-15
4785.764000156378,4154.863027322569,5466.610322954936,0.07070695589617144,5313,55,2015-07-16
4816.9720632901535,4224.914188412305,5475.612216387166,0.06914752812385536,4736,55,2015-07-17
2682.926398601461,2255.3760852090236,3240.1719753334314,0.10261952455361455,2903,55,2015-07-18
3801.156212607337,3258.4352894644494,5007.270129154851,0.11302744363639135,4640,55,2015-07-20
3657.3830238750907,3135.9073900817257,4481.986582906137,0.09457193214712332,4158,55,2015-07-21
3658.190355479424,3157.2726892918877,4519.659053819752,0.0934150156376719,3068,55,2015-07-22
3627.0455526698197,3157.2726892918877,4418.166788768335,0.08706931019393004,4406,55,2015-07-23
3761.5836768250756,3209.1305847083163,4573.532986929337,0.09988417312687801,3901,55,2015-07-24
2674.2524596528565,2205.8139075810286,3240.1719753334314,0.10726105522856634,2632,55,2015-07-25
6247.013526678136,4788.1533196951905,7283.1285979805425,0.11642579746112361,6017,55,2015-07-27
5233.765679704885,4402.318401217553,6362.823695793927,0.08826703789313071,6252,55,2015-07-28
4977.315223999533,4173.550067738194,6010.948990681747,0.09091151949662574,5924,55,2015-07-29
5252.640521830883,4166.069849047093,6634.580470583813,0.11132631372561246,5610,55,2015-07-30
5406.583452260141,4170.860275817012,7071.33988641823,0.12069399858112767,6096,55,2015-07-31
7507.920932690695,6176.47249446702,9170.25098001876,0.11155847356082152,9351,56,2015-06-20
6325.2007801330765,5437.477452084926,9018.500992619654,0.1195639143925597,5836,56,2015-06-22
5981.185216849903,5189.992564530875,7601.478311244921,0.1023397353688289,6738,56,2015-06-23
5943.694849503844,5204.151950184798,7288.816240141422,0.08923141392042068,5347,56,2015-06-24
5991.373660831968,5294.612570267922,7362.986215870805,0.08906617218713783,6278,56,2015-06-25
6546.80107801334,5643.9100380500095,8030.039275308586,0.09073102019784546,6937,56,2015-06-26
7659.430616233976,6226.976724214612,9958.960406664986,0.11980678648997556,9427,56,2015-06-27
9536.684798053087,8096.219742874581,12043.909331551346,0.10442754894715674,11070,56,2015-06-29
8888.954060174801,7041.497270390031,11774.594615204125,0.13825871104762977,9990,56,2015-06-30
7676.603002210828,6862.93426745839,8790.303122001666,0.06443856005578232,8346,56,2015-07-01
7767.590188998934,6889.750776669473,8979.264259376996,0.07430654178276874,8401,56,2015-07-02
8055.023213541058,7149.864115602033,10035.091578003961,0.08203121406862349,9700,56,2015-07-03
7465.17289046483,6114.013341214547,10015.535270528982,0.12707889451829435,8701,56,2015-07-04
6183.125667224538,5266.045990612473,8962.80362161843,0.12586659866998437,8682,56,2015-07-06
5691.900768681173,4948.3641858959045,7257.538294779723,0.09547141722702879,6097,56,2015-07-07
5584.748453938627,4937.445646498707,6637.592350014894,0.07932748975584251,7777,56,2015-07-08
5613.831824744356,4963.258701856051,6434.723244262927,0.07205564442980367,7749,56,2015-07-09
6285.632501848076,5473.101603170986,7428.090411810893,0.08023753476865522,7557,56,2015-07-10
7154.6065997303,5930.653666752867,8974.5103945737,0.09692941255555566,8413,56,2015-07-11
8737.322803456265,7107.756034674768,10002.42406201857,0.09030780272088959,11262,56,2015-07-13
7523.539099422979,6755.739641401606,8585.828581610529,0.06913258543995088,8769,56,2015-07-14
7222.278863693368,6493.69592405826,8063.911112542609,0.05873121589506753,8645,56,2015-07-15
7348.158044869975,6609.328384808642,8337.62797718206,0.06398695234550808,7910,56,2015-07-16
7727.6474595934105,6995.545554402159,8548.1540413848,0.052994004998361495,10397,56,2015-07-17
7121.058747413841,5930.653666752867,8974.5103945737,0.09972762978514092,8627,56,2015-07-18
5973.872326531278,5032.412573649575,7760.158839874655,0.11405938599554584,7710,56,2015-07-20
5535.414323700624,4839.493970791291,6804.947482158548,0.08797944277097916,7047,56,2015-07-21
5476.791705218727,4891.3516522959435,6371.170624100676,0.0747580110002598,6287,56,2015-07-22
5531.13377866768,4902.201813598907,6428.6820079111985,0.07325044775578629,7487,56,2015-07-23
6235.625158949944,5416.117908326915,7280.03569338985,0.07777391817423158,7653,56,2015-07-24
7094.357308912515,5855.544762005358,8974.5103945737,0.10179828706823443,9229,56,2015-07-25
8555.337555006903,6600.74812813862,10462.311361668315,0.11197307310010947,9960,56,2015-07-27
7670.206942000869,6600.9702828787495,9268.299362716478,0.08529492063301927,8400,56,2015-07-28
7451.883160498568,6444.282637586825,8927.38046384152,0.08469882486864766,9048,56,2015-07-29
8078.422705342126,6856.301051943657,9735.329146234004,0.09002585991895592,8705,56,2015-07-30
8657.454727394788,7263.32524706618,10326.695995936538,0.10086615867018851,10022,56,2015-07-31
7657.439252029508,6543.138763543083,9090.108703064165,0.09195689692790585,6080,57,2015-06-20
8920.917396384528,7738.4198515585695,11823.470863699098,0.11853842729843922,6870,57,2015-06-22
8673.945004070705,7537.463509391775,11008.831537720518,0.10192756213293892,6212,57,2015-06-23
8433.014562779228,7241.534226490254,10361.308550358695,0.08456564737078934,6938,57,2015-06-24
8599.205445339281,7358.9348087735725,10605.218958539614,0.08691280466832207,7513,57,2015-06-25
8826.152105212348,7386.024048656737,10503.121338569179,0.0927796249239326,6964,57,2015-06-26
7816.810329728808,6539.1171846698835,10018.938175770481,0.11085370789327079,5787,57,2015-06-27
16040.015034562053,12071.473204026692,19738.110609997242,0.1135994899907432,13545,57,2015-06-29
13572.54578427254,10877.090844327151,17883.791274439238,0.12452473477355251,11913,57,2015-06-30
12082.395994709468,9985.014430180838,14881.108390487296,0.09928262011163162,10644,57,2015-07-01
12227.999162138074,10107.916515234721,14690.563825065401,0.09687475639217867,9709,57,2015-07-02
12100.368046987147,10064.672570785884,14593.65670846288,0.09604917289327679,9143,57,2015-07-03
7909.197048659179,6644.384854041416,10445.560341471855,0.11855457822296535,5324,57,2015-07-04
9321.091373873607,7780.41688635297,13259.820745776724,0.12597802185634885,8363,57,2015-07-06
8977.141372678552,7546.9458891641725,12137.995117521592,0.11247357200822276,7383,57,2015-07-07
8501.75468771511,7241.534226490254,10024.698728162795,0.08170851802184574,7620,57,2015-07-08
8605.67252550791,7358.9348087735725,10077.526941396009,0.08059525999024976,8483,57,2015-07-09
8805.613556368527,7530.978311134205,10358.693308751512,0.08259712742222845,8063,57,2015-07-10
7643.506994997839,6638.109628638235,8956.441154165215,0.08297400614437135,5994,57,2015-07-11
15793.610164586904,12334.438744996954,18416.61044684786,0.09964810592441806,14624,57,2015-07-13
12309.818957668982,10388.88062791456,14859.069028293266,0.08540032612568062,9956,57,2015-07-14
11138.923545121928,9603.066122411361,12604.38568498404,0.07617792197507214,10987,57,2015-07-15
11309.300590948073,9703.620351992246,12857.647273871291,0.07035314897896541,9756,57,2015-07-16
11291.619686079332,9603.066122411361,12921.205142137758,0.07301592208063765,9851,57,2015-07-17
7596.753654122067,6623.4801168776785,9052.995837270879,0.0857660552301118,5758,57,2015-07-18
8797.19284576681,7721.38674665509,12374.133663447343,0.10239707615398458,7927,57,2015-07-20
8561.663752548391,7378.247096425116,10651.796236667355,0.09280455298355532,7200,57,2015-07-21
8338.254162065607,6996.89107692702,9827.194500159683,0.08094359038677722,6059,57,2015-07-22
8483.612313832446,7241.534226490254,10190.71595837697,0.08375871246163445,8135,57,2015-07-23
8671.962326794854,7353.08599021409,10338.858492630168,0.08603056472457496,7140,57,2015-07-24
7544.712391752136,6400.672177561678,8944.419143946729,0.08763931147867043,6477,57,2015-07-25
15629.530694267516,12370.077487381126,18473.397271697067,0.10169902692678044,14080,57,2015-07-27
12568.611658968808,10776.153270999785,15011.095174574639,0.0852153688379754,11248,57,2015-07-28
11747.054462902084,9642.764003012926,15060.444899343622,0.11282236028659738,10245,57,2015-07-29
12500.235873512325,9978.5665127979,15908.62793890414,0.1220243757448761,9820,57,2015-07-30
12841.614938875526,9953.616670734848,16360.306757524371,0.1342665872058311,11594,57,2015-07-31
5658.750059028206,4846.727671852446,6680.63638070373,0.09211469204958914,6488,58,2015-06-20
5449.7829669683015,4805.0865471208745,6484.191121705148,0.0878091073795486,6078,58,2015-06-22
5174.170440570548,4532.044835362795,6261.505027185028,0.08252757665175696,4880,58,2015-06-23
5103.607675838073,4509.247998507221,6162.237872533064,0.08138676473954035,5714,58,2015-06-24
5100.83330633011,4473.360492838338,6162.237872533064,0.08299282951177467,5354,58,2015-06-25
5402.304656507733,4707.024379922083,6405.912409330453,0.08216474495743777,5872,58,2015-06-26
5770.326608067322,4940.768002769427,6980.145556332674,0.09490464968625628,6430,58,2015-06-27
9868.310657335223,7765.103549049632,13495.474637787665,0.14941529173403895,14457,58,2015-06-29
8082.790745052835,6632.236582654612,10874.612872785065,0.14268128830640656,13845,58,2015-06-30
6828.617672266676,6144.975901162458,8114.94529320592,0.06815117180690625,6164,58,2015-07-01
6783.650387268132,6103.775574373472,8114.94529320592,0.0679837839849622,5654,58,2015-07-02
6850.12479836174,6073.047333406732,8015.305735132929,0.06682540387932713,7043,58,2015-07-03
5540.304133187901,4643.3597671465695,6794.294538158581,0.10649786272806964,5321,58,2015-07-04
5518.6851847435355,4591.194219478423,8850.650468559648,0.1628033145622956,5743,58,2015-07-06
5087.3046297826195,4296.387396288495,7271.383028823179,0.12104170433898047,4524,58,2015-07-07
4897.9945098047665,4307.476386401742,6470.521425322593,0.09158687362020843,5528,58,2015-07-08
4845.489516992998,4320.622603172442,5821.760326882827,0.08052542268955089,4755,58,2015-07-09
5160.876911989142,4485.651137267046,6516.304275133841,0.09213380376436628,5894,58,2015-07-10
5407.100411020692,4636.719212588539,6393.400555393388,0.09794532102824435,5524,58,2015-07-11
8840.977111706485,7200.755273481593,10002.101020437844,0.08606033408074175,9464,58,2015-07-13
6923.372592677744,6217.358717356925,7646.316364660714,0.054883166569977763,7738,58,2015-07-14
6534.76025881344,5997.908518659489,7180.892549592783,0.04652181958054338,7441,58,2015-07-15
6496.439665370006,5845.379135535279,7180.892549592783,0.05301293834604257,8163,58,2015-07-16
6647.030762106834,6130.238832402476,7271.1667421243055,0.04519465136754612,7998,58,2015-07-17
5386.007089287893,4617.701673091088,6393.400555393388,0.0992971260193466,7547,58,2015-07-18
5243.788474067294,4479.841733780225,7616.906362805773,0.12094246496281286,7357,58,2015-07-20
4934.772546587638,4281.9283859031575,6585.063375500151,0.10177819102324395,6159,58,2015-07-21
4862.647711809757,4298.430282144389,6501.194866608608,0.0963099170306328,4985,58,2015-07-22
4851.437280111497,4298.430282144389,6501.194866608608,0.09513937251784035,5917,58,2015-07-23
5147.406777643694,4451.4517795020865,6598.336884699245,0.09780915330177367,7046,58,2015-07-24
5380.116369825345,4617.701673091088,6393.400555393388,0.10045923435756585,6841,58,2015-07-25
8724.438055823395,6943.813781308583,10203.412417998059,0.09404686874974903,10750,58,2015-07-27
7014.480808795481,6143.144100422207,8142.765871529083,0.07357874012988544,8489,58,2015-07-28
6743.051899229937,5861.782003582512,8142.765871529083,0.08354289202139926,8200,58,2015-07-29
7290.665988558989,6213.716808218881,8983.008554920236,0.10089969407982033,8433,58,2015-07-30
7554.846544338099,6374.169474359499,9262.88448004848,0.099052043454262,8581,58,2015-07-31
2614.2945296869884,2190.1055077310366,3988.187657038825,0.13063381306429853,2410,59,2015-06-20
4797.29755165262,4130.742315897336,5588.739962962947,0.08369643279222001,5462,59,2015-06-22
4644.036507887369,4099.336442217383,5299.9339441382745,0.0645953820323086,5356,59,2015-06-23
4585.336164668317,4099.336442217383,5103.198617609292,0.05610822211873417,4324,59,2015-06-24
4561.742573846305,4099.336442217383,5103.198617609292,0.0547459330270595,4108,59,2015-06-25
4792.231012018467,4286.031709121737,5485.4955445375335,0.06415431648054683,4709,59,2015-06-26
2646.3157438083012,2179.8616152622126,3762.43072533157,0.13606993120041716,2641,59,2015-06-27
9051.953460903153,7307.712875439793,12585.79693878452,0.1413372786337647,9924,59,2015-06-29
7648.53912177076,6193.993041125884,9729.520449501437,0.13627903638889893,10268,59,2015-06-30
6401.487140647269,5773.502318506176,7460.007459690417,0.06889394165813383,6523,59,2015-07-01
6326.262825459753,5751.4171646035065,7342.621047371216,0.06567487817162854,5115,59,2015-07-02
6379.812359222953,5741.4973498946265,7460.007459690417,0.06862269386709002,5528,59,2015-07-03
2577.9482407765895,2054.1735670822427,3978.663931585108,0.14125457975419722,2148,59,2015-07-04
4991.999750944112,4256.3875614151075,8155.065535065908,0.16109442759335912,5648,59,2015-07-06
4724.065344902204,4135.096935061592,6553.643090084119,0.11430650189174821,5007,59,2015-07-07
4604.281528396139,4112.884835547904,5631.618120467389,0.06931751377295468,5008,59,2015-07-08
4561.232553452993,4063.9116086709582,5384.539329417246,0.06589610498691234,4797,59,2015-07-09
4736.391122693141,4212.35761920244,5360.739214290026,0.07121876302819152,5371,59,2015-07-10
2539.228463146959,2101.073088248999,3922.4137730839684,0.12892670089837013,2641,59,2015-07-11
8336.520454946507,6207.142700480635,9405.448578087087,0.09377607130061594,8043,59,2015-07-13
6711.533806680073,5703.676746580469,7612.460756338398,0.06816161531019123,6609,59,2015-07-14
6086.577867119417,5587.012694476168,6669.502741555497,0.04795823156229672,6437,59,2015-07-15
6045.975861501143,5491.722150411056,6669.502741555497,0.0542802013979701,5978,59,2015-07-16
6135.236597803074,5604.443483003561,6736.630455761605,0.050123636915789825,5748,59,2015-07-17
2535.7262174841367,2101.073088248999,3922.4137730839684,0.12915957584253357,2282,59,2015-07-18
4774.45689970051,4118.010466316865,6407.9608606610645,0.11303105924611596,6130,59,2015-07-20
4609.663237639952,4102.629507849745,5531.693826252451,0.0727278936218624,4845,59,2015-07-21
4552.583889533765,4102.629507849745,5363.205105530782,0.06293180273527839,3864,59,2015-07-22
4520.07524710028,4078.721579298782,5137.997320841456,0.06109825292233192,4534,59,2015-07-23
4666.293084277471,4103.392698934571,5304.66051268952,0.0652988588680645,4602,59,2015-07-24
2524.9722730271815,2101.073088248999,3922.4137730839684,0.12975949527119082,2624,59,2015-07-25
8198.900828763906,6140.036645644032,9486.776005280652,0.09809974171652174,7519,59,2015-07-27
6754.391034931719,5677.596564587317,7950.582382513618,0.08873283458507035,6699,59,2015-07-28
6267.597271070202,5395.394511660998,7977.904867859427,0.09718207130972391,5228,59,2015-07-29
6694.416210317172,5501.376935305662,8381.430557669835,0.10664821417931536,5556,59,2015-07-30
6986.797298713348,5748.381661659578,8591.113978815201,0.11644933760247643,7148,59,2015-07-31
4892.556286707887,4194.017066507129,6642.917666451473,0.11388583731754079,4825,60,2015-06-20
6501.758551312565,5815.609236294323,7843.187290163368,0.08447686549972769,7163,60,2015-06-22
6442.514406025289,5703.941196186705,7896.36414908783,0.07430555733235626,7849,60,2015-06-23
6458.692815941079,5795.221967855324,7736.315504542273,0.06997809557051468,7855,60,2015-06-24
6418.287751900121,5784.579942890589,7190.839596112591,0.06135690002136875,6760,60,2015-06-25
6599.553846770807,5921.590721988115,7538.844749159035,0.06523918141404811,6760,60,2015-06-26
4983.666372857215,4195.977334404378,6632.953144485434,0.12122921468132125,5513,60,2015-06-27
11990.564881789982,10045.38053165324,14487.516820805966,0.09646713503741056,14510,60,2015-06-29
10553.771179757665,8830.651148656661,13348.304128319469,0.1064698426024692,12788,60,2015-06-30
9576.446302493896,8434.929337290248,11644.514830791264,0.07879404150073356,10471,60,2015-07-01
9224.049387669946,8192.76804442754,11980.315812096598,0.08657803674950025,9745,60,2015-07-02
8925.521249651729,7755.8221135233525,10299.74903546793,0.08005262948894737,8783,60,2015-07-03
4850.171460210848,4006.2823876841258,6600.893574019715,0.11505591473933025,5341,60,2015-07-04
6787.820055634069,5928.734277958345,10175.668922771252,0.13831744573913568,8569,60,2015-07-06
6610.920226393136,5893.865445205602,8876.538495256122,0.09467546324744772,7138,60,2015-07-07
6509.222773174976,5758.65434990636,7671.668425882133,0.07759921847204944,9718,60,2015-07-08
6428.990730679197,5722.192359982847,7157.899561231234,0.057127814452912026,9108,60,2015-07-09
6588.631895052326,5985.518701270233,7453.8484135425015,0.05578269806804359,8676,60,2015-07-10
4797.12339960701,3930.488798065144,6549.600955600098,0.11544000094754174,5244,60,2015-07-11
11451.265572308619,8944.789982642918,12857.06587022947,0.07987241154982032,14466,60,2015-07-13
9450.850442407387,8270.542888595875,10487.996264553134,0.06384135395263443,11937,60,2015-07-14
8960.145830086882,8121.658105388867,10099.611752114093,0.06071979054426075,11127,60,2015-07-15
8670.358138251855,7867.315143381505,9808.362830663138,0.058109411178579436,9229,60,2015-07-16
8553.13211195929,7640.531645234292,10005.242011879602,0.061639963845147513,8172,60,2015-07-17
4795.495099952423,4012.6591594323545,6642.917666451473,0.12097310040083721,4758,60,2015-07-18
6480.870536909828,5832.43409561324,7791.5815648482685,0.09474214404637836,7598,60,2015-07-20
6398.021449012794,5645.427350649389,7791.5815648482685,0.07735183969634532,7118,60,2015-07-21
6409.310161695256,5784.579942890589,7746.582104760081,0.07499442470100469,6035,60,2015-07-22
6362.158095910281,5733.268847670179,7186.74622405025,0.06343987826386896,8113,60,2015-07-23
6553.093950750938,5932.510723560971,7321.660990259391,0.060486119092822546,7046,60,2015-07-24
4753.605832256671,3930.488798065144,6549.600955600098,0.12311693902226337,5250,60,2015-07-25
11296.28669534377,8484.147227926009,12754.099099111532,0.09260886413420427,14030,60,2015-07-27
9569.75643138346,8131.184867322405,10867.48753251219,0.0763170263437767,12230,60,2015-07-28
9304.271309290678,8068.392187110157,11620.188403012624,0.08969577998781175,11136,60,2015-07-29
9674.494390817115,8252.700115544721,11883.214316812238,0.09462112029111948,10213,60,2015-07-30
9829.337942962702,8168.7197431348295,11824.884271323914,0.09845783304609175,9762,60,2015-07-31
4542.561856239618,3702.3565214651776,5302.568905449926,0.09112966801386944,4885,61,2015-06-20
4201.769490826685,3723.131554773135,4835.643700880535,0.06775271044779704,5130,61,2015-06-22
3985.3901837702397,3478.5252251008105,4595.104756341389,0.07280965441158313,4204,61,2015-06-23
4011.9120557441743,3584.1349994611755,4599.477231992323,0.06955112609193702,4727,61,2015-06-24
3922.019451042239,3436.638458301692,4503.017737159428,0.07079321954859827,4070,61,2015-06-25
4041.674089886284,3487.912044975417,4693.463137102461,0.07501739322201635,4129,61,2015-06-26
4608.763378809988,3795.221806130496,5343.909434952041,0.0944551925357918,4062,61,2015-06-27
6421.057069961045,5415.7901883004415,8841.718305085195,0.11267665172498552,9380,61,2015-06-29
5816.8189155504015,4527.1526569572225,8434.714970193369,0.1531636165783367,7788,61,2015-06-30
5139.895680823322,4474.461457738614,5988.8938597947745,0.07192241771245972,6078,61,2015-07-01
4988.56084563729,4411.363795866901,5985.382423369543,0.07459297855865625,5156,61,2015-07-02
5032.697352194739,4444.00814826654,5960.453595903489,0.06748399366600552,5972,61,2015-07-03
4415.820021518254,3504.328748782726,5407.83193182042,0.11825397547618678,4417,61,2015-07-04
4212.77261954438,3511.744946358487,6069.166539119201,0.1248216181215971,4635,61,2015-07-06
3966.269109307071,3414.584871138947,5235.844808790508,0.11094671541288843,4099,61,2015-07-07
3945.607283196903,3453.3038801197504,4969.9193588367425,0.09757662587311133,5653,61,2015-07-08
3837.9314262013445,3361.5948994365117,4789.2425197327275,0.08887008406402665,3667,61,2015-07-09
3964.5773302631833,3488.822704555465,4936.303527715928,0.0941165688591659,3871,61,2015-07-10
4303.063203374171,3503.796612798028,4995.6234026288375,0.09993126785425165,4376,61,2015-07-11
5836.685380197121,5072.640993793379,6762.000562454481,0.07500022779188728,9469,61,2015-07-13
4968.378700152391,4411.716927502183,5666.638849995145,0.06221884489433591,5831,61,2015-07-14
4892.476245500487,4385.755325027267,5383.78338840602,0.05091432422362849,5926,61,2015-07-15
4765.9980181679675,4338.486425702874,5292.9703051647475,0.057805678617541274,4550,61,2015-07-16
4854.8694735184,4356.274894858712,5285.0436737101345,0.049825586079036054,4984,61,2015-07-17
4270.206473951788,3380.986644129091,5083.127600967595,0.10545824378399571,5102,61,2015-07-18
4045.366628373863,3492.0168655762423,5216.058700856012,0.0985528574851095,6316,61,2015-07-20
3835.318568739917,3341.236994580027,4626.9922524884705,0.08473493076077261,4803,61,2015-07-21
3868.899760697152,3395.893974651496,4626.9922524884705,0.08067789343891967,5289,61,2015-07-22
3790.520729015169,3320.4207234354976,4512.670168690252,0.07864614262952696,3928,61,2015-07-23
3923.839862572949,3399.137147144302,4711.869655734772,0.08521851151741966,4851,61,2015-07-24
4273.86095392493,3380.986644129091,4995.6234026288375,0.10492795627609647,4675,61,2015-07-25
5778.4854205437905,4929.515935522729,6628.712184763472,0.0873477899602982,7911,61,2015-07-27
5063.557893241208,4256.704174365148,6012.924964810216,0.08286021766223359,6397,61,2015-07-28
5030.506199051817,4397.646483877892,6079.829556056145,0.07944772955225717,6760,61,2015-07-29
5228.196351807384,4367.735997380633,6395.185252009875,0.10314821947192677,5868,61,2015-07-30
5387.132392373437,4540.863210219507,6515.192173657999,0.09940312863227094,5572,61,2015-07-31
3859.8378428924684,3125.277354149152,5262.744022168637,0.11992235968280737,3696,62,2015-06-20
5661.059719730924,5126.7703938791465,6828.573374517584,0.07266675730870442,6062,62,2015-06-22
5614.999443756814,5085.127504563915,6829.018398856009,0.07012988131144783,6539,62,2015-06-23
5476.236412253121,5003.213427889055,6488.276658053368,0.060660305701010234,6106,62,2015-06-24
5467.485109693637,5024.782414169739,6325.83631976137,0.05904336665383061,6494,62,2015-06-25
5627.228680865253,5107.025319195865,6599.794703124824,0.061477332406087694,6514,62,2015-06-26
3912.094515972191,3120.262386081245,5354.5960039642805,0.1321404337311072,4396,62,2015-06-27
9331.619234647264,7475.980400822415,11707.334493663468,0.11421948734050862,10933,62,2015-06-29
8978.413821650325,7209.784113339193,11767.784631250275,0.12524606186882095,9265,62,2015-06-30
7665.135102102245,6748.558613268344,9223.405599089876,0.07817599927477845,8439,62,2015-07-01
7524.14543488888,6593.914110965462,9069.778942363502,0.07658752441028933,6730,62,2015-07-02
7491.741386902238,6693.102746615731,8508.742279473798,0.06397830718028781,7005,62,2015-07-03
3913.3586759652067,3196.83787448952,5205.6871034144315,0.11678521083298977,3747,62,2015-07-04
5859.772695736931,5177.110478177187,8027.159128706752,0.11078940345628202,7268,62,2015-07-06
5717.860865300073,4993.9689965743055,6659.437231833479,0.08442012262480847,5747,62,2015-07-07
5513.036401088627,4911.857442444393,6488.276658053368,0.06720496083068955,5837,62,2015-07-08
5489.003858488327,4948.344700011335,6223.63008908678,0.06085876843999369,5725,62,2015-07-09
5631.960492891106,4948.344700011335,6831.838048725647,0.07402302715486703,6326,62,2015-07-10
3853.322676065494,3125.277354149152,5213.331993131869,0.12175617398194673,3746,62,2015-07-11
9089.804721889739,7641.076496272433,9986.645804443846,0.07071954038413696,8362,62,2015-07-13
8019.151898827972,6832.401488467353,9343.76721510834,0.07746948214107728,8676,62,2015-07-14
7104.122277810431,6495.078794861544,7902.384995702203,0.04924126038828744,7668,62,2015-07-15
7006.523412756248,6439.424690284558,7682.14211705754,0.04578173676140115,7064,62,2015-07-16
7119.621997634693,6472.399914753758,7810.61028828943,0.04870435989644059,6792,62,2015-07-17
3837.529872046133,3125.277354149152,5184.656939511583,0.11642827372427339,3981,62,2015-07-18
5651.573221081875,5140.287857551705,6848.8936633281955,0.07605273436266184,5617,62,2015-07-20
5591.1587315888855,5091.322986660831,6850.175241163771,0.07391911110372205,6115,62,2015-07-21
5444.626981069866,4923.539169752966,6325.83631976137,0.063704402648229,5472,62,2015-07-22
5430.201562536745,4937.12868592939,6218.84957699435,0.05720049951395473,5643,62,2015-07-23
5581.369246032795,5072.411667353812,6457.884261982461,0.06390638941353699,5392,62,2015-07-24
3812.2841799859802,3125.277354149152,5184.656939511583,0.11812846750159867,3043,62,2015-07-25
8923.487060483358,7530.94538663165,9965.232629925667,0.0756282265712637,8619,62,2015-07-27
8143.771309186986,6823.848706984802,9710.41757003947,0.09143081065647014,7593,62,2015-07-28
7421.314372096016,6492.112457360541,8882.78986466089,0.0836358401260515,6820,62,2015-07-29
7714.433424930774,6533.479516345123,9325.553030969211,0.09641888712302177,7181,62,2015-07-30
8143.61546343681,6734.552791653274,9795.069494666688,0.09937840845535477,7495,62,2015-07-31
6667.077392160404,5578.602308349203,7860.962377079563,0.08850041446570431,7841,63,2015-06-20
5740.4823305523705,5123.842156706416,6679.183790225194,0.07440756749461819,4974,63,2015-06-22
5255.036635263148,4504.705391950563,6612.065278009441,0.09547415670260274,4389,63,2015-06-23
5401.149276596696,4918.337256725702,6556.884833450036,0.07084978886551425,4960,63,2015-06-24
5499.243734358091,4954.609387672924,6525.3126779931,0.06602878390813098,5114,63,2015-06-25
6068.160715214385,5400.38084002447,6743.042314243202,0.06395039534596524,5867,63,2015-06-26
6813.2414095711665,5578.602308349203,8116.110301309638,0.10460007182811068,7381,63,2015-06-27
9297.432436935826,7703.126446607836,11829.352140335926,0.11831817641843996,10984,63,2015-06-29
8526.730571605307,6634.550337684662,11528.517782752198,0.1432186881430875,9991,63,2015-06-30
7573.624438050468,6715.668658768261,9180.395178498147,0.07503882483239871,9201,63,2015-07-01
7631.484073408761,6800.5284079741095,8623.92348120914,0.06682198945780374,9031,63,2015-07-02
7944.910768617554,7162.641338742242,9463.22512391253,0.07528615420781372,9218,63,2015-07-03
6822.973837898755,5761.0263833014915,9498.33813480311,0.11779769540695494,8096,63,2015-07-04
5810.321381638456,5003.8483429295065,7996.402187548695,0.10849075199883355,6242,63,2015-07-06
5339.28572996607,4466.777083520605,6763.980047553247,0.09924739856232413,5547,63,2015-07-07
5411.466519671118,4850.793228375933,6446.107518712801,0.07716789689414705,6777,63,2015-07-08
5477.085500384269,4986.722505652043,6285.01245646299,0.06124287260033531,6373,63,2015-07-09
5988.908505628206,5314.137039750632,6777.092210429819,0.06887173017520729,6387,63,2015-07-10
6586.677300912503,5557.697535633343,7626.64195435125,0.08580418598171437,7298,63,2015-07-11
8812.223342514913,7554.286695829367,10124.190182592134,0.07884476350056786,9584,63,2015-07-13
7139.714883518216,6091.7429817139655,8127.612830728674,0.0730093428657575,8287,63,2015-07-14
7081.95147937057,6203.756776903825,7774.8124320535835,0.05976581552823731,7749,63,2015-07-15
7170.777841524649,6243.660176823458,7825.349491240951,0.05451245036927937,9536,63,2015-07-16
7569.754225725384,6730.803180796222,8569.18224676353,0.05328620438910704,8545,63,2015-07-17
6559.048810107182,5557.697535633343,7626.64195435125,0.0854923500946558,7818,63,2015-07-18
5632.3417790528065,4982.043258132782,6590.85072774337,0.07613873195961463,5852,63,2015-07-20
5135.86464311142,4408.587409008747,6086.134618494165,0.08282107151010402,5102,63,2015-07-21
5267.747515782626,4809.745575887379,6074.699799864548,0.06303734998979697,4484,63,2015-07-22
5381.449766491126,4919.861568926261,6093.184443455649,0.06060684882364296,6228,63,2015-07-23
5935.318928464783,5264.955316013647,6688.808689289483,0.06236309933195754,5679,63,2015-07-24
6525.985089657609,5477.118595279659,7626.64195435125,0.08895856973919787,7191,63,2015-07-25
8663.449308349844,6893.414509059402,10451.973582958419,0.0963710519612669,10881,63,2015-07-27
7423.897158787681,6389.5041155498675,8863.693114873176,0.08982016050092458,7707,63,2015-07-28
7406.2345944711915,6244.11297977809,9049.138898004943,0.09258327465348033,8667,63,2015-07-29
8145.5282687049485,6827.188195709491,9522.696565843627,0.09305034196375908,9316,63,2015-07-30
8658.059527461795,7229.211912587697,10398.24025741024,0.10654867269682754,11525,63,2015-07-31
9428.408543805508,8134.751095170821,11127.917362879212,0.08781985699232947,10897,64,2015-06-20
8499.233248274168,7436.072572156106,9915.003852386128,0.07889208222807838,8937,64,2015-06-22
8152.798970436191,6855.156471772561,9276.318605427932,0.06926651865295445,8250,64,2015-06-23
8177.557309608489,7136.885829025757,9262.413010157781,0.06207402616831187,8416,64,2015-06-24
8414.818318312298,7660.37125823173,9667.103360104387,0.0632835658158265,8734,64,2015-06-25
9011.46920401711,8044.480430321841,10818.107389982608,0.0768825094529781,9649,64,2015-06-26
9576.108918107222,8114.035987778614,11585.5897803288,0.09236844687506614,11652,64,2015-06-27
13970.455303498731,11508.856008615601,18204.053536243,0.11290361387570677,17537,64,2015-06-29
12529.965655722264,10131.837349139081,16158.790623875242,0.13228145823311974,16912,64,2015-06-30
11340.231721822085,9949.679769396538,14049.235695938762,0.08602378907786365,10699,64,2015-07-01
11498.481723301253,10304.053174566072,14077.769226495704,0.0782188048568353,12411,64,2015-07-02
11737.946198603768,10352.08867424046,14198.391428961824,0.08105807841837873,14378,64,2015-07-03
9641.605369916357,8159.357957627529,12272.56422345378,0.09982468446734541,10482,64,2015-07-04
8959.66169630515,7481.106631775474,13647.292022487858,0.16007360907724305,9693,64,2015-07-06
8396.551181488157,6934.053738586692,11150.36184760485,0.12103242972209956,8661,64,2015-07-07
8248.266694165995,7088.731122286439,10251.688556001931,0.0946156658809139,10766,64,2015-07-08
8488.812520794601,7422.583562503065,10130.712640202035,0.07518687075017043,10092,64,2015-07-09
8973.500703441598,7675.148766491785,11128.224587766465,0.08442329615862573,9948,64,2015-07-10
9275.012189508714,8125.298168081938,11125.935011465011,0.07791983081336148,9757,64,2015-07-11
13282.224039754998,10812.393921703717,15136.479551881463,0.08140458462522633,16617,64,2015-07-13
10920.933146300495,9267.974106223714,12445.552275238277,0.07543142356311641,13431,64,2015-07-14
10619.053494213362,9267.974106223714,12013.967056978207,0.06709628978016462,11925,64,2015-07-15
10814.714669834988,9350.22106670597,12013.967056978207,0.06425833375812265,12544,64,2015-07-16
11193.672287231771,9443.805298341455,13205.807853089776,0.07473168104667115,11177,64,2015-07-17
9247.036412697285,8086.167370137373,11127.917362879212,0.0803128818570966,10326,64,2015-07-18
8519.034708795418,7213.655446405937,11867.418426696799,0.1183059292374677,10176,64,2015-07-20
8006.036477538985,6827.398840239928,9630.665529992588,0.08922274465953908,7659,64,2015-07-21
8037.616475823521,7049.460173837769,9630.665529992588,0.0805742140985454,7923,64,2015-07-22
8330.478941498292,7318.847401950017,9904.256790161924,0.07597782472347536,8478,64,2015-07-23
8859.52764377025,7832.607341756422,10970.228012779351,0.08333770103168843,9556,64,2015-07-24
9180.006577657525,8064.552848555396,11125.935011465011,0.08247784657834822,9630,64,2015-07-25
13124.266596541593,10413.64487109619,15229.850165578175,0.09199985413649839,15285,64,2015-07-27
11043.835315933406,9357.719918602148,12797.222330182305,0.08203776856418205,12596,64,2015-07-28
11015.40025523701,9257.263917510942,14050.826999531813,0.0949904319364018,11569,64,2015-07-29
11811.814084631595,10089.677078967436,14238.575792253621,0.0959691086085986,13029,64,2015-07-30
12422.639213245871,10318.438130944289,15436.707539187008,0.10696245754714037,13251,64,2015-07-31
2886.5798961993723,2463.021794874283,3538.301443594284,0.09685548374049947,2344,65,2015-06-20
4241.404047716104,3818.811667805933,5395.898570341318,0.07452131605542978,4154,65,2015-06-22
4232.536511844352,3861.3664354793527,4947.7909040135355,0.06328636527459178,4039,65,2015-06-23
4065.749470195833,3635.3475954688324,4901.059413450783,0.07345467727914154,3883,65,2015-06-24
4236.411347311649,3852.0360419382864,4908.440895715972,0.06577330976423226,4518,65,2015-06-25
4477.112095293857,3959.4400299425674,5260.171368514043,0.06499245129469756,4946,65,2015-06-26
2947.071586492083,2463.021794874283,3786.3313207750157,0.10904264158546761,2777,65,2015-06-27
7863.10979279578,6284.497624743562,11240.793646879963,0.1385622288527967,8478,65,2015-06-29
6911.520339242168,5689.9675712335165,9024.931135963565,0.13267964535836632,9173,65,2015-06-30
5862.629964949702,5208.141487948156,7272.0714153521685,0.07809001975180153,5252,65,2015-07-01
5986.725160166516,5304.599946228385,7272.0714153521685,0.0770138480309244,6503,65,2015-07-02
6053.754022048561,5390.681783928471,7129.355420552402,0.075154141243966,6101,65,2015-07-03
2929.8871198533893,2314.4730594114694,4024.3672434122377,0.1268994131554533,3717,65,2015-07-04
4475.52802800529,3788.2927018711966,7390.73870748012,0.15685727306837297,4210,65,2015-07-06
4360.370106227063,3787.5414728497076,5860.5555921741625,0.11050864997831022,4625,65,2015-07-07
4132.793447219442,3659.4632779550866,5388.694287219704,0.09104688121037742,4466,65,2015-07-08
4271.521074378872,3741.451335582104,5543.140320943645,0.089820352943071,4498,65,2015-07-09
4516.376828388784,3867.9672744075788,5395.370386502055,0.0890553409059335,5101,65,2015-07-10
2847.808613762625,2419.6124903963223,3751.6600518362106,0.09845993371975904,3036,65,2015-07-11
7292.027485169395,5693.544887001757,8299.331648376043,0.08768234034798685,7484,65,2015-07-13
6090.583754550624,5237.719218296595,6838.281681030068,0.06510782121813438,6736,65,2015-07-14
5546.9205500786375,4963.791280880015,6234.359577432334,0.05617121651899472,5523,65,2015-07-15
5712.569772916148,4931.9951138372935,6398.58796826128,0.057792847707223934,5890,65,2015-07-16
5810.927849211719,4931.9951138372935,6464.935271794959,0.05933680970371218,5446,65,2015-07-17
2846.4867265700977,2422.799534817804,3751.6600518362106,0.09584472358541432,3078,65,2015-07-18
4291.434766269184,3774.70018617862,5745.600228676015,0.11549355591002984,4602,65,2015-07-20
4244.093649101428,3790.169771841218,5221.489043153515,0.08037769959817911,4030,65,2015-07-21
4050.8089098666624,3638.39543511544,4820.533567892235,0.07363912770075412,3477,65,2015-07-22
4222.1583787236705,3764.506574358741,4944.748488567132,0.07708161471429846,4805,65,2015-07-23
4496.361645747655,3897.818408974262,5276.7155621572265,0.07783729967137012,4443,65,2015-07-24
2828.9681453502185,2398.2139648304615,3453.0522441464946,0.09022185717098315,2837,65,2015-07-25
7184.34881905844,5593.097763929812,8325.706085274716,0.10021689967595328,7436,65,2015-07-27
6197.900415145065,5120.614612722645,7508.990748575113,0.08858749164734944,6670,65,2015-07-28
5768.681044993199,5046.843762928876,7055.881636846791,0.08871634659820675,5356,65,2015-07-29
6310.251208610175,5344.804494149242,7820.032317414375,0.09512701867118026,6652,65,2015-07-30
6554.332699084923,5462.492048613636,8140.33053279791,0.10706537726345294,7156,65,2015-07-31
5940.31221400876,5170.75654006297,6729.043155860187,0.07190568562222356,6212,66,2015-06-20
5271.699273711051,4730.088630213855,6272.889176715266,0.07794182201168669,5028,66,2015-06-22
4922.390133169006,4488.856225467436,5752.698221924997,0.07688941331643238,4548,66,2015-06-23
4917.2444729338595,4418.660481768794,5752.698221924997,0.07692701785715401,4588,66,2015-06-24
5048.039308505489,4584.293486262661,5881.719401310791,0.07213483898776799,5134,66,2015-06-25
5584.50846965518,4956.603360265028,6700.159368608027,0.0710089868122135,5642,66,2015-06-26
6079.813014212281,5320.667818763058,7555.578858210644,0.08838734335705474,6462,66,2015-06-27
8084.14420745257,6815.571793446789,11670.523642439714,0.13653193839447603,8526,66,2015-06-29
7314.406264681389,5883.225059413261,9437.159614056727,0.12998018948520865,8517,66,2015-06-30
6593.205323340053,5898.241438041465,7962.686194639109,0.07910289450165972,5586,66,2015-07-01
6774.7546116794,6072.892917668017,8106.803341017393,0.07662588029171365,6138,66,2015-07-02
6979.0130510110685,6135.040756383074,8096.621443145245,0.07202087468518227,7479,66,2015-07-03
5991.349627420704,5236.67979098205,7609.662285894186,0.08636419667259035,6378,66,2015-07-04
5490.553074923156,4692.454283206915,7900.065631409394,0.12339159128375736,5893,66,2015-07-06
5099.447212294548,4413.16192054324,6524.216473507076,0.10301655719172631,4882,66,2015-07-07
5014.718979500513,4388.358763753483,6308.031905143433,0.09672356758163216,5873,66,2015-07-08
5076.46854606607,4435.525184834762,6357.44665988518,0.08982485402405886,5800,66,2015-07-09
5558.4876220646875,4751.00066760127,6578.358578731827,0.08083908114598193,5900,66,2015-07-10
5873.683365274777,5132.551992886548,6724.176933973134,0.07517468851869723,5930,66,2015-07-11
7527.722800377539,6448.497872944394,8612.256851622858,0.07452424051054259,8895,66,2015-07-13
6398.024215522882,5672.781118564873,7166.7857650363385,0.05827125518654644,7145,66,2015-07-14
6288.970324002667,5753.095581334333,7010.230917690468,0.05032820553317738,6642,66,2015-07-15
6420.799098710062,5806.187971865556,7037.856164290126,0.049339826979317325,6177,66,2015-07-16
6730.157484943512,5900.484192485926,7513.76784868847,0.06146275747230135,6524,66,2015-07-17
5849.330977570044,5092.967256428143,6724.176933973134,0.07527685681614006,7175,66,2015-07-18
5285.07908283428,4620.485561909428,6487.172775017252,0.09882285565933538,5418,66,2015-07-20
4941.2431134764665,4267.12226487656,6822.225422061117,0.10837683188500216,5111,66,2015-07-21
4935.966557288757,4290.639444993484,6608.815960845735,0.1019110621286309,5005,66,2015-07-22
5070.557667425431,4431.9695167549435,6608.815960845735,0.09869763304447904,6430,66,2015-07-23
5553.120268855999,4790.5160551428,6675.589592599989,0.08590807215171094,5314,66,2015-07-24
5822.502694946834,5092.967256428143,6724.176933973134,0.0762658879374509,6398,66,2015-07-25
7462.195045279305,6361.933359738624,8993.88816842182,0.08393061379172587,8775,66,2015-07-27
6578.888437959159,5658.33102688006,8491.273886232013,0.09632405143770635,6927,66,2015-07-28
6581.408534237871,5622.547962287124,8288.808688657227,0.10198450033451524,7050,66,2015-07-29
7103.462992265404,6020.540967530419,8566.338480414806,0.09480464343533218,6937,66,2015-07-30
7533.972566528281,6161.550899327191,9206.433541226279,0.10702463510528806,8306,66,2015-07-31
5414.548265224171,4556.383805932961,6566.612900798399,0.09048289648197409,5491,67,2015-06-20
6544.563905155392,5952.060701408744,7896.36414908783,0.07262196307710728,6886,67,2015-06-22
6473.260068434318,5952.060701408744,7850.759605860225,0.06759328746305142,6428,67,2015-06-23
6387.583031214213,5916.425279790804,7165.687714091233,0.054487184899389265,6082,67,2015-06-24
6355.055893471745,5821.610829642484,7165.687714091233,0.05659126516829296,6482,67,2015-06-25
6456.728401478667,5755.880298242146,7335.9118543081395,0.06574141091169852,6222,67,2015-06-26
5538.691699507893,4556.383805932961,7111.016956017049,0.10870069119836455,5096,67,2015-06-27
11597.270262752096,9472.403528657343,14498.181183208591,0.10750827065458957,12714,67,2015-06-29
10394.762452127336,8650.505842801364,13221.614909719936,0.10925956150400666,11870,67,2015-06-30
9308.697259375109,8303.927767802452,11931.702906894197,0.08201906671992956,10208,67,2015-07-01
9183.778335690558,8271.11313379272,11931.702906894197,0.08291033384370733,8158,67,2015-07-02
8931.895535059122,7971.599244445886,10591.644006431838,0.08249414283299691,8801,67,2015-07-03
5587.191775070302,4816.48063111964,7189.766401514938,0.11269472597951168,4825,67,2015-07-04
6946.971465842688,6106.073491538094,10724.989853486066,0.1343615649880963,7519,67,2015-07-06
6738.495015369992,5961.376159132499,8500.748682418627,0.09131645160978723,6728,67,2015-07-07
6518.519074024201,5966.474484913498,7294.580122934144,0.05550674872049751,7960,67,2015-07-08
6440.647688698881,5943.044684065119,7102.314270919683,0.04788873967804421,7063,67,2015-07-09
6532.502975152721,5892.369974732538,7472.314030709632,0.0641918255365139,6499,67,2015-07-10
5447.27559707453,4777.774428195172,6560.283101063208,0.0833038912099036,5007,67,2015-07-11
11274.287984973262,9461.729701695987,12573.561129015518,0.0763168992454909,11298,67,2015-07-13
9280.579178716875,8251.534257696685,10367.617083138528,0.06043788561487631,10759,67,2015-07-14
8659.61542987766,7913.545200786409,9528.887140494942,0.05410879651098141,9762,67,2015-07-15
8489.114624353748,7707.593435930227,9291.658807779566,0.05264339959648414,8816,67,2015-07-16
8347.857653028936,7707.593435930227,9144.792066255874,0.043156310713080494,8005,67,2015-07-17
5449.62809939752,4816.194671805366,6717.37860044249,0.09104220360693148,6744,67,2015-07-18
6615.286662707624,5992.104953765933,8162.169402400045,0.09034813674264776,7714,67,2015-07-20
6531.153919662141,5961.376159132499,7850.759605860225,0.07239866649808302,7537,67,2015-07-21
6436.695209354907,5939.397076283121,7165.687714091233,0.05458457427067958,6554,67,2015-07-22
6393.699992452632,5821.610829642484,7165.687714091233,0.055616705508973144,7654,67,2015-07-23
6475.537511962591,5767.332854922022,7335.9118543081395,0.06325018583395674,7023,67,2015-07-24
5422.358442548886,4674.2918670744075,6717.37860044249,0.09673610625536275,6107,67,2015-07-25
11093.784986341336,8564.06148989361,12589.726960283157,0.08564020776672361,13569,67,2015-07-27
9506.906252614395,8211.219769551059,11003.338982841084,0.07185335992311791,11285,67,2015-07-28
9143.558725342733,7908.616714286879,11448.823978462182,0.09185020179369416,10662,67,2015-07-29
9688.899697878618,8136.9011851714085,11790.947299089024,0.10007945687528352,10875,67,2015-07-30
9895.486220034436,8004.051386126511,11994.20848750859,0.10687689481031845,11035,67,2015-07-31
7766.781313069497,6436.362221025406,9144.854990039345,0.10082938232048466,8662,68,2015-06-20
6490.0732323160555,5582.96224644826,8822.864727904598,0.1185715610136443,6505,68,2015-06-22
6104.003469944093,5188.4253972379165,7944.382475512796,0.10814458338366008,5830,68,2015-06-23
6216.863713803436,5478.116785818891,7755.0787072583935,0.09068223328905986,5802,68,2015-06-24
6102.554320533842,5338.602441336712,7647.1027365791915,0.09235397253263442,6243,68,2015-06-25
6471.83415158456,5633.918170936891,7778.1322363975805,0.0891212685101933,5980,68,2015-06-26
7912.80607873546,6511.75570152684,10147.604995861655,0.11370950940331219,7543,68,2015-06-27
8557.382777702418,6894.713409553317,11206.3932098882,0.12707150624663974,9327,68,2015-06-29
8720.434413452751,7142.584234834799,11607.006716478472,0.14299563559263534,10370,68,2015-06-30
8384.482179698842,7210.708253728385,10464.643647048373,0.09768472442776756,10357,68,2015-07-01
8194.7759338038,7158.185022006447,10259.57847429029,0.09851116149512469,8701,68,2015-07-02
8272.048230871449,7101.475429875363,10469.32980907827,0.09814400940188525,8345,68,2015-07-03
8056.9762983786395,6608.290760099051,10864.673518588292,0.1273028804887022,7653,68,2015-07-04
6885.36353177478,5924.7703922693145,9320.745263045446,0.10521345539268423,8612,68,2015-07-06
6518.615810763138,5508.76569549298,8261.722488362686,0.10868431443875418,7020,68,2015-07-07
6505.456415606473,5762.126469402062,7930.412345160248,0.07809037849028054,8721,68,2015-07-08
6358.064451950952,5528.595378529333,7520.38856936497,0.08297160945030464,7228,68,2015-07-09
6656.855672651986,5882.173685776702,7901.698460966733,0.08074269752013735,6727,68,2015-07-10
7755.077965068084,6457.660816207334,9229.967266596277,0.09908075882840557,8640,68,2015-07-11
8418.54091580272,6782.163143960758,10461.746009433667,0.10128790868282317,11092,68,2015-07-13
7730.291155560034,6718.328995053428,9086.513752130459,0.08128661065069398,9346,68,2015-07-14
7748.5819892683885,6718.328995053428,8842.423148453992,0.0735866584679934,8884,68,2015-07-15
7561.087637532982,6471.641851954453,8639.126809329906,0.07484053396755178,9002,68,2015-07-16
7752.178971613703,6857.035821748375,8622.444095666331,0.06377130252251692,7758,68,2015-07-17
7745.844992639989,6468.573477514039,9229.967266596277,0.09663722219823492,8873,68,2015-07-18
6678.444443911869,5748.581017970999,8933.332402442173,0.10205749435264728,9284,68,2015-07-20
6247.804057774311,5306.876917095117,7716.418641965637,0.09481313366633475,8614,68,2015-07-21
6366.873706522493,5613.235750568681,7637.016702267704,0.07761158285207023,8215,68,2015-07-22
6266.966002877899,5498.0212886428235,7520.38856936497,0.08501635218185842,7984,68,2015-07-23
6611.086544250182,5849.98596235152,7771.878362977835,0.08231822062462008,7358,68,2015-07-24
7744.983536072247,6468.573477514039,9229.967266596277,0.09719782255547889,6854,68,2015-07-25
8353.216725163737,6440.177294458658,10545.208443927464,0.11936533604733399,9701,68,2015-07-27
8027.837383205373,6856.343984110996,9773.854610870349,0.09351394083355764,8195,68,2015-07-28
8213.695549662174,6831.468714118514,10001.85132757851,0.102002231631294,8626,68,2015-07-29
8629.139470235226,7138.398447622531,10728.05667355772,0.11824571936700702,7780,68,2015-07-30
9242.313824669114,7257.998695370895,11497.197747754131,0.13042297780082543,11187,68,2015-07-31
7938.131338731048,7106.858789293999,8923.215785901011,0.05989103759002845,6895,69,2015-06-20
8011.212811099828,7086.50014892116,9571.243112641703,0.07067497466137317,7655,69,2015-06-22
7909.5815967756225,7115.493697171727,9132.738731640713,0.06445013756888787,8137,69,2015-06-23
7660.92252924558,7046.760704142189,8473.109067424231,0.05062507376607676,7255,69,2015-06-24
7706.297118396895,7145.335635587721,8425.862975035845,0.04844656532028893,6603,69,2015-06-25
8331.775018513981,7474.723593964254,9573.96816757955,0.06720643231499247,8437,69,2015-06-26
8186.1840014274385,7106.858789293999,9781.566811716413,0.08223205816530793,7520,69,2015-06-27
12827.225408390977,10948.813735838454,16515.43328342116,0.10767906353433884,12758,69,2015-06-29
12097.415525641642,9993.927967848287,15874.389381341723,0.11655956956879547,13592,69,2015-06-30
10591.388574905257,9474.0729044959,12865.399001636342,0.07675675506892901,10041,69,2015-07-01
10570.171790905997,9541.721208396008,12599.337038002966,0.07041149281388677,8946,69,2015-07-02
10838.367980636298,9724.610239573822,12685.99232674119,0.07046922735070797,13237,69,2015-07-03
8137.431243392414,6751.046979293635,9827.725002137644,0.09393132646449291,6638,69,2015-07-04
8520.462487076406,7013.943317159109,12479.158667563732,0.15026153456248062,9407,69,2015-07-06
8272.818174128319,7143.447751981564,10946.635506330873,0.10579478282223513,7295,69,2015-07-07
7799.759279566555,6928.227624403108,9865.178512568298,0.07324106237943265,8509,69,2015-07-08
7808.21672382833,7153.398560729283,9246.14301270331,0.06459412431415648,8223,69,2015-07-09
8350.74961652081,7427.322783138063,10351.621878532824,0.08227198784362642,8514,69,2015-07-10
7938.318087180418,6974.474348960246,9199.51454820619,0.06997987568170846,7599,69,2015-07-11
12066.645592217612,9716.743179388073,14152.15222110321,0.09011117936544562,12181,69,2015-07-13
10607.369813158393,9107.674958094301,11765.228469976471,0.06481862913206296,10869,69,2015-07-14
9905.099758476717,8906.11226870127,10989.578944375307,0.05413868376130108,9854,69,2015-07-15
9917.077183773834,8917.79722330314,10871.45527682247,0.05219981089833561,10614,69,2015-07-16
10306.684977541572,9401.189893101959,11310.13271253543,0.05118538054494758,9441,69,2015-07-17
7892.8229503564635,6974.474348960246,9199.51454820619,0.07206550046098471,7540,69,2015-07-18
8122.899217796184,6925.2174390674245,11215.080104150442,0.11165409264589389,9259,69,2015-07-20
7993.198422141201,7069.988582480317,10123.307763746645,0.08531313108896663,8753,69,2015-07-21
7693.700461393814,6925.2174390674245,9472.899529718145,0.07313341262475952,7670,69,2015-07-22
7746.683978417296,7107.247365774343,9472.899529718145,0.07097845520858925,8173,69,2015-07-23
8273.837978298281,7267.104179416055,10358.779306956578,0.08537658941554778,8095,69,2015-07-24
7857.467237510919,6892.229736893916,9199.51454820619,0.07309274299700552,7556,69,2015-07-25
11928.581015199125,9349.056455301708,13791.794926766801,0.09345831794788581,11636,69,2015-07-27
10887.074745592176,9230.760214079586,12424.36673137018,0.07411522456797655,10843,69,2015-07-28
10487.165079137987,9217.058982472949,12785.57262706972,0.08520369886870266,9962,69,2015-07-29
11049.843964633073,9569.675417408635,13458.705379542993,0.09506311878751299,10252,69,2015-07-30
11725.521651556459,9957.542976297838,14334.90010492582,0.09438709483260736,11204,69,2015-07-31
5663.167268137982,4947.941339900677,6560.928288732301,0.08211730842880728,6078,70,2015-06-20
5605.31823911229,4961.000455895473,6633.021417650448,0.09104361267146595,4562,70,2015-06-22
5405.080805281437,4831.246256125882,6464.49358669174,0.08157335979797022,5058,70,2015-06-23
5293.6069166064635,4753.699543588525,6377.650279643089,0.07413343537324925,5069,70,2015-06-24
5302.114952681531,4753.699543588525,6377.650279643089,0.07417762947464569,5492,70,2015-06-25
5709.715133392539,5157.815640114463,6484.491837265781,0.0662936019794906,5032,70,2015-06-26
5824.643671220057,4994.5318834640075,7552.966813429202,0.10015338693594848,5448,70,2015-06-27
9726.857990092318,8232.889209119701,11823.388539265014,0.10335457021051668,10331,70,2015-06-29
8413.031716357058,6923.665624673264,11306.0448850778,0.13012827786252243,9046,70,2015-06-30
7221.749687882306,6423.816747691406,8839.203731221025,0.08887510938659463,8337,70,2015-07-01
7179.22882598128,6423.816747691406,8740.018650225007,0.08545143451502102,7484,70,2015-07-02
7282.032466661194,6569.417510880658,8524.081778771348,0.07276331686575083,7690,70,2015-07-03
5661.620317099761,4920.996155226399,7554.1050210360145,0.10075351927020208,5321,70,2015-07-04
5677.904367512908,4969.79024748437,8683.40281500614,0.12400868913481203,6335,70,2015-07-06
5443.430423274969,4822.7019358155285,7393.866163384081,0.09728865849978724,5436,70,2015-07-07
5218.331092100834,4724.01471928703,6557.255043248168,0.07749484571952288,5419,70,2015-07-08
5195.368015772107,4724.01471928703,6076.528542771018,0.061390515935884495,6333,70,2015-07-09
5569.763828682795,5018.610614936285,6456.335627855703,0.0643297251649418,6096,70,2015-07-10
5455.939920214426,4830.992965143451,6221.146439313406,0.07697606499367794,4890,70,2015-07-11
9111.842264756899,7513.3664267438635,10264.667648159939,0.07564774895379638,9281,70,2015-07-13
7198.601686724788,6389.403203688467,8070.165387095475,0.06196722668137317,8041,70,2015-07-14
6736.917852393651,6099.936697044856,7293.658602241286,0.04583391987262531,6968,70,2015-07-15
6745.043644961164,6198.795396137798,7293.658602241286,0.0418642952383037,7095,70,2015-07-16
6973.455785868531,6427.832768580432,7535.068790461506,0.04133489732859194,6038,70,2015-07-17
5438.286400445583,4766.676122273981,6221.146439313406,0.07932786903888464,6154,70,2015-07-18
5452.855449110846,4964.3792422789475,6171.725866501077,0.07534711015019628,6401,70,2015-07-20
5242.945896892106,4757.394044312695,6326.921696644846,0.06913064874046188,5479,70,2015-07-21
5120.448998655075,4605.323216364411,6076.528542771018,0.06949003050901133,5767,70,2015-07-22
5130.819009322002,4640.598599604436,6076.528542771018,0.06723290845576392,5585,70,2015-07-23
5496.626701418178,4967.844976208978,6456.335627855703,0.06795146565144292,6955,70,2015-07-24
5405.980650439654,4736.0044030390945,6115.082586893876,0.07824436479514532,5470,70,2015-07-25
8951.651471060044,7576.212128791468,10271.026474745855,0.082092354325673,10017,70,2015-07-27
7317.017331962362,6503.545131324369,8886.585269040175,0.07046844646982665,8317,70,2015-07-28
7012.733814490838,6206.93703234622,8940.528388754325,0.08699383839796539,7258,70,2015-07-29
7574.758661352619,6291.5753914978395,9400.081810023401,0.09801518577702703,8034,70,2015-07-30
7994.895251170881,6640.468534352672,9363.425082980524,0.08875692402136356,8613,70,2015-07-31
6911.200390259702,5914.64240951891,8292.902339674898,0.0877857645427017,7113,71,2015-06-20
7507.0037338624725,6569.617591931544,9634.288270436797,0.09803941112813339,7875,71,2015-06-22
7338.646753607366,6517.2568386507955,9067.930356803132,0.07978436516156787,8006,71,2015-06-23
7213.753420663024,6458.2744822160585,9066.275535372306,0.0771656178562454,7097,71,2015-06-24
7217.079397469893,6458.2744822160585,8993.051567992976,0.07366560213564943,6970,71,2015-06-25
7686.277489545161,6752.147637264697,9402.091579476948,0.07791035023515516,6973,71,2015-06-26
7124.122622335841,6081.014464709895,8746.552734732468,0.09915531344983299,6428,71,2015-06-27
13546.906129483867,11011.612628501336,17708.478190630292,0.11285318256346977,15224,71,2015-06-29
11794.874785725873,9309.448262187996,15654.923759412808,0.1328905315342712,13171,71,2015-06-30
10497.655537681292,9360.314399450224,12682.117623124617,0.07886169411280772,11837,71,2015-07-01
10395.742251006097,9332.57064804706,12656.44898758812,0.07667425447393056,8829,71,2015-07-02
10718.987031771165,9649.450539189702,12381.136159434585,0.06631518231406414,10501,71,2015-07-03
7200.1247487195515,6008.479311874776,10879.568424824713,0.1301161980546851,6548,71,2015-07-04
7852.1229015753215,6779.516069363919,11205.998489266623,0.12406859739758419,8449,71,2015-07-06
7656.169733520553,6779.516069363919,10275.910861897333,0.1009887124733151,7128,71,2015-07-07
7270.407920561819,6583.714781450996,8276.478718860635,0.06182770754861023,7523,71,2015-07-08
7246.103652305777,6583.714781450996,8121.170326472263,0.060576478009746394,7277,71,2015-07-09
7800.745731949965,6882.436525767834,9520.082302702278,0.07689370274549397,7333,71,2015-07-10
6957.384504126563,5910.471962588619,8075.757665559055,0.08373082212618906,6238,71,2015-07-11
12967.442227097737,10392.288441972283,14326.552566205188,0.07512146935984568,13280,71,2015-07-13
10640.041768034996,9464.177519618026,12146.181580428522,0.06579819460094824,10992,71,2015-07-14
9788.88526563255,8892.875844755123,10668.504014644746,0.05862051209216348,9977,71,2015-07-15
9756.88133889004,8892.875844755123,10612.974149832886,0.05945855377820426,9432,71,2015-07-16
10176.338448868542,9212.414013196498,11537.980629773392,0.054527787094411785,9399,71,2015-07-17
6932.582705193451,5881.0384258352715,8075.757665559055,0.08705501824727391,6054,71,2015-07-18
7531.160434589936,6676.699283805256,9809.870693568286,0.08811123981662321,7682,71,2015-07-20
7441.383244414775,6687.912177810095,8943.558737540718,0.07591221898190183,7110,71,2015-07-21
7228.48352798901,6568.490558445994,8299.584712278758,0.06466720728000917,6306,71,2015-07-22
7225.746606899912,6568.490558445994,8299.584712278758,0.06445996958699636,6867,71,2015-07-23
7692.034750762736,6790.568625834048,9222.544629236812,0.07105491903562415,6642,71,2015-07-24
6901.744607396028,5810.416224769378,8075.757665559055,0.08824670050839649,5346,71,2015-07-25
12740.606582366645,9657.38845803726,14354.647707774584,0.1007828514574498,12920,71,2015-07-27
10777.380361897642,9098.706546338895,12323.495896318082,0.08224038637080432,11661,71,2015-07-28
10366.61458549646,8882.387386859986,12547.242325074283,0.090948541755549,8806,71,2015-07-29
10707.181216104722,8937.706179651077,13270.813917973475,0.09294719508375358,10090,71,2015-07-30
11611.472510894031,9629.109799198552,14096.194950598512,0.10034590359533442,11545,71,2015-07-31
2423.299988493545,2094.496707562575,2957.1536094609874,0.08711229150989484,2031,72,2015-06-20
3760.147381220624,3264.9296903384666,4434.021149861601,0.0964736361496126,3470,72,2015-06-22
3687.125108485642,3256.088917042252,4464.145383921478,0.08281138779066735,3351,72,2015-06-23
3600.7578897432263,3250.77361941555,4308.666967730904,0.07276467910240406,3590,72,2015-06-24
3602.4136716078942,3250.77361941555,4308.666967730904,0.07247015104059437,3735,72,2015-06-25
3701.5542573912417,3284.0255862565814,4663.079722221022,0.08368158611876225,3685,72,2015-06-26
2478.550500830986,2136.284011780217,3046.8154439389627,0.09745656773401551,2338,72,2015-06-27
7887.223041969138,6213.4699683594545,10761.261093801986,0.13556830894958943,9503,72,2015-06-29
6363.859924256636,4813.747725855554,8841.718305085195,0.1577808417815209,10073,72,2015-06-30
5330.796859345319,4648.772732951403,6396.114642303293,0.07588826940102732,4867,72,2015-07-01
5321.358973097217,4648.772732951403,6432.314435162998,0.08120535773221609,4489,72,2015-07-02
5310.58394224464,4676.360110357175,6396.114642303293,0.07810572033869054,4545,72,2015-07-03
2492.3976972293367,2094.496707562575,3330.7696184785127,0.11798738244725974,2515,72,2015-07-04
3966.970490960416,3220.830072187122,6670.129917285753,0.17164084118313971,3499,72,2015-07-06
3846.5794468442277,3306.997126258609,5419.683195115572,0.12767252208063415,2951,72,2015-07-07
3696.865770095803,3232.3734896626393,5006.027444335725,0.11142885203542725,3519,72,2015-07-08
3633.471088003474,3174.8928588893755,4676.792443373719,0.08891641386397069,3873,72,2015-07-09
3716.1388716261254,3238.4277995323464,4888.618046939678,0.10143861251544048,3635,72,2015-07-10
2420.837006870016,2099.453768140088,3031.0944059362046,0.09223325981393271,2384,72,2015-07-11
7474.110937664603,6204.855299696891,8348.38208018707,0.08060962594179492,7584,72,2015-07-13
5644.970146369855,4875.418201706005,6483.193989465641,0.07242176204206575,5489,72,2015-07-14
5089.529032798968,4446.598887190544,5680.521713321465,0.0640393858469925,5727,72,2015-07-15
5069.208662224498,4446.598887190544,5704.55189530611,0.06770247375388631,4756,72,2015-07-16
5087.489557447224,4485.965654632012,5704.55189530611,0.062744602662616,5073,72,2015-07-17
2417.9648730173094,2099.453768140088,3031.0944059362046,0.09084470603313674,2560,72,2015-07-18
3834.565824066662,3204.094539537933,6288.172474679725,0.15230206835055282,3821,72,2015-07-20
3693.2288583191153,3174.4426480847746,4903.12469616583,0.10529521595289153,3439,72,2015-07-21
3602.606740494539,3195.0582419688367,4545.826089462155,0.09062615686290776,3245,72,2015-07-22
3588.225536039881,3195.0582419688367,4378.760057109235,0.08414523376500208,3535,72,2015-07-23
3690.620280500065,3202.598721728164,4708.81324786268,0.10221908133907268,3343,72,2015-07-24
2407.286573844531,2076.668804292246,3031.0944059362046,0.09332714026879783,2112,72,2015-07-25
7341.466922104695,5844.7108027136255,8492.21342188055,0.11514231858628261,7992,72,2015-07-27
5727.81818246747,4836.917061872634,6989.672257446008,0.09597230259221541,6659,72,2015-07-28
5295.317063893455,4202.883145831049,6552.6170663771445,0.10536426073250613,5366,72,2015-07-29
5637.914978336007,4502.998702072605,7286.7649731128595,0.11789248358040483,5434,72,2015-07-30
5820.686473917174,4691.267145689565,7504.612406836804,0.12944879267598816,5251,72,2015-07-31
2556.2080857997485,2250.9318430412573,3284.0761001106775,0.10137411323871807,2414,73,2015-06-20
4138.501786445796,3671.675502551918,4746.045016435954,0.06834631063538267,4052,73,2015-06-22
4053.830672387232,3671.675502551918,4579.936170090677,0.06328363920025186,4292,73,2015-06-23
3870.311329864559,3433.7935685186467,4454.674107766717,0.06247385938758883,3847,73,2015-06-24
3987.3552661714007,3647.885820462522,4498.795245601392,0.057819902120589364,4065,73,2015-06-25
3968.545329381347,3520.5227932571624,4513.892151425241,0.06678188520293045,3912,73,2015-06-26
2610.234369653856,2254.860735914729,3520.683035035482,0.10768122695052558,2828,73,2015-06-27
6553.110445599768,5471.441300160917,8000.987897745074,0.08676746241586104,7077,73,2015-06-29
6017.645023321799,4847.6073066541585,7781.604032374743,0.12367819088135454,6746,73,2015-06-30
5158.749639500322,4488.582401882965,6127.1132896572635,0.0802382194126999,5433,73,2015-07-01
5327.580609301048,4574.53533181716,6223.849538532577,0.07997623553472147,5336,73,2015-07-02
5056.2526400214465,4469.660598280237,5960.453595903489,0.07084142446707523,4981,73,2015-07-03
2564.386756259944,2233.834062147193,3485.4372678613754,0.11770822997656719,2673,73,2015-07-04
4313.791874573227,3663.3550566994345,6133.892595523246,0.12254583877389531,5059,73,2015-07-06
4151.156137562698,3548.9019443786283,5215.579574597508,0.09644039177517663,4623,73,2015-07-07
3890.4980301243513,3417.0037627039237,4565.385052865201,0.07414153191866507,4246,73,2015-07-08
3978.525771824027,3548.9019443786283,4519.283857401042,0.06286331435929485,4278,73,2015-07-09
3931.089207998254,3509.0906372982618,4583.315192420015,0.07278476627555315,4256,73,2015-07-10
2521.239652925332,2222.0669200422976,3284.0761001106775,0.1035750894335546,2672,73,2015-07-11
6254.289829568471,4982.399029736153,6879.491470126488,0.078140077027818,6936,73,2015-07-13
5448.669974523813,4487.6372853949015,6535.733489098617,0.09031301778163661,6926,73,2015-07-14
4786.829109959305,4337.993161853076,5419.203022443233,0.05531607227875105,5147,73,2015-07-15
4951.705832197262,4439.993673538305,5526.955218858733,0.06135782496114486,5158,73,2015-07-16
4770.145238924591,4343.605682086482,5297.972935707798,0.051066201428543456,5021,73,2015-07-17
2515.6656143826626,2209.6942858318394,3284.0761001106775,0.10483254993763821,2554,73,2015-07-18
4119.981764178823,3606.1196714983553,5066.825944435332,0.08772686343225831,4963,73,2015-07-20
3977.052464148019,3555.3535319142397,4495.762422763402,0.06440713406826801,4081,73,2015-07-21
3810.1227603130037,3426.8839316180097,4357.208121257832,0.0620714818895686,3737,73,2015-07-22
3910.608399116895,3489.113673190714,4438.955175434418,0.059759521852294814,3855,73,2015-07-23
3891.7962890362232,3438.053564566351,4524.833065551052,0.069376032540129,4138,73,2015-07-24
2494.8119075401614,2209.6942858318394,3235.1817066565704,0.09400922229546071,2526,73,2015-07-25
6114.864780759073,4906.9295667003325,6817.305619801611,0.09954101684224277,5895,73,2015-07-27
5446.68897064877,4487.6372853949015,6502.857164421466,0.09075551211357044,5460,73,2015-07-28
4943.07859379512,4271.312179788542,6003.011437405604,0.08647035995084751,4605,73,2015-07-29
5377.5217152134,4628.306184807963,6449.302587069041,0.09219516640542202,4998,73,2015-07-30
5299.212453138004,4455.985966683209,6563.473060832569,0.10572502280247038,6026,73,2015-07-31
4982.920760317812,4475.214798531591,5693.286948891176,0.0756590897361065,4989,74,2015-06-20
5336.006175047814,4778.130631090013,6473.675880485898,0.08893190068358278,4684,74,2015-06-22
5242.122768106137,4708.38424306204,6571.481844038647,0.07973201597806052,4984,74,2015-06-23
5133.124294330147,4586.226368542129,6130.3058344362,0.06950556415788048,5317,74,2015-06-24
5028.229437647288,4441.324929669524,6008.680973203809,0.07231044330785077,5463,74,2015-06-25
5121.452982993659,4562.676011818087,6008.680973203809,0.07024793824709984,4821,74,2015-06-26
5141.968123631257,4463.02429622669,6408.786355213124,0.09728339287707456,5245,74,2015-06-27
9120.374902847672,7429.178148172432,11417.22513282126,0.11578696818724608,10339,74,2015-06-29
8064.82595893474,6589.337489438268,10214.8755737375,0.1216506398057402,8983,74,2015-06-30
7161.5402491370605,6443.705149792782,8598.932714596507,0.07564895932423724,7333,74,2015-07-01
7092.609848244307,6371.861395260228,8590.146793488595,0.07741759614151063,6419,74,2015-07-02
6975.435114381172,6149.672217529943,8132.173324666033,0.07522155690572306,6293,74,2015-07-03
5005.891545935024,4433.168999012208,5952.498724228863,0.07834985862884634,3739,74,2015-07-04
5535.535368408431,4846.014210629862,8574.500354975025,0.12274547989923787,6173,74,2015-07-06
5354.862429455162,4603.423940868156,6951.404312614221,0.10365758014172743,5041,74,2015-07-07
5098.2455106379375,4514.614781020143,5844.601802713922,0.06987422454929804,5064,74,2015-07-08
5008.324094729217,4356.736115109384,5721.817845162541,0.06842377607057913,5274,74,2015-07-09
5095.6271412097585,4536.87107271039,6014.9506531566385,0.07027128870507686,5045,74,2015-07-10
4911.664274693689,4391.247862960444,5462.707256585837,0.07604378442905081,4115,74,2015-07-11
8862.691615456426,7015.478217526018,10021.821730245427,0.07593215729894219,8159,74,2015-07-13
7239.53480977988,6399.608178266271,8063.577102313811,0.05966761427743343,7084,74,2015-07-14
6599.79104688644,6111.080359504638,7201.213470284436,0.042542020484527404,6649,74,2015-07-15
6532.7301507570555,6009.571782353231,7063.0980487532115,0.04476607338743239,6070,74,2015-07-16
6513.260543263668,5986.715914348183,7059.217213627041,0.04729385613523182,4881,74,2015-07-17
4897.275833277012,4323.938350540657,5462.707256585837,0.07756163776871826,4527,74,2015-07-18
5280.5268874676185,4724.721699357685,6473.675880485898,0.09078849205968698,5423,74,2015-07-20
5165.203134228868,4626.694403557964,6438.756326682201,0.08159436782147245,4800,74,2015-07-21
5067.439103450693,4562.676011818087,6021.129105323132,0.0708053476683693,5165,74,2015-07-22
4964.597648216107,4441.324929669524,5745.147581990899,0.073175214543838,4540,74,2015-07-23
5036.986178665455,4533.748047044086,5737.3197476711575,0.07200237660153085,4377,74,2015-07-24
4880.538752661157,4323.938350540657,5462.631332268341,0.07745325144690747,3312,74,2015-07-25
8664.145079257862,7113.214986812613,9896.436559332964,0.08056677176066784,7765,74,2015-07-27
7380.982815072817,6365.153832113655,8412.139576740647,0.07121808727674926,6983,74,2015-07-28
6964.728466393033,6113.481322465049,8401.194529710465,0.08494190834982782,6804,74,2015-07-29
7351.020132619267,6226.3599529071125,8548.034521821945,0.09520917601299703,6349,74,2015-07-30
7598.938251268987,6201.467381883781,9287.230108647846,0.1067344852127342,7518,74,2015-07-31
5617.319843624134,4736.0044030390945,6532.371279660799,0.08684561671034582,5586,75,2015-06-20
5160.31045641853,4600.050922930521,6297.96326914799,0.07893848276505065,6066,75,2015-06-22
4830.170377603462,4281.717915739978,5653.195541803913,0.07465488450756458,4767,75,2015-06-23
4828.429306624572,4306.622111289421,5587.3765331562145,0.07231350174748644,4818,75,2015-06-24
4879.285407040861,4463.779726188862,5614.480135152446,0.0665127565431436,4648,75,2015-06-25
5418.849488450241,4797.511832750912,6456.335627855703,0.07026621084810662,5466,75,2015-06-26
5697.344719092483,4757.042439335094,6768.819038060933,0.09452415832782461,6485,75,2015-06-27
7761.984759994534,6439.2699861864885,9702.247468513498,0.10552958984366484,8981,75,2015-06-29
7131.694723134742,5503.177119803538,8933.543511021418,0.12359464727965401,7809,75,2015-06-30
6566.590279913867,5595.0312357614785,7842.122987695528,0.09354479697411582,7179,75,2015-07-01
6647.056852335728,5701.6253583531125,7991.755551092593,0.0948241337179525,7039,75,2015-07-02
6953.2938952470795,6038.314984093888,8271.73046217871,0.07921876777058871,6871,75,2015-07-03
5904.248631638202,4895.466241536796,8199.41905432232,0.11244245425860853,6055,75,2015-07-04
5487.999983243086,4779.25713330994,7229.557151982773,0.10980977529822213,5721,75,2015-07-06
5142.14688524971,4495.872832668123,6434.705519072814,0.09792024235368148,5432,75,2015-07-07
5059.888455796298,4466.0988771857365,6285.303665343513,0.09160441068776663,6329,75,2015-07-08
5045.265677600154,4515.858881557799,6184.718211112082,0.07718261131375603,5431,75,2015-07-09
5571.742919443383,4919.040854807451,6623.095310596213,0.07607604593770109,6104,75,2015-07-10
5714.000892136656,4959.199487606699,6662.794652661636,0.08459028363972637,6196,75,2015-07-11
7450.192774847028,5881.696815878394,8442.155442876207,0.08334785438528165,8207,75,2015-07-13
6247.985748941229,5397.850305527789,6999.445301511776,0.06992647019296458,6367,75,2015-07-14
6135.411744678459,5260.147480685124,6901.830677916384,0.06649378119677597,6341,75,2015-07-15
6202.004633146293,5260.147480685124,6929.254411025371,0.06656502119864935,7032,75,2015-07-16
6617.737429855616,5789.979696527713,7438.463701992389,0.06246059925789028,7778,75,2015-07-17
5715.380216763308,4959.199487606699,6702.772733311924,0.0854353126621233,6822,75,2015-07-18
5307.874205649977,4713.144393919368,6549.993338774065,0.08657756321351073,6816,75,2015-07-20
4941.472110183493,4401.699814044006,6434.705519072814,0.08628859445687627,5720,75,2015-07-21
4942.516032132404,4444.944416305429,6434.705519072814,0.08499767075003871,5065,75,2015-07-22
4986.710373818477,4515.858881557799,6434.705519072814,0.08007874298574422,6630,75,2015-07-23
5504.647391236267,4879.555460006683,6595.668114542797,0.07569343688252232,5503,75,2015-07-24
5689.618313294056,4906.726424861664,6662.794652661636,0.08715127838690771,5809,75,2015-07-25
7342.574312289049,6108.740129705247,8383.90409286654,0.08670097433936585,7346,75,2015-07-27
6446.9520687337545,5411.212162431415,8012.057799450969,0.10653845241614718,6292,75,2015-07-28
6469.815580874774,5230.7520762575095,8120.970160609268,0.10939572690407533,7476,75,2015-07-29
7009.006584946969,5660.392523757972,8589.519381422893,0.11433128105673628,7551,75,2015-07-30
7548.086142273312,6154.370550646966,9245.642712115508,0.1094991161900415,7444,75,2015-07-31
7946.024849708482,6923.239424155583,9128.546378147279,0.06801922878138254,8796,76,2015-06-20
7816.283538743304,6913.412460250799,9810.514975281514,0.09333704267827315,7665,76,2015-06-22
7309.721115291914,6301.801570161488,8534.135379823201,0.08188317905912033,7345,76,2015-06-23
7227.120094838334,6292.682705661136,8401.300420561032,0.07144039671928952,6711,76,2015-06-24
7249.101536873261,6292.682705661136,8401.300420561032,0.07037919493717716,6954,76,2015-06-25
7817.025943069798,7050.927763965262,9122.1763172089,0.06368781526541814,7327,76,2015-06-26
8084.469484987346,6901.60515656784,9626.360275061832,0.08894203748202938,7570,76,2015-06-27
12595.78413931748,10739.346064274398,16066.581088701776,0.10082287851105286,12719,76,2015-06-29
10943.438896510806,8534.428064685568,13852.91923151956,0.12461208437582998,10731,76,2015-06-30
10018.344026640885,8868.71385577674,12263.607539624783,0.0806571785761407,10664,76,2015-07-01
9979.620176961087,8889.34729051241,11868.915244093281,0.07555974075431805,9923,76,2015-07-02
10415.79446851953,9354.236846544472,12069.89945026702,0.07057255907377442,10223,76,2015-07-03
8192.102640901532,6944.7805973012955,10844.185798946657,0.10175880299034115,8616,76,2015-07-04
8075.311233827158,6775.546556466934,10858.27529095381,0.1165192895599844,9392,76,2015-07-06
7571.0856899058645,6441.042173677805,10094.45355366482,0.1046328035580723,8134,76,2015-07-07
7327.833412018275,6413.751094556294,8728.070809202874,0.07968132585165616,7815,76,2015-07-08
7291.196711505629,6441.042173677805,8401.44839300895,0.0695956718397574,9062,76,2015-07-09
7914.873110664336,7100.92917037951,9222.544629236812,0.06766225099247768,9291,76,2015-07-10
7869.899058810134,6859.037088576124,9130.212564306637,0.07246042982922213,8875,76,2015-07-11
12084.017506436885,10146.969068762306,13707.02216747916,0.06898586497774145,7160,76,2015-07-13
9691.32324715517,8472.07375254073,11130.548881798626,0.062302314098210236,12397,76,2015-07-14
9303.109589191912,8328.748563945837,10286.991092133376,0.05557857071243693,10562,76,2015-07-15
9308.310684045528,8328.748563945837,10286.991092133376,0.05549149059659982,9876,76,2015-07-16
9822.70079000553,8778.65465448719,11403.387086752495,0.06547790461156985,9720,76,2015-07-17
7861.749886128726,6859.037088576124,9130.212564306637,0.07261847769483738,7784,76,2015-07-18
7782.609777993759,6701.326266445067,9809.870693568286,0.09545435345122028,8982,76,2015-07-20
7298.888981237941,6408.151629872145,8485.931975058591,0.08019193693841173,7792,76,2015-07-21
7217.718287271805,6408.151629872145,8401.300420561032,0.06936392072908054,6158,76,2015-07-22
7239.7080718970055,6441.042173677805,8401.300420561032,0.06870592470602252,7994,76,2015-07-23
7779.349434753196,7009.654157336869,9122.1763172089,0.07050933429721608,8705,76,2015-07-24
7838.883944832065,6841.60584389513,9201.957448170271,0.07402374760729602,7907,76,2015-07-25
11945.962018361455,10020.840799380738,13573.934937853697,0.07704048696539517,12778,76,2015-07-27
10053.89763316806,8736.69332665682,11903.338125967812,0.0828692449020382,10676,76,2015-07-28
9893.244415084613,8430.712038690965,12132.517768496844,0.09307363323438718,10030,76,2015-07-29
10369.655824814497,8619.066190712343,12767.64509410988,0.09616119500130653,10775,76,2015-07-30
11120.537593653538,9360.132148990959,13110.95241569377,0.10103217744709293,12887,76,2015-07-31
7035.047784912468,6095.549332261808,8073.381398478054,0.07157332708152202,7656,77,2015-06-20
6292.890018407215,5494.918001863814,7245.725310728214,0.0821378614805394,6286,77,2015-06-22
5899.10300615571,5147.099040806409,6961.099248876278,0.0824774461901266,5619,77,2015-06-23
5883.732541903625,5298.760155106404,6664.331900625203,0.07137003411183228,5950,77,2015-06-24
5946.784384101067,5371.823816706108,6713.380004776145,0.06934633379422331,6513,77,2015-06-25
6547.63573543509,5637.143713056717,7360.141713221876,0.06874037184992976,6583,77,2015-06-26
7178.080258408301,6136.310200385164,8503.733274819004,0.08988448415201068,7263,77,2015-06-27
10869.073475523295,9449.163608656056,13833.532886804047,0.10299517243762765,12702,77,2015-06-29
9419.813565358263,7485.611995275664,13157.067837262872,0.14614398796930667,12214,77,2015-06-30
8360.552088120245,7363.100898375348,10259.57847429029,0.08552119497509385,6848,77,2015-07-01
8427.043829627364,7555.235895376971,10683.410221074977,0.08538773523804541,7699,77,2015-07-02
8534.995132014776,7633.284498049101,9971.532587005146,0.06884263932783334,9279,77,2015-07-03
7230.3059603878855,6019.013329088265,9246.845000039959,0.1036707652216503,6791,77,2015-07-04
6702.807670230508,5548.924534598814,10543.438533628263,0.16251484503418592,7266,77,2015-07-06
6201.377764412263,5186.833766611391,8510.422708717797,0.12386634579508049,5526,77,2015-07-07
5981.222454692995,5287.032815212273,7488.719808425209,0.08505424897715953,6779,77,2015-07-08
6031.496901270275,5364.733793377138,7414.929639143875,0.0757414727731696,6641,77,2015-07-09
6493.200444898408,5695.962158521765,7528.386090827253,0.07522844269171812,6984,77,2015-07-10
6925.834541303934,5850.462532780578,8150.831307081961,0.08228487139215038,6964,77,2015-07-11
10177.963693544516,8392.919747624324,11225.323622456206,0.07402572119523233,11860,77,2015-07-13
8174.24386330974,7102.624539885817,9347.029892363582,0.06838415343683639,9354,77,2015-07-14
7858.477201258257,6857.393720256603,8666.877836769369,0.06450173047526604,8405,77,2015-07-15
7929.055572767986,7079.439526474139,8666.877836769369,0.058122497041400205,7688,77,2015-07-16
8216.945218768182,7446.261447638063,8916.723095584946,0.043742848618166234,9682,77,2015-07-17
6918.942583919562,5850.462532780578,8183.767258441539,0.08287585981254837,7547,77,2015-07-18
6310.810390898809,5521.981063297363,9726.608921977324,0.12496292648738117,7166,77,2015-07-20
5947.507245102225,5159.543402427101,7832.843084906861,0.09770627301489825,5784,77,2015-07-21
5866.347380333581,5204.151950184798,7274.096711277111,0.0894738778313061,6127,77,2015-07-22
5940.091922672555,5271.829442676758,7274.096711277111,0.08566463043990445,6424,77,2015-07-23
6425.424596262205,5638.203412191308,7775.406039238364,0.07808053170372022,7428,77,2015-07-24
6851.620093200701,5825.969225804104,8183.767258441539,0.08273703655963414,7960,77,2015-07-25
9973.765402806737,7806.060652648557,11246.772088908403,0.09960588673985223,10852,77,2015-07-27
8380.472846308783,7196.820220319113,9858.323415974932,0.08519798585181375,9524,77,2015-07-28
8208.785037147009,6835.1157351815655,10087.329525532476,0.10169730040024513,7865,77,2015-07-29
8819.557305483886,7427.591342350447,10494.573766515314,0.0963871131293654,8141,77,2015-07-30
9326.690579901779,7920.8634910716755,10987.691072119498,0.09916013275118203,10335,77,2015-07-31
2520.8392190222244,2044.1189618008361,3208.019627078407,0.12949721998797306,2643,78,2015-06-20
3146.7002244633395,2768.7876153247357,3746.3978475427684,0.09772593055878925,3453,78,2015-06-22
3038.615989823124,2728.909489684301,3430.778478055748,0.058576009819697336,2817,78,2015-06-23
3035.984524974481,2759.6260462970636,3451.5988978133673,0.05748883959955569,2994,78,2015-06-24
3008.2880712622677,2672.8743103816323,3451.5988978133673,0.060681875836585304,2820,78,2015-06-25
3218.483628046658,2821.890265556026,3666.1978573719725,0.07184083403536345,3132,78,2015-06-26
2549.3373479805114,2044.1189618008361,3342.967983204861,0.13631609998837874,2211,78,2015-06-27
5289.184913949572,4226.338206559161,6388.482950975731,0.09678042474856975,5119,78,2015-06-29
4577.617552797306,3693.2990556604095,6269.311860330532,0.1322522595500001,5600,78,2015-06-30
4394.309596977358,3855.1639321599687,5242.347175574236,0.07776503851741784,5112,78,2015-07-01
4337.234136054646,3817.585216816982,5223.491750750795,0.07913338335253751,4781,78,2015-07-02
4462.787795168334,4068.94053584928,5310.801493696961,0.06711754533967651,4544,78,2015-07-03
2639.0445944969715,2193.824825870823,3274.5079315444573,0.12228332814437447,2290,78,2015-07-04
3379.9769454690054,2890.569614593515,5290.385848843854,0.13756931690219754,3517,78,2015-07-06
3254.526848714376,2849.0492993691523,4333.70264229549,0.09907983731645782,2927,78,2015-07-07
3177.385064898231,2833.7656828479853,3874.0157752138493,0.0789610874872808,3593,78,2015-07-08
3121.73489215345,2761.3214470797884,3594.2146433834446,0.07024370729360711,3837,78,2015-07-09
3302.2345829603914,2922.6589207310517,3792.8519394758496,0.07197877944726798,3389,78,2015-07-10
2618.438094562257,2185.617909260312,3324.838572445079,0.1267247700525652,2355,78,2015-07-11
5246.974614546757,4277.508481836458,6002.082116800384,0.08541612011404047,5761,78,2015-07-13
4292.639857946816,3692.3412049711733,4893.92963750264,0.06989638728460464,5336,78,2015-07-14
4145.146740965046,3683.1012473406736,4622.403284495158,0.06417620135584862,4200,78,2015-07-15
4103.00220001854,3662.511046775821,4621.826280916647,0.06611774985383556,3659,78,2015-07-16
4231.233711915351,3819.635484158939,4694.9085745607,0.050965877995939886,3773,78,2015-07-17
2612.7963093727667,2185.617909260312,3288.18632328183,0.12899088650134644,2438,78,2015-07-18
3248.0859218199794,2801.790527073983,3974.8982380150146,0.10948408745569357,3269,78,2015-07-20
3135.0632517320464,2795.591954509997,3594.2146433834446,0.06335124785082887,2830,78,2015-07-21
3111.345472840307,2783.0770588681403,3565.146411942091,0.061211592899449274,2842,78,2015-07-22
3084.910929175978,2761.3214470797884,3565.146411942091,0.06505602161424476,2893,78,2015-07-23
3276.249201913057,2922.7686102780617,3705.2174799328163,0.06905060616855323,3189,78,2015-07-24
2614.261556928333,2185.617909260312,3308.6054476258923,0.13039421574115487,1867,78,2015-07-25
5155.930401391478,4043.8501960780573,6016.685857484514,0.10045388474277372,5450,78,2015-07-27
4385.87819260676,3692.3412049711733,5221.7880205530955,0.08715432960437494,4887,78,2015-07-28
4309.139416566225,3717.045654220198,5168.37782021916,0.08586655395695136,4125,78,2015-07-29
4533.385686873819,3722.0486019198,5723.6967720359535,0.11605685137537626,3964,78,2015-07-30
4798.778541177248,3958.6992920565403,5976.198370729979,0.11287156655767588,5712,78,2015-07-31
4056.1843982204746,3554.0064782121444,4565.303044872921,0.06635173428012289,4637,79,2015-06-20
4542.869815009165,4078.1412582226294,5493.607473383007,0.08844912586772691,4562,79,2015-06-22
4420.22531045169,3984.4831926579827,5212.118378996148,0.06760241571573622,4459,79,2015-06-23
4272.83966267429,3857.8505896681277,4817.112133782382,0.06536273251749801,3742,79,2015-06-24
4253.590550293199,3854.4407944588293,4892.809131028311,0.06504425774605418,4143,79,2015-06-25
4522.070691491911,4046.244857031461,5154.920719532331,0.06030481172457449,4043,79,2015-06-26
4144.938081274363,3542.4111225811557,5084.317470273885,0.08815444469928536,3612,79,2015-06-27
8372.868839402528,7155.2861793772,10355.66675110917,0.10202364749939767,9395,79,2015-06-29
7079.493060278879,5870.140405464782,8862.911051443496,0.10822953346075466,8503,79,2015-06-30
6346.108870528796,5714.068222696543,7471.470845582814,0.07166715594903482,7086,79,2015-07-01
6260.114756909016,5639.725220927262,7469.927749637852,0.07186935537683224,7075,79,2015-07-02
6223.82641907985,5695.084842487369,7023.244360401564,0.06371073214197323,6677,79,2015-07-03
4171.913065010612,3525.0618005815245,5710.158044334072,0.10717047564255947,4127,79,2015-07-04
4843.670241249343,4207.979596107098,8173.822881615243,0.14119274435603135,5241,79,2015-07-06
4592.3600343216285,3999.3758081989495,5777.173299037198,0.09231358848095629,4008,79,2015-07-07
4400.764097832538,3956.2423283436283,5251.968621896693,0.07008340981980583,5243,79,2015-07-08
4363.7722401423425,3897.606552475148,5222.277045607689,0.06908789339862927,4743,79,2015-07-09
4578.887037255339,4185.992780944886,5211.853272784345,0.0599586831862622,5354,79,2015-07-10
4071.5676300589607,3630.296780839124,4674.038644423321,0.06857921355002423,4321,79,2015-07-11
8010.5576926393605,6902.7382265842325,8953.291833982614,0.07476068863399025,8996,79,2015-07-13
6414.157671637884,5750.757157451877,7149.871153042423,0.058059544541585975,7839,79,2015-07-14
5901.524635267194,5491.790174990045,6527.021463637423,0.052492948829967384,6071,79,2015-07-15
5874.00304828166,5397.740547702797,6527.021463637423,0.05400784048517584,6517,79,2015-07-16
5970.1463905444,5455.1401460387815,6655.664285467242,0.05516266836075604,5935,79,2015-07-17
4056.4036420645443,3604.9166754388384,4657.9544436123815,0.06890398635697396,4605,79,2015-07-18
4638.879525091371,4102.244447460672,6304.687305224797,0.11092660395169933,5777,79,2015-07-20
4472.383056107484,3988.039795350022,5432.787535376005,0.08266034695085898,4801,79,2015-07-21
4337.622080696328,3906.25063427981,5306.046613010982,0.08216032362050284,4559,79,2015-07-22
4324.330657861175,3880.51395201431,5306.046613010982,0.08343487633710468,4444,79,2015-07-23
4581.369446340259,4129.6803353219675,5284.691645121858,0.07475069900579842,5143,79,2015-07-24
4038.43058706367,3542.4111225811557,4674.038644423321,0.07242931633828725,4167,79,2015-07-25
7907.661051233154,6335.316484585016,8930.583527625926,0.08506620381123098,9450,79,2015-07-27
6581.539882693318,5853.761935351223,7930.112416429587,0.07879163452732675,7794,79,2015-07-28
6257.071221542449,5448.701930722217,7638.731183169192,0.08854685602737651,6674,79,2015-07-29
6566.515768556396,5624.0820013951425,7750.955499793358,0.08504436159971661,6371,79,2015-07-30
6874.438159995705,5782.166653658814,8064.000451341823,0.0914392379949757,7150,79,2015-07-31
7774.117296621875,6394.454867437846,9198.496907728548,0.09317682997186423,8491,80,2015-06-20
6463.85229441785,5594.166479760749,9261.12931625558,0.11468329396729225,6170,80,2015-06-22
5972.472755411558,5170.5706441880875,7628.32810605003,0.09504941516533412,5376,80,2015-06-23
5956.9025248175885,5281.35843793371,6875.421654122799,0.0759421769275853,6175,80,2015-06-24
6107.615258226695,5413.165101060307,7071.583337876096,0.07084718721871,5806,80,2015-06-25
6714.111629431194,5897.631752269808,7954.21595539391,0.0735106436925579,7223,80,2015-06-26
7921.502673284399,6530.89332871805,9581.725905195623,0.096196702932224,8212,80,2015-06-27
10369.814328109242,9070.68451779825,13307.321418378491,0.10210292848804581,11950,80,2015-06-29
9198.192230571776,7488.185469560366,13030.111413462555,0.13845504009017484,9370,80,2015-06-30
8271.876808897803,7287.873477188026,10849.118088408848,0.09989226385533166,9407,80,2015-07-01
8398.183519095248,7528.764048982417,11135.292798070475,0.09229295670922935,7936,80,2015-07-02
8634.892143384248,7577.736560941421,10546.40581206951,0.08444234030140621,8953,80,2015-07-03
7838.007987635031,6381.030948949823,10704.735368765416,0.11771546218194612,7731,80,2015-07-04
6638.281795968601,5652.586174853205,9561.638764125619,0.12665349368726606,7220,80,2015-07-06
6171.4544800140075,5170.5706441880875,8178.729303053584,0.1130995805510714,5227,80,2015-07-07
5951.606978878633,5156.794006079365,7632.91836835773,0.08894992757126323,6917,80,2015-07-08
6096.138467584209,5447.310671898481,7117.807583887051,0.06543215494897904,6209,80,2015-07-09
6705.689011983799,5867.111982670531,7953.379963854206,0.07531142472649817,7208,80,2015-07-10
7565.862720158033,6381.030948949823,9077.061542207053,0.09030666508641853,8356,80,2015-07-11
9818.108664724641,8539.027245279065,10985.133853506582,0.0710037484850093,11141,80,2015-07-13
7958.882229660408,7030.138945299425,8953.160447680226,0.072412912145619,8361,80,2015-07-14
7603.270339723169,6550.5949686007125,8584.541608180647,0.06407113309550093,8223,80,2015-07-15
7843.748762551661,7055.838234858629,8798.626477551064,0.06024117267696437,8690,80,2015-07-16
8243.828526937341,7549.035149043844,9183.606999456255,0.053805823010466554,8861,80,2015-07-17
7534.356366667642,6359.507378518857,9077.061542207053,0.09365163328154692,8141,80,2015-07-18
6359.965459706635,5533.297817137842,9467.4040222367,0.1179564071181495,7540,80,2015-07-20
5853.3316811066525,5115.022221582665,7171.457440848581,0.08792583002115394,5608,80,2015-07-21
5798.377631731842,5085.552503237102,6669.039328842653,0.07634881307164468,5334,80,2015-07-22
5994.499011083361,5406.317733282697,6933.553832576074,0.07000341130281075,7797,80,2015-07-23
6606.250055708504,5731.679726415932,7785.220661070299,0.07716178427870213,8139,80,2015-07-24
7519.693417540103,6345.946901908519,9077.061542207053,0.09355973169563699,9261,80,2015-07-25
9623.773390437516,7813.63451326275,10995.731792396324,0.08236723650026533,10419,80,2015-07-27
8253.286588938245,7122.801213998641,10054.588233365934,0.09472379311349952,9331,80,2015-07-28
8115.230891406969,6678.315494663572,10103.710176518294,0.10101953791775144,8388,80,2015-07-29
8683.815951564144,7224.157976335843,10163.488458492178,0.09533196823762503,8942,80,2015-07-30
9280.026084216664,7764.083870808692,10930.731686782343,0.09103565220548161,9810,80,2015-07-31
7731.315631576894,6241.783837513679,9101.714312575865,0.09799181914212164,7928,81,2015-06-20
6151.680415717954,5381.181531588096,7456.811267856279,0.09721207460619523,6961,81,2015-06-22
5739.883595718267,5115.084092878451,6839.667454786149,0.0869555629989063,6425,81,2015-06-23
5743.921133374169,5119.440735153905,6693.005875915092,0.06892268113072206,6377,81,2015-06-24
5632.50900140213,4699.900001671442,6668.620416579802,0.08461993567369082,5973,81,2015-06-25
6224.122261253437,5426.524345732104,7315.816834574345,0.07660240434394687,7289,81,2015-06-26
7778.71338220476,6098.676119842639,9568.175773509936,0.10977442133415133,9178,81,2015-06-27
8638.541475217728,6478.347619746089,11206.932045391828,0.12470324331358945,10348,81,2015-06-29
8274.123820583454,6380.2834854674675,10890.085138968203,0.1472779362407349,9880,81,2015-06-30
7377.222702868337,6231.036916288158,8558.658488018302,0.08294473120985332,6999,81,2015-07-01
7135.145913232551,5977.290813923964,8367.590523681522,0.09209148650511603,7321,81,2015-07-02
7571.4923704109815,6376.331159911268,8752.90253708478,0.07880121891959435,8319,81,2015-07-03
7798.928017781843,6248.242508729308,9481.622479929418,0.11824350473360822,7999,81,2015-07-04
6553.85896095873,5431.423960067641,8836.079108604272,0.131869461762116,6710,81,2015-07-06
6046.832804207935,4877.774574612171,7791.196535766611,0.12316674256448049,5724,81,2015-07-07
5931.7271746253455,4974.201508452325,7386.751581804239,0.10143663623986723,6695,81,2015-07-08
5722.828677291722,4693.79796061135,6949.553781635001,0.10215685118538499,5953,81,2015-07-09
6236.7694553576075,5472.648950543103,7427.672635463069,0.08350707211523291,6841,81,2015-07-10
7613.6523881449,5849.917441133756,9129.049329482354,0.1134355112144203,8281,81,2015-07-11
8170.087732537555,6346.02991458133,9727.495240696288,0.10125482413229833,9694,81,2015-07-13
7073.097218285581,6002.62813433801,8135.78743116135,0.07225920554806604,8544,81,2015-07-14
6982.526034830933,5992.6689719111155,7753.078945866977,0.06314266364302505,6703,81,2015-07-15
6750.427320066535,5875.52135459953,7726.842729830618,0.07182452286533628,7188,81,2015-07-16
7253.254927943223,6052.694374887883,8064.7691052875225,0.06868083638717022,6853,81,2015-07-17
7621.759836801397,5849.917441133756,9129.049329482354,0.11323374788642779,8424,81,2015-07-18
6274.912018189788,5209.8927624174285,8487.454904537728,0.12565657701167807,6962,81,2015-07-20
5735.639393581987,4823.531301284087,7138.184921257265,0.0983039838577419,6147,81,2015-07-21
5792.363028091441,4951.593032055182,7059.676315206073,0.08893983810839984,5987,81,2015-07-22
5684.375122092377,4677.951690246785,6880.392223463197,0.09747367172762875,6568,81,2015-07-23
6185.759917253137,5435.52304160066,7396.966995560187,0.08224783204212846,7206,81,2015-07-24
7624.604346443449,5849.917441133756,9129.049329482354,0.11416418580881765,9060,81,2015-07-25
8036.367909177171,5991.889771371212,9512.97284514088,0.10921604892965961,9627,81,2015-07-27
7271.504497892158,5984.227180526013,8600.039644439928,0.0951571742224802,8959,81,2015-07-28
7294.30265825436,6103.911104419317,8700.581067170786,0.09126078669488326,7589,81,2015-07-29
7561.466994552325,6074.206484553977,9120.893756983332,0.1139855632287367,7376,81,2015-07-30
8134.151459192237,6622.292147715131,9839.290819760196,0.10516216936917122,9279,81,2015-07-31
5893.236248574107,4919.385675513007,7826.807244978157,0.12173117691277884,5593,82,2015-06-20
7591.484616019305,6569.617591931544,9325.39356775673,0.09396078145109618,8042,82,2015-06-22
7487.5731904212735,6569.617591931544,8560.318428409873,0.07124406659751795,7611,82,2015-06-23
7318.733678342639,6498.658053027431,8299.584712278758,0.060819319082162454,7254,82,2015-06-24
7504.251818143997,6569.617591931544,8390.424187809469,0.06409829853503841,7910,82,2015-06-25
7729.219830139395,6682.088288519007,8983.013358749713,0.06818143650646825,8076,82,2015-06-26
5981.373606411988,4919.385675513007,8225.93424524364,0.13238923987296902,5719,82,2015-06-27
13953.868823950097,11677.934800407424,18625.133415088352,0.11958109759321325,15283,82,2015-06-29
12154.54710428506,10036.107074859476,15915.682110143323,0.12627863566991798,14893,82,2015-06-30
10491.127397797778,9340.570086446083,12547.627605384443,0.07576422170006532,10075,82,2015-07-01
10721.397790710025,9709.895808856962,12543.477218072794,0.06855743829258337,10772,82,2015-07-02
10701.27246573983,9716.08883172338,12323.315079673363,0.06682613459570995,11602,82,2015-07-03
5815.970086920379,4816.46671157533,7516.887872782385,0.11727310685804779,5523,82,2015-07-04
7963.776403042501,6599.3437536788315,13056.4587621745,0.14938862688260943,8302,82,2015-07-06
7579.229691826671,6602.15808442582,9982.12297990235,0.09727541681157528,7947,82,2015-07-07
7343.719207353731,6508.756321707795,9199.759387054744,0.07868265524013995,8929,82,2015-07-08
7490.565035054596,6585.644825500542,9203.820298556437,0.0716143301697843,9366,82,2015-07-09
7718.419502393682,6613.4603075993955,9689.270121498219,0.08327942659912833,9352,82,2015-07-10
5669.93986459784,4758.417059398957,6843.335704778939,0.104242274118457,5485,82,2015-07-11
12882.147711509811,10298.91551586204,14631.934713311928,0.08030593921671751,10793,82,2015-07-13
10772.357814893669,9536.829931590573,12190.90006344924,0.06422022231745822,12176,82,2015-07-14
9928.499747419035,8632.163567029811,10998.831110473691,0.06266640123770281,11013,82,2015-07-15
10287.986504981207,9098.013199417403,11781.318137920787,0.060466953179651395,11308,82,2015-07-16
10317.051092934682,9323.084508879148,11781.318137920787,0.05726939297791504,8906,82,2015-07-17
5628.13472679981,4679.284477449726,6745.76888562614,0.10566715871679228,5313,82,2015-07-18
7536.994157669984,6565.114830586304,10616.063102875927,0.11630263497959947,8033,82,2015-07-20
7309.194757876974,6467.554559395547,9235.273277212487,0.0887336801144178,6729,82,2015-07-21
7228.878803744372,6428.297222180176,9105.306045988686,0.07772517954528381,6745,82,2015-07-22
7399.07986280731,6517.2568386507955,9203.820298556437,0.08675037697874075,7716,82,2015-07-23
7588.396792083522,6567.219976975206,9235.273277212487,0.08455036611645388,7541,82,2015-07-24
5606.882443445783,4509.38051232456,6748.456107868856,0.11019286041224725,4601,82,2015-07-25
12666.14452935916,8752.21693563315,14675.95214092046,0.11557392373272395,12101,82,2015-07-27
10871.13367408236,9471.388253141648,12422.446409262866,0.07525144316999786,10612,82,2015-07-28
10395.545279890322,8970.288152760102,12440.566441742012,0.08888621814166067,9641,82,2015-07-29
11163.385587198209,9837.564149472202,13376.128831966644,0.08760804032425487,10023,82,2015-07-30
11550.604659550709,9895.45682559088,13848.969985560112,0.09664636443014266,11492,82,2015-07-31
3143.481129823169,2721.286143613989,3638.714385383013,0.07619658535235044,2666,83,2015-06-20
3471.0751046241426,2935.4165703756034,4391.798012048376,0.10145443272208964,3485,83,2015-06-22
3327.352250207633,2891.6516554913487,3892.2042085543344,0.07286809465376314,3469,83,2015-06-23
3291.278790690518,2895.337447927188,3762.4070917215504,0.06835108915901894,3824,83,2015-06-24
3164.7923057883054,2790.2734521415186,3734.2538489965477,0.07577910548553847,3173,83,2015-06-25
3472.0428530849726,3088.031502366326,4009.92394309638,0.06543656525154694,4092,83,2015-06-26
3172.4374004224296,2750.2813714370823,3730.05287213531,0.08781369172329842,3815,83,2015-06-27
5313.175603820613,4295.5255670719625,6632.481789933096,0.0967602010609674,5080,83,2015-06-29
4799.569553523618,4100.217904906722,5848.621733048331,0.10456086805722482,5297,83,2015-06-30
4389.059194113657,3869.4663470328865,5223.491750750795,0.0765811136560086,4698,83,2015-07-01
4299.475844625217,3771.0877272494185,5223.491750750795,0.08177601710575841,4253,83,2015-07-02
4437.348354327627,3919.9619435112577,5242.347175574236,0.07968920382659521,4533,83,2015-07-03
3093.2896615488494,2606.0181904414803,3832.822116804034,0.09962067357891961,3455,83,2015-07-04
3521.3598472506987,2899.1768280654674,5078.773094505573,0.13297443653024799,3714,83,2015-07-06
3342.5111476463485,2913.781978827633,4234.993991880238,0.08713854182904676,3141,83,2015-07-07
3256.390449274423,2892.621037155538,3810.4457453865934,0.07392910266103134,3087,83,2015-07-08
3121.290549487875,2742.9674968620584,3688.752675131258,0.0724502314075363,2882,83,2015-07-09
3426.872408547979,3045.9102707096836,3972.563360475574,0.07261555839729754,3589,83,2015-07-10
3047.940719656949,2666.710818541376,3574.653275659903,0.08267272548209785,2467,83,2015-07-11
5130.84984136743,4295.5255670719625,5897.617982559779,0.07953790441411329,4758,83,2015-07-13
4358.0620527311685,3994.420881532887,4755.8883754537765,0.04960898091384756,4380,83,2015-07-14
4165.38520011071,3806.449111067886,4598.511451409763,0.04820537096045872,3971,83,2015-07-15
4082.216441224016,3732.1725479438733,4516.738776300762,0.05400478579634065,3827,83,2015-07-16
4232.406359066203,3872.770271616164,4638.89395467027,0.04778272729724982,3718,83,2015-07-17
3042.8540000297608,2666.710818541376,3624.6604235330747,0.08394362947740842,2939,83,2015-07-18
3383.800111254592,2918.9928422045177,4315.445931103007,0.10598031884326854,3953,83,2015-07-20
3262.733328997143,2857.437646642429,3747.2491760943017,0.06524797308663499,2650,83,2015-07-21
3228.7571787313336,2843.965562136307,3728.8659436558382,0.06618050744710734,2387,83,2015-07-22
3101.0782511031316,2717.16983931609,3717.257674418306,0.07561174316086877,2710,83,2015-07-23
3410.521602799234,3038.8302513073545,3936.01481079605,0.07016229629654312,3191,83,2015-07-24
3038.658137457056,2663.684237668472,3702.1133322669857,0.08347648106958529,2303,83,2015-07-25
5083.47262282272,4160.000877460828,5728.938923747783,0.08742818398278165,5237,83,2015-07-27
4415.844758753771,3921.4617268353313,5167.59833001115,0.07207184000167427,3771,83,2015-07-28
4251.7747898060625,3772.218236501409,4963.8059911274795,0.07245827720483572,3922,83,2015-07-29
4282.144015396445,3732.428489380193,5119.709973047036,0.0870122743782328,3401,83,2015-07-30
4510.977466298362,3901.1694016924757,5408.344723353235,0.09775058388369248,3866,83,2015-07-31
10792.234407265494,9751.398928024944,12281.539170141705,0.06118668603607811,11235,84,2015-06-20
11192.511504872518,10085.811546071838,13978.622441260746,0.07555142513733641,11570,84,2015-06-22
11026.551351430242,9739.798003222466,12435.960979253308,0.061446854942235736,12131,84,2015-06-23
11057.318232273816,10078.15079171373,12435.960979253308,0.058577367744980194,12679,84,2015-06-24
10816.623535609928,9616.333670792459,12015.572504466496,0.05680863114921516,11086,84,2015-06-25
10928.647425647932,9770.065224841668,12015.572504466496,0.055543668953903697,11261,84,2015-06-26
11025.925459308693,9776.310404968046,12911.354480643347,0.06745479880104797,11932,84,2015-06-27
17416.264050549435,14692.621613129983,20904.748169765506,0.08805930582729554,20668,84,2015-06-29
15690.188461072585,11923.889412941988,19686.207428807982,0.10601544782635762,17606,84,2015-06-30
15207.287123917555,12797.89760129462,17838.74486274153,0.08981657542869399,17619,84,2015-07-01
14590.82122241128,12701.69244370529,17838.74486274153,0.09119375874964986,13429,84,2015-07-02
14355.070209710499,12339.366274874825,17399.215051641826,0.08452718462956098,13623,84,2015-07-03
10859.647281923902,9680.445365114689,13448.455453550512,0.07643481727566268,10903,84,2015-07-04
11741.215516122347,9960.530434671802,18201.09152094778,0.1355298582759696,14249,84,2015-07-06
11309.3873352344,9993.73995504997,14898.404198826367,0.09805450999319901,11616,84,2015-07-07
11044.465561416315,10071.706069615213,13071.208695376452,0.06796155892767518,12715,84,2015-07-08
10747.967563272206,9790.196344729618,12277.63481740498,0.055789751552221295,11197,84,2015-07-09
10852.10274830136,9996.206714025364,12277.63481740498,0.05466347434667471,11732,84,2015-07-10
10587.162133837228,9751.398928024944,11789.891128574614,0.045231683257907516,10639,84,2015-07-11
17138.07058169368,14128.857004129744,19311.754454146667,0.0834279090755731,16746,84,2015-07-13
14582.91558049421,11823.474979425906,16567.624954263327,0.08043829171091932,15281,84,2015-07-14
14066.731262802306,11823.474979425906,15547.014016266397,0.06983883687844473,14569,84,2015-07-15
13310.415707618014,11533.91139951599,14416.39684614366,0.05349518530865951,13627,84,2015-07-16
13346.106332887195,11533.91139951599,14441.018569944417,0.05285817893369502,11990,84,2015-07-17
10534.11413817761,9650.555474664941,11761.270974433139,0.049442983427070285,10909,84,2015-07-18
10994.517208863013,9947.223506768463,12995.086964344278,0.07041998631604873,12153,84,2015-07-20
10829.14941105665,9737.432555544463,12232.125003687086,0.05947709120962061,11458,84,2015-07-21
10842.480737400223,9953.081618915958,12188.681444793267,0.05722066139620493,11102,84,2015-07-22
10581.00465646654,9553.965807937142,11853.185758381653,0.05057495256375528,10504,84,2015-07-23
10704.706661985938,9725.097574049249,11944.641129741176,0.050516109308543784,10409,84,2015-07-24
10512.950089482136,9591.515892852776,11733.136776216044,0.05059100287920713,8413,84,2015-07-25
16696.26290410004,12388.144166944676,19046.874613022024,0.09722184918171484,16104,84,2015-07-27
14847.760689091854,11881.31338449289,16924.055887043673,0.08078500447331476,14892,84,2015-07-28
14576.972992980775,12061.109268652308,17012.80414716756,0.08249136517163143,15367,84,2015-07-29
14391.241490813709,12212.704206765617,17108.15496141232,0.09454515338078126,12928,84,2015-07-30
14698.640378072036,12212.704206765617,18201.968015185277,0.10889420559000294,14949,84,2015-07-31
5635.162138281066,4979.577595706369,6975.010287136496,0.09294508082630949,4615,85,2015-06-20
10496.221687664563,6652.463047195609,12165.03549798702,0.16486598117233484,11522,85,2015-06-21
6465.081297156785,5414.293737216717,8405.09414331885,0.12926379002562682,5944,85,2015-06-22
6010.178725908231,5181.699162609719,7849.277180676499,0.09972803528907208,6086,85,2015-06-23
6002.595953667637,5338.939585462705,7106.117493246311,0.07843304270773493,6067,85,2015-06-24
6015.983674780091,5338.939585462705,7106.117493246311,0.07724145572216076,5968,85,2015-06-25
6218.857436605552,5339.524849381828,7600.637271497461,0.0945333055967735,5524,85,2015-06-26
5869.513141074542,5025.458786375284,8070.410777628914,0.11787100583601309,5339,85,2015-06-27
10445.055131785024,6735.290539403108,12165.03549798702,0.166955369924475,11055,85,2015-06-28
8868.822318957085,7288.560175576813,11533.820393823818,0.12226530278251779,8833,85,2015-06-29
8385.160776015704,6560.024267400408,11485.802406989516,0.1646759651556573,8471,85,2015-06-30
7681.01795960505,6467.089714928541,9629.887887401572,0.10128662145923863,7820,85,2015-07-01
7663.886097394494,6435.480011375598,9629.887887401572,0.09677674181193177,7553,85,2015-07-02
7648.9931315995855,6435.480011375598,9155.633180793757,0.09239929592494883,8581,85,2015-07-03
5678.366937918447,4777.747968162747,8000.293522734258,0.12324098163861937,5347,85,2015-07-04
10554.857604326387,6871.361526278104,12113.11877186299,0.14177632061651205,12070,85,2015-07-05
6602.524521988003,5513.643086948029,9989.045125045395,0.15284265731847207,6584,85,2015-07-06
5944.730805979814,5064.160637449005,7494.89203124031,0.09988833901090592,5215,85,2015-07-07
5826.90984009274,5139.7324296384795,6955.239333332755,0.0791452246283931,6705,85,2015-07-08
5818.839399714981,5141.804958382229,6738.393735790215,0.07287909076590794,5766,85,2015-07-09
5986.656838830705,5276.6850415961435,6944.740579709066,0.0791066273741409,6471,85,2015-07-10
5461.5014463912385,4722.955372257253,6723.704541930232,0.09103170510428964,5383,85,2015-07-11
10522.923872716327,6394.470240082981,12075.142642326855,0.16451394912409248,13183,85,2015-07-12
8217.9437210108,6287.940121074536,10209.00251030242,0.12210941953001797,9198,85,2015-07-13
7308.58089044551,6308.387862485723,8637.477876032886,0.0798568861744713,7626,85,2015-07-14
7086.312623914188,5939.558043990951,8102.195492173521,0.07156157449258166,7476,85,2015-07-15
7098.45378848473,6195.909754870279,8063.911112542609,0.06895212808784584,6985,85,2015-07-16
7213.574350893782,6368.101974226687,8102.195492173521,0.07067064570612155,7750,85,2015-07-17
5440.224757496857,4687.146673291981,6812.887331495284,0.09351159343569142,5424,85,2015-07-18
10501.86579755633,6652.463047195609,12064.972386846172,0.1602101580631168,13275,85,2015-07-19
6243.1915102722605,5315.84142328986,8005.0843163219615,0.12842841498713595,6502,85,2015-07-20
5749.675232281467,5012.204653514578,6936.119312642371,0.08975574015913923,5206,85,2015-07-21
5743.6990286908185,5066.32796132935,6768.623386838389,0.07590133155065795,5504,85,2015-07-22
5771.920478329152,5141.804958382229,6768.623386838389,0.07518986004600736,5223,85,2015-07-23
5942.718112802694,5194.220926086276,7074.570797208249,0.08325481889539546,5791,85,2015-07-24
5438.91496231054,4687.146673291981,6812.887331495284,0.09562827578095162,5099,85,2015-07-25
10465.033918877203,6652.463047195609,12064.972386846172,0.1588230558851364,11421,85,2015-07-26
8127.5853504352335,6287.940121074536,10118.98052731791,0.12421812217088865,7788,85,2015-07-27
7519.170298777454,6360.8889878487835,8896.931417822985,0.09090651314283732,7533,85,2015-07-28
7452.984114999673,6211.190743656272,9240.134143402465,0.1042349080095144,7719,85,2015-07-29
7793.974401171998,6353.922278383114,9383.690423282673,0.10292359575179752,7187,85,2015-07-30
8085.99339584048,6397.881582351511,10196.75959880407,0.12227690110567939,7791,85,2015-07-31
3695.4665049382893,3183.253327112726,4382.813265984117,0.08393457527099485,3877,86,2015-06-20
4028.7685898461946,3508.50765652979,4745.78164374231,0.08627767081270947,3001,86,2015-06-22
3931.461090852267,3461.829667073545,4735.240029576359,0.07696509634009592,3297,86,2015-06-23
3855.2149406733192,3417.9546190746564,4444.547057124138,0.06499059996802041,3842,86,2015-06-24
3804.3736357346456,3417.9546190746564,4407.10916764421,0.06448192584555734,3835,86,2015-06-25
3966.7009427236644,3422.329343141987,4571.436256313796,0.06967297396609091,3853,86,2015-06-26
3757.2956234489775,3140.2734321366847,4582.299907354603,0.09687311554119976,4067,86,2015-06-27
6953.391594235301,5833.724083153385,8978.277845069617,0.11481361905866555,7957,86,2015-06-29
6287.78749470552,4899.217042835477,8252.832082699775,0.13681832129734597,8303,86,2015-06-30
5407.886770293331,4920.117521550675,6236.638768727868,0.06115597437742277,4722,86,2015-07-01
5390.008295194175,4899.295086515458,6236.638768727868,0.0641319517328506,5339,86,2015-07-02
5355.614688703652,4889.570281979224,6273.028490828882,0.06489723241083532,5059,86,2015-07-03
3809.151298737614,3184.9171238824892,5024.217110577264,0.11861287008111758,2683,86,2015-07-04
4203.231378830384,3562.2627369628253,6133.892595523246,0.1309497760654058,4453,86,2015-07-06
4089.87708364892,3518.6574295522573,5389.355946654292,0.11035677422768685,3607,86,2015-07-07
3948.6017138386774,3386.3213639679525,5052.493000790237,0.09509775396925464,3658,86,2015-07-08
3878.5172331554336,3405.4777585243596,4956.113015479435,0.08822011453858376,3621,86,2015-07-09
3999.3201554916195,3485.9598902888233,4934.329808634352,0.08207412239721319,3906,86,2015-07-10
3660.297070726262,2912.8869092745736,4522.297511847628,0.10111307178045126,3331,86,2015-07-11
6589.681229175231,5731.659058810689,7377.884123109438,0.06359206327723736,5493,86,2015-07-13
5572.27250640082,4798.479193466849,6298.351311473923,0.06812263143586655,5585,86,2015-07-14
5129.336719993382,4648.153672863125,5672.057462235511,0.05585694302956166,5609,86,2015-07-15
5094.9417074244675,4580.109271374505,5692.598545196459,0.05906096651980148,5100,86,2015-07-16
5117.300492678479,4585.92223023822,5708.323145313782,0.056710064622501624,4064,86,2015-07-17
3650.1268279822207,2912.8869092745736,4522.297511847628,0.1006222387348984,3329,86,2015-07-18
4025.486897696028,3520.6930397537567,5217.900980368974,0.10103162694680369,4130,86,2015-07-20
3925.3214105744096,3446.775993917032,4847.192111394477,0.08529185552367552,3309,86,2015-07-21
3867.3258707064106,3400.9463103806606,4639.240722505584,0.08070253647343324,3574,86,2015-07-22
3821.307863427934,3399.8077723704723,4639.240722505584,0.0815465799337124,3677,86,2015-07-23
3960.7236547933235,3425.571120483667,4683.117914628501,0.08269704413779287,3513,86,2015-07-24
3642.1105181838125,2889.1603691735772,4522.297511847628,0.1023142767729119,2260,86,2015-07-25
6504.175529047119,5695.062071925613,7312.085376211281,0.06723424861458624,5524,86,2015-07-27
5639.8218892363375,4646.611398840144,6646.490762986838,0.08771707359475843,5083,86,2015-07-28
5330.037209818644,4495.57124889117,6411.846989656172,0.0920801425377342,5021,86,2015-07-29
5701.266622936701,4795.832863599128,7025.7681362089525,0.09877462341310006,4759,86,2015-07-30
5828.886024253098,4693.069468756508,7473.952061373221,0.11865011691928878,5572,86,2015-07-31
3442.888382084486,3000.552047176881,4494.872949384485,0.09982941968565984,4474,87,2015-06-20
5412.706870882074,4770.674249944527,6641.707305043568,0.093817178227867,5472,87,2015-06-22
5248.473398216351,4725.624737688913,6375.821932382801,0.07785116638068046,5118,87,2015-06-23
5142.420104341766,4614.050043359511,6106.685540182509,0.06684212316422396,5244,87,2015-06-24
5073.14329738956,4570.766257318092,5955.9502128483055,0.066374819245526,4878,87,2015-06-25
4953.134248106846,4247.090156219433,5916.180564693276,0.08332775588742068,4555,87,2015-06-26
3488.5242091199,3000.552047176881,4672.552573827534,0.10900725110158663,3961,87,2015-06-27
8815.98926963366,7501.695693171266,10992.031574190163,0.10612573081226255,8956,87,2015-06-29
7969.266651455864,6596.829931289621,10167.838882577438,0.12123667269368456,7543,87,2015-06-30
6966.682563106491,6280.493163634926,7932.729422641522,0.06671573790342092,6724,87,2015-07-01
6881.74020025457,6199.372413172252,8009.2758886453,0.06978171016114701,6825,87,2015-07-02
6530.896772176707,5731.777436847579,7641.6901956594165,0.07146435457691935,6129,87,2015-07-03
3411.1618667765442,2928.340256249427,4488.503431648778,0.11330885706071511,4695,87,2015-07-04
5558.328023981614,4695.176105361469,8226.34528379877,0.12347466031725736,6428,87,2015-07-06
5328.942164953892,4636.757746610898,6422.122277002285,0.09958044242355045,6043,87,2015-07-07
5098.486333036583,4529.29236457483,5911.750875516328,0.06879633491638244,5859,87,2015-07-08
5029.576121021084,4441.498437652969,5647.896890720944,0.06596806001620205,4962,87,2015-07-09
4914.151395470371,4358.217564099927,5672.86684027326,0.07465410884310233,4885,87,2015-07-10
3334.025040163542,2833.031622684662,4170.133577857594,0.09768487757494652,4124,87,2015-07-11
8440.390784029192,7015.478217526018,9662.90625524919,0.07157009306785189,7879,87,2015-07-13
7147.766677063804,6263.23648252705,8077.066849753456,0.0635780683654237,6327,87,2015-07-14
6493.312822569954,6015.968803316551,7202.0352449627835,0.04453659978084277,6996,87,2015-07-15
6428.676013734598,6015.968803316551,7095.356026868233,0.044036286865334714,6576,87,2015-07-16
6283.42007901793,5741.333614415604,6991.531423392142,0.05113918196032257,5812,87,2015-07-17
3327.0713999374993,2833.031622684662,4085.7739664891924,0.09666130049698157,4708,87,2015-07-18
5364.918819390636,4728.543259231651,6641.707305043568,0.09504705243578279,5998,87,2015-07-20
5181.399308729937,4680.041802468068,5997.888650624737,0.07829731580371527,5803,87,2015-07-21
5087.222825384288,4574.482414672793,5955.9502128483055,0.0704618023113391,5021,87,2015-07-22
5015.161256513563,4488.016359087251,5955.9502128483055,0.0730925040863507,4272,87,2015-07-23
4881.826465297142,4302.175208731246,5672.86684027326,0.08161593816957723,4541,87,2015-07-24
3330.1964334258796,2833.031622684662,4085.7739664891924,0.09747782979942536,3784,87,2015-07-25
8276.569204044783,6870.381944315082,9453.631237910397,0.07038880767643564,8403,87,2015-07-27
7200.516798821746,6239.536223309705,8490.929526687936,0.07644967565691496,6964,87,2015-07-28
6867.384434075924,6065.76036753585,8047.918046341902,0.07743008778015274,6078,87,2015-07-29
7072.742866660179,6164.097768942819,8234.025017794023,0.07892013753913972,6310,87,2015-07-30
7190.632867997431,5990.070442630761,8344.698906642645,0.08749931290131582,6379,87,2015-07-31
2243.4245058876654,1988.7364531334479,2929.4633263433716,0.10147149747160036,2113,88,2015-06-20
5249.663760121561,4778.032107926775,6032.740296266931,0.08718819921355292,5353,88,2015-06-22
5221.280744797887,4700.519168585383,6279.457322003288,0.07863400347168761,5363,88,2015-06-23
5124.575423014063,4392.6108812079365,6247.644464260698,0.08704131757024774,5867,88,2015-06-24
5089.795314136953,4392.6108812079365,6021.129105323132,0.07593372844301018,5293,88,2015-06-25
5263.119063679622,4570.907857204875,6173.652771242791,0.07465870447803616,5339,88,2015-06-26
2274.026741261962,1995.5979344780678,3114.801364820128,0.11041767387041707,2191,88,2015-06-27
9815.562055519342,8196.953601011037,12119.434253941208,0.10089314634773074,10633,88,2015-06-29
8764.88561947733,7035.354681696273,11569.261109138282,0.13355713956363977,9468,88,2015-06-30
7434.870569205631,6613.680177936889,9029.977934882578,0.07705344348097257,8766,88,2015-07-01
7370.4960589624025,6493.626775476306,9029.977934882578,0.07978117115574551,7245,88,2015-07-02
7222.588352036962,6471.611798094482,8847.88477166547,0.0786492123848186,7721,88,2015-07-03
2318.6672833943717,2000.846944127376,3622.3238771165156,0.1546943336168783,2508,88,2015-07-04
5438.7353486936745,4757.001484466249,8574.500354975025,0.13881010374497382,6076,88,2015-07-06
5355.207343323375,4665.663535932036,7249.869537168295,0.10599136036186901,5792,88,2015-07-07
5164.1419280788095,4392.6108812079365,6245.069434795256,0.09179591888734803,5616,88,2015-07-08
5128.425550177349,4491.645240254328,5937.454979271382,0.07155110558222605,5971,88,2015-07-09
5297.530250446043,4738.874844986456,6017.899698448613,0.06800181467201466,5703,88,2015-07-10
2266.960628786141,1995.5979344780678,3054.5907279502467,0.10878962868517242,2413,88,2015-07-11
9568.071026357777,7984.945637200462,11445.237768012217,0.08498685525480017,10116,88,2015-07-13
7969.873777939845,6805.944294050931,9306.603717168546,0.08155991300322298,8128,88,2015-07-14
6947.579527209888,6374.1010418877195,7691.594901046988,0.05511412570072302,7886,88,2015-07-15
6876.099518892682,6326.953032643919,7544.388597109557,0.049780501249899564,7776,88,2015-07-16
6827.366039384866,6191.18328873073,7522.312578390895,0.052040242952484814,6278,88,2015-07-17
2261.4913008486515,1995.5979344780678,3015.306817124182,0.10815381638769436,2684,88,2015-07-18
5268.272100213749,4766.3892211578195,6125.002144132748,0.08878827338079869,5257,88,2015-07-20
5223.3712090836525,4700.519168585383,6117.9534524117935,0.07683629449579618,5104,88,2015-07-21
5135.58127218968,4491.645240254328,6021.129105323132,0.07987543123593341,5589,88,2015-07-22
5109.777638020937,4608.675936257118,5940.468040884631,0.06584365131612732,4625,88,2015-07-23
5249.792114400267,4678.380530671621,5957.024465408879,0.07069104010039928,5098,88,2015-07-24
2255.244937448602,1959.465971859318,3015.306817124182,0.10794451107982991,1991,88,2015-07-25
9435.27076437549,7752.895497904572,11335.648333976691,0.09558969280313932,9340,88,2015-07-27
8009.6861684753285,6746.671023896913,9473.569815894143,0.08898753272442689,7308,88,2015-07-28
7335.7920634766415,6437.959095803127,8999.995932203283,0.08786294826246402,5605,88,2015-07-29
7671.0254238108055,6495.117870901184,9374.080049539483,0.0932238398195951,7954,88,2015-07-30
7912.894631592326,6532.905870750971,9780.285851066184,0.09709575896365888,7863,88,2015-07-31
4527.053408165757,3862.2878319358033,5376.24541008825,0.08572537233784873,4086,89,2015-06-20
5259.960091301598,4680.683792539907,6142.440155499948,0.0746371612403987,6401,89,2015-06-22
5094.274600158039,4565.342139578166,6033.324835773412,0.07288783202799859,5593,89,2015-06-23
5015.439622899651,4541.352983778379,5766.972973984376,0.06624640572320373,5132,89,2015-06-24
4845.596327526392,4412.505464870925,5554.850581350472,0.06722346557934589,5445,89,2015-06-25
5272.093181020158,4715.112845000802,6059.490902767072,0.06366761070595317,6268,89,2015-06-26
4616.362648192861,3838.082456279867,5748.487419554835,0.09952225801510196,5006,89,2015-06-27
8389.794781252871,6989.498686964622,11289.938246544218,0.11702621693335502,9152,89,2015-06-29
7467.517886944412,6175.160168016088,9022.154911057432,0.0999820406753086,8186,89,2015-06-30
6781.340262754263,6039.414370686712,7762.131046665553,0.07071160250835107,6256,89,2015-07-01
6617.075386670964,5883.7007437036345,7585.5949095976575,0.0701464946828256,6200,89,2015-07-02
6779.079182913871,6005.787216929365,7796.3866015003505,0.06478666540600819,6657,89,2015-07-03
4614.494752896653,3748.8488739390705,5849.060970669492,0.11122536117273081,4350,89,2015-07-04
5491.078648127777,4666.980551901652,8088.948181211054,0.12851036004818278,6220,89,2015-07-06
5248.683197912159,4542.033446612405,6778.731240389275,0.10647979706622022,5191,89,2015-07-07
5083.240174306556,4492.089952651824,6445.815809039273,0.08779434474710185,5423,89,2015-07-08
4920.8026085278925,4253.824291243429,6165.146147586461,0.08901852649912242,6307,89,2015-07-09
5302.908003715004,4641.238705670627,6227.346151845083,0.07868627134483826,6327,89,2015-07-10
4552.83257110564,3778.3962993406785,5504.027014709244,0.09507067483608458,4039,89,2015-07-11
8073.795403640633,6771.080514939592,8986.75307956931,0.07926448740867603,8788,89,2015-07-13
6732.148285774504,5910.831466155149,7606.71126775178,0.06564420709240407,7632,89,2015-07-14
6417.943324775815,5778.733276718226,6992.148900211207,0.047226486330610246,6738,89,2015-07-15
6299.45184478235,5658.33102688006,6837.767434399775,0.048391418700059856,5996,89,2015-07-16
6524.08777641845,5819.424279140467,7132.3471699303545,0.04963708795165104,6575,89,2015-07-17
4531.196634028602,3778.3962993406785,5504.027014709244,0.0956672752180001,4639,89,2015-07-18
5267.4156706783915,4600.498178850887,6461.863755480478,0.09098594415384575,6853,89,2015-07-20
5110.075704374067,4501.9011201247895,6664.150894561218,0.09354716213367752,5346,89,2015-07-21
5034.324738535272,4436.703117684256,6525.598956382304,0.09131207908357615,5049,89,2015-07-22
4887.025528294545,4253.824291243429,6525.598956382304,0.09634199795934076,6103,89,2015-07-23
5276.2839558777005,4624.763367201831,6487.172775017252,0.0857998989949423,5870,89,2015-07-24
4504.514723564448,3773.1415086535508,5466.529468909061,0.09821339956822626,4831,89,2015-07-25
7968.464986023567,6561.50220308939,8971.992603718236,0.07526903651359505,8335,89,2015-07-27
6950.706469272044,5900.452868049264,8240.27020121348,0.08939225561191239,7313,89,2015-07-28
6781.2099602182425,5897.005229696852,8111.211244955434,0.09103848263828519,6658,89,2015-07-29
7043.552081317005,5910.924082993601,8379.509743031007,0.093487689492314,6433,89,2015-07-30
7409.459496654708,6116.475543172489,8987.96762993472,0.10328133624321087,7295,89,2015-07-31
7242.446191179816,6281.96733338494,8225.809714218776,0.07075288652409333,7720,90,2015-06-20
7192.896149918276,6363.928247593078,9170.024093979473,0.105116813664104,7219,90,2015-06-22
6968.31616883191,6204.806327227166,8235.699764958907,0.07687367405575181,6813,90,2015-06-23
6800.670634014789,6224.587645885285,7751.175124955785,0.05829793192439561,7311,90,2015-06-24
6721.959171038834,5965.50778869511,7751.175124955785,0.06366304829081476,7308,90,2015-06-25
7188.358860071843,6471.134133755523,8193.69752378124,0.06298664005233795,7332,90,2015-06-26
7448.287745092523,6307.937801653888,9337.635294675243,0.09433711010426622,7455,90,2015-06-27
11694.10817743057,9962.196866600967,14498.181183208591,0.10113641536971239,12721,90,2015-06-29
10368.167609182909,8523.057206472371,13052.513750293974,0.12220409717862235,13135,90,2015-06-30
9427.740800606827,8352.102984159996,11297.972844758866,0.07852163535187577,10432,90,2015-07-01
9313.316031443357,8341.399378223048,11057.525257254212,0.0756927119055865,8150,90,2015-07-02
9359.843197520684,8392.180522390345,10826.878637537235,0.06989914782871567,8630,90,2015-07-03
7461.434791467942,6299.014248413726,9914.174961236853,0.11170166681784759,5983,90,2015-07-04
7454.750687346798,6484.212070060293,10867.055234849653,0.12939985010653496,8610,90,2015-07-06
7092.444854198983,6316.032383840717,9351.660646216504,0.09389701804800442,7456,90,2015-07-07
6775.852386934214,6120.875557541424,7541.912478459263,0.054120499473828514,7370,90,2015-07-08
6659.246091320847,5983.079996246015,7397.490125618984,0.055143416881713786,7318,90,2015-07-09
7163.92335877937,6473.58749302807,8192.849415171308,0.06948785062919202,7898,90,2015-07-10
7100.843920754652,6102.0048641141,7964.193917409218,0.07327385243313111,7164,90,2015-07-11
11140.626469973302,9661.0583744259,12822.90480132776,0.07118309913962524,11333,90,2015-07-13
9254.926960604433,8227.172133341737,10261.819668014987,0.055840066206393625,9863,90,2015-07-14
8720.176460925222,7938.457653025971,9802.20261048108,0.050409153861328944,9216,90,2015-07-15
8642.351911162083,7921.12268119932,9728.142696390596,0.05192338710063067,9306,90,2015-07-16
8828.342658414662,7988.368593868209,9959.877610043288,0.05201246701341982,7644,90,2015-07-17
7064.311102394,6102.0048641141,7964.193917409218,0.07364863954068568,7010,90,2015-07-18
7050.538281891276,6299.463169949836,8711.125086127833,0.10079490989335872,7485,90,2015-07-20
6849.786466077417,6157.335462602578,8162.124508147005,0.0763800274831042,6961,90,2015-07-21
6692.016596444119,6120.875557541424,7659.423049132846,0.05593176892600873,6717,90,2015-07-22
6608.550376772666,5965.50778869511,7659.423049132846,0.06022543837175778,7391,90,2015-07-23
7053.745965032801,6365.41351351042,7998.792370262391,0.06589720779476746,6243,90,2015-07-24
7034.508044180554,6017.960749366369,7964.193917409218,0.07444989556912415,5088,90,2015-07-25
11048.877744266885,8961.651192654315,12756.764630061722,0.08365579022557604,10556,90,2015-07-27
9480.756820373546,8277.303794542224,10572.622696458951,0.06507018787517264,9857,90,2015-07-28
9145.5461867944,7986.454326265391,11154.126679010025,0.08358947678592739,8107,90,2015-07-29
9705.40884875949,8275.120555616948,11595.337916627694,0.09055830610621898,8879,90,2015-07-30
10197.366059887061,8430.121048596937,11974.611177317853,0.10179501317321585,11495,90,2015-07-31
4755.53257958548,4205.480038182653,5602.414324361189,0.08300083375383911,3558,91,2015-06-20
4742.46563206623,4194.824254574736,5773.47453415995,0.10514986636308842,3862,91,2015-06-22
4571.699557333078,4145.064439617624,5469.899824540993,0.0730998176587411,3292,91,2015-06-23
4426.418701645111,4078.949697306999,5047.056775376778,0.06221318246895763,3299,91,2015-06-24
4438.266991643033,4098.642106903437,5047.056775376778,0.06285260595109714,3235,91,2015-06-25
4627.109278856199,4134.6186854429625,5433.806115352344,0.0703438713900656,3381,91,2015-06-26
4885.902723110069,4222.559024222605,5839.217168160838,0.09882191570585797,3538,91,2015-06-27
8159.217408489943,6692.718175181245,11814.72986980253,0.14813842652132816,7572,91,2015-06-29
7245.85386254861,5897.069503290041,9258.417405966115,0.12890957722385113,8009,91,2015-06-30
6421.994323174262,5647.837487665896,7572.656910946949,0.0825739247804197,5499,91,2015-07-01
6411.1632448766,5647.837487665896,7522.0885099767975,0.08204862338029718,4707,91,2015-07-02
6355.361384368478,5617.146380699353,7735.712436622497,0.08513792831669997,4824,91,2015-07-03
5005.330600387045,4211.366240943082,6325.665661523688,0.10073488352485131,3371,91,2015-07-04
5064.030806077939,4275.627551188745,7696.902210489653,0.13742747148553722,3743,91,2015-07-06
4829.208714985929,4173.421096959287,6498.040281734087,0.1035791855111754,3552,91,2015-07-07
4686.814226020172,4155.227477493191,6197.569387364579,0.09617601508447915,3812,91,2015-07-08
4669.667042654692,4143.209415725105,5702.766139934796,0.08977915229469591,3391,91,2015-07-09
4819.111586220585,4239.0679391250915,5882.236544294976,0.08320300235400725,4035,91,2015-07-10
4853.856987237088,4205.480038182653,5679.236952442591,0.08856721041939074,3786,91,2015-07-11
7633.4296806133325,6447.3155589386815,8929.908630458656,0.08693054950379472,6764,91,2015-07-13
6442.180255494684,5532.766973737606,7345.77244096176,0.07027322255297927,5899,91,2015-07-14
6065.876682744231,5125.3907088427495,6902.658019577746,0.07677229839989703,5846,91,2015-07-15
6042.395822946466,5094.622489552293,6902.658019577746,0.07860991136465677,5661,91,2015-07-16
6087.44085287453,5207.8631386833285,6936.219091458577,0.07682892961627656,4341,91,2015-07-17
4843.767844960929,4205.480038182653,5679.236952442591,0.08943093868221158,3585,91,2015-07-18
4891.32937442422,4183.1376076348115,6449.537027789316,0.12046365471583129,3949,91,2015-07-20
4719.18976279556,4128.637066912073,6089.849066419644,0.09914099595709533,3873,91,2015-07-21
4593.088833626506,4128.637066912073,5775.116727800634,0.09264243128192684,3468,91,2015-07-22
4596.419338300821,4124.916072738997,5775.116727800634,0.09406359745252169,3997,91,2015-07-23
4773.296102403479,4170.564261466357,5775.116727800634,0.08980616479575901,3565,91,2015-07-24
4834.656824089325,4193.606450623661,5745.7922204156785,0.09167242218019916,4506,91,2015-07-25
7561.127866958734,6381.985555760779,8816.480436610966,0.0877391894011265,7706,91,2015-07-27
6637.2735088569825,5532.858984800102,8457.402694419763,0.09984281254629389,6485,91,2015-07-28
6392.248968673074,5260.147480685124,7968.243977829099,0.10974280414952174,5813,91,2015-07-29
6930.48973619364,5623.974014681199,9107.51350908648,0.12752199371957001,6151,91,2015-07-30
7184.207996684638,5439.316004345967,9259.47695409665,0.13641495166917458,6164,91,2015-07-31
5256.724134877756,4479.852533824528,6149.870829152715,0.09211102222648881,5814,92,2015-06-20
4969.427379630746,4202.7234394285515,6112.8245380164935,0.10870031455254701,5068,92,2015-06-22
4640.714165122226,4129.641853395746,5297.638636330718,0.07744497480806428,4831,92,2015-06-23
4646.724703538119,4210.669737857769,5297.638636330718,0.0718138628427702,4858,92,2015-06-24
4665.580522476146,4210.669737857769,5297.638636330718,0.07168658037248925,4197,92,2015-06-25
5028.196808393696,4426.281239075652,6066.834050587686,0.07722748524224647,5240,92,2015-06-26
5377.203500781841,4506.194296253044,6277.66136322498,0.09601937766676913,6134,92,2015-06-27
9163.981400603752,7253.119616056671,12079.221245176415,0.13287335735217717,11023,92,2015-06-29
7664.256724890393,6179.227495285017,10062.328473999363,0.1349442024994969,9319,92,2015-06-30
6820.298711843806,6062.506640920375,8194.059383652226,0.0802228652929718,7236,92,2015-07-01
6735.3327887559635,5983.374352908454,8159.226368539545,0.07697162028720612,7250,92,2015-07-02
6887.057483263993,6135.730536618424,8194.059383652226,0.07590187357630784,7877,92,2015-07-03
5238.668649115458,4453.770600967078,6593.359584657132,0.10397583018353562,5037,92,2015-07-04
5091.436933162297,4290.674831097498,8574.500354975025,0.14464084579261227,6329,92,2015-07-06
4751.847603367822,4177.788617588372,6387.779563144701,0.09696071644251603,4384,92,2015-07-07
4643.502065805723,4177.788617588372,5297.638636330718,0.06728641767944285,4833,92,2015-07-08
4630.102921010566,4173.992584684546,5238.077371653422,0.0656717747279751,5562,92,2015-07-09
4960.547225146512,4416.445458582132,5696.805252002422,0.07239249816044593,5523,92,2015-07-10
5143.680217091935,4460.44294556293,5882.991000127645,0.09086953568998007,5398,92,2015-07-11
8663.208012883006,7116.496364762541,9764.112841242328,0.07332974862363845,9890,92,2015-07-13
6686.13230230494,5969.241170971855,7705.7535000803355,0.06529535372469433,7785,92,2015-07-14
6431.176965570717,5937.287783165302,7084.726565398631,0.048982282075428214,7644,92,2015-07-15
6412.304178353707,5891.279966619661,7076.003619736683,0.050038703825516166,6768,92,2015-07-16
6587.103822394777,6014.46161500604,7227.807236962033,0.04534357726964446,6030,92,2015-07-17
5139.85712868867,4406.953229537166,5882.991000127645,0.09238664682970767,5777,92,2015-07-18
4925.6420040339735,4129.092250008586,6112.8245380164935,0.1119405937014504,4860,92,2015-07-20
4606.430067690045,4115.648136681156,5336.298012957971,0.07953261451863047,4846,92,2015-07-21
4612.874924614813,4209.922385421005,5297.638636330718,0.07459222960653288,3890,92,2015-07-22
4630.096424951306,4209.922385421005,5297.638636330718,0.07484101492464684,4279,92,2015-07-23
4951.715536166159,4413.128607163049,5618.629153437176,0.07553776366447718,4138,92,2015-07-24
5119.891506430696,4460.44294556293,5882.991000127645,0.09163754907883413,4712,92,2015-07-25
8443.50716760526,6873.76933701763,9679.326700229018,0.08378874172522423,9528,92,2015-07-27
6936.254074941125,6108.38620141176,8132.0686016837035,0.08773246864827994,7760,92,2015-07-28
6813.9371614779075,5916.273769010209,8183.1787260582205,0.09540283640795248,6917,92,2015-07-29
7195.834344839519,6046.976763007804,8938.898879953436,0.09864183567003769,6683,92,2015-07-30
7629.061708183885,6444.538842437176,9206.500320257846,0.10098808773459426,8227,92,2015-07-31
3219.2138660709743,2697.2901152981535,4223.610499360447,0.09850842921456379,3081,93,2015-06-20
5201.094968787101,4566.984199379258,5972.413284821828,0.08937310536186,5297,93,2015-06-22
5142.717331094742,4602.31879236525,6279.457322003288,0.08708173184776673,5043,93,2015-06-23
4944.936405471257,4396.973332508199,5763.612535025203,0.07589953479068126,4790,93,2015-06-24
5011.909769192511,4426.281239075652,5763.612535025203,0.07311551445160513,5250,93,2015-06-25
5507.592681586279,4787.346185709311,6788.796207644976,0.09494011099843927,5796,93,2015-06-26
3265.9569946626143,2624.677559868183,4503.9359587848685,0.12031081625969105,3173,93,2015-06-27
9141.06088552755,7477.661964471618,12597.554496164857,0.1333078882816389,10212,93,2015-06-29
8260.19112511381,6655.63652574023,11687.67839165135,0.14866967343536888,10767,93,2015-06-30
6997.444025632103,6272.930194303434,8148.533598569625,0.07027702082355905,5602,93,2015-07-01
6998.206686106334,6293.766888974907,8059.538898145558,0.06803267291909662,6470,93,2015-07-02
7742.196580403826,6586.2709735454755,9112.918516811365,0.09079068810805684,7784,93,2015-07-03
3300.344016983471,2754.740983996641,4597.380675082095,0.12980649659190654,3180,93,2015-07-04
5429.3863536909175,4503.816769788172,8602.47605024538,0.14894128163363432,5779,93,2015-07-06
5240.932778363029,4575.845140767556,7145.648555269547,0.11949224261244808,4840,93,2015-07-07
4949.477610965606,4434.962698713412,6254.181783614163,0.0858929704587689,5492,93,2015-07-08
4988.041521434007,4444.54404548733,6136.372466876955,0.08061428642721319,5591,93,2015-07-09
5394.435277977711,4686.362325874147,6263.476188036143,0.08628141365533704,6255,93,2015-07-10
3153.796281587639,2504.0512462860365,3805.3917285831244,0.0914941615696312,2815,93,2015-07-11
8599.248692731268,7206.813127191722,9436.761047340264,0.07568692150686482,9253,93,2015-07-13
7144.526766100218,6484.4747404875325,7782.858271033421,0.0524676039152033,7467,93,2015-07-14
6629.796860137968,6148.284872051937,7221.099417091258,0.04235275080799618,6577,93,2015-07-15
6649.272454079403,6200.798852590374,7285.284533937195,0.04244869601380196,7075,93,2015-07-16
7413.13411412996,6439.459680245387,8910.634370736161,0.09216747441727652,6466,93,2015-07-17
3146.281924907595,2504.0512462860365,3805.3917285831244,0.09110023747551264,2640,93,2015-07-18
5203.3313743559165,4426.108886084418,7271.424143944982,0.1140053679828918,5166,93,2015-07-20
5079.839790846639,4426.457436168709,6749.756070896892,0.09767256859000309,4490,93,2015-07-21
4932.872722975887,4308.361583507603,6323.960081820664,0.09211730837198145,4656,93,2015-07-22
4978.324972353134,4318.606648984679,6248.2787696064015,0.08919350806681933,4740,93,2015-07-23
5397.078461087763,4606.762872755143,6948.102611914248,0.0998942339151064,5010,93,2015-07-24
3123.5294468627444,2504.0512462860365,3805.3917285831244,0.09077129885317184,2791,93,2015-07-25
8408.591945054091,7148.30830700752,9496.139083227474,0.0795122817739917,8356,93,2015-07-27
7274.244808419991,6343.653278810099,8481.5994806199,0.07900606566532273,6274,93,2015-07-28
6982.52821966053,6096.896810980047,8321.798077135327,0.09105507557151807,5952,93,2015-07-29
7451.086837790411,6395.688814920837,8843.72410370165,0.08487680358725094,5897,93,2015-07-30
8285.545115925033,6735.169892172997,10811.333662033787,0.12447028999565006,6548,93,2015-07-31
5593.98064233012,4828.698945512903,6624.361903750366,0.08155293574247238,5538,94,2015-06-20
5984.689044976592,5379.657385599246,6850.898243454901,0.08444785981305392,6196,94,2015-06-22
5830.031362267144,5224.946493842722,6742.284401375808,0.07542169716030878,5268,94,2015-06-23
5661.876914700895,5148.902040010643,6446.620630554002,0.05985725834336728,5507,94,2015-06-24
5733.114594495029,5210.301056091526,6502.804951604594,0.05945880609252624,6216,94,2015-06-25
6101.580302592934,5451.550642404606,7186.78617417305,0.07140010802353688,6488,94,2015-06-26
5729.7862337859615,4829.088193937482,6987.989028226719,0.09486293817454287,5896,94,2015-06-27
10821.511625508549,9290.854756240215,13468.221857724828,0.0945002986244474,11278,94,2015-06-29
9207.45441171238,7711.7486404826595,12059.490964759889,0.12374384595136527,10792,94,2015-06-30
8220.342534580366,7328.492550974339,10135.532830843695,0.08346101857788676,9790,94,2015-07-01
8249.915183864965,7371.92658297774,10237.634266937068,0.08299513748246466,8926,94,2015-07-02
8286.079428601424,7432.327393582025,10237.634266937068,0.07799064249217222,8972,94,2015-07-03
5705.718440370057,4869.477629941817,7720.306614908219,0.1065142042905124,5839,94,2015-07-04
6213.4932609874895,5452.602755185782,9576.424472914065,0.1251328302126701,7228,94,2015-07-06
5935.564023118745,5251.728091061761,7477.194044247918,0.08736681467197767,5828,94,2015-07-07
5701.058411127561,5147.2423656700685,6765.273725517013,0.07050866552029826,6684,94,2015-07-08
5750.388517208385,5270.091543592421,6498.947755896962,0.05226133653818367,6985,94,2015-07-09
6028.069558546249,5397.66694571381,7007.192407419775,0.06349420690165877,6876,94,2015-07-10
5483.465941131946,4815.095532514063,6461.366870085769,0.07339017324015736,5444,94,2015-07-11
10358.041582105168,8788.69422909129,11384.869856729409,0.06894651398108279,11421,94,2015-07-13
8122.4845884307315,7294.853376581351,9095.544756229918,0.06172428531062304,8734,94,2015-07-14
7552.5388732342335,6732.61114897489,8372.686636050226,0.057685512299376455,8731,94,2015-07-15
7592.300777216452,6746.260234501462,8474.148233152293,0.05694003994002846,7846,94,2015-07-16
7748.84657393346,7086.508197163106,8531.936387856073,0.050652116038700366,7567,94,2015-07-17
5448.0410575846145,4783.670740509569,6422.105053540274,0.07324115953887018,5694,94,2015-07-18
5931.87076327634,5294.034986626471,7700.122733052529,0.09042564408765168,6099,94,2015-07-20
5731.004566546453,5194.506167594251,6732.330269939317,0.07084704059234628,5282,94,2015-07-21
5589.0669437380875,5055.523070157997,6422.967448423326,0.05883255636448941,5556,94,2015-07-22
5652.094839882354,5149.197077176734,6498.947755896962,0.05599570973972936,5580,94,2015-07-23
5969.407878499144,5294.034986626471,6781.579807869755,0.06582624762313864,5524,94,2015-07-24
5439.0917852161,4750.361317081907,6422.105053540274,0.07407974307269988,5176,94,2015-07-25
10219.554699015765,8483.458801537967,11372.246298132766,0.06577048378296554,11168,94,2015-07-27
8360.775710059459,7389.650866539145,9817.173340718162,0.07630527330581613,8929,94,2015-07-28
8045.925522786877,6942.410017671123,9808.073574058122,0.09608865666759114,7718,94,2015-07-29
8462.419938861942,7169.060423686094,10346.35341891593,0.09426609882779242,7964,94,2015-07-30
8908.398614033209,7400.617518919732,10580.770977940143,0.10401506118170405,8372,94,2015-07-31
4737.775519749,3984.0899234320514,5971.733991502514,0.10539172880681155,3742,95,2015-06-20
6445.9221028037955,5720.879378071452,7742.3900049873955,0.07850610187295337,5889,95,2015-06-22
6433.166598930032,5720.879378071452,7912.720509183994,0.07682210587723526,6342,95,2015-06-23
6187.16680092867,5580.965680941223,7255.068012942049,0.06564072022991016,5966,95,2015-06-24
6269.052350433061,5633.210439619443,7255.068012942049,0.06652167341452556,5031,95,2015-06-25
6494.621401989385,5803.61889697926,7432.127205123807,0.06876409255931472,5833,95,2015-06-26
4858.959111580796,4013.010924180845,6340.583116334813,0.11414729027071752,4492,95,2015-06-27
11519.283462059531,9672.23533313142,14266.096899424048,0.10290537115907888,10539,95,2015-06-29
10631.524518374505,9018.008569381695,14069.272553877685,0.11675434495006082,10260,95,2015-06-30
9140.239232153259,8015.743580166641,11277.917649707306,0.09156835460427033,9690,95,2015-07-01
9133.155781560587,8011.412706204007,11208.72778553368,0.08501361116124322,7804,95,2015-07-02
9113.70537896342,8099.394998505554,10821.113731591979,0.07828499662276905,7698,95,2015-07-03
4941.307714273529,4078.705633534249,6781.313422604173,0.1269153700746214,3935,95,2015-07-04
6953.389009962119,5920.699309613665,10224.746864186041,0.13357492524068715,7089,95,2015-07-06
6819.992306889352,5942.3475404597775,8938.645338059985,0.09837958007430786,6277,95,2015-07-07
6402.80544719064,5658.136761860704,7629.636223368428,0.07086107393726426,6131,95,2015-07-08
6481.646549996186,5732.676903691312,7507.280928790793,0.06732585904788023,5941,95,2015-07-09
6687.962770402703,5945.794890268749,7980.273526493946,0.0755746451457918,5923,95,2015-07-10
4879.712603658153,4078.705633534249,6718.669974326956,0.11093051511366625,4498,95,2015-07-11
11375.355965933491,9713.898323217767,12700.4821239931,0.06826644209926959,10639,95,2015-07-13
9719.203219682719,8501.707958751225,10905.9227769559,0.06474162197675845,9260,95,2015-07-14
8388.341098588038,7455.216170467968,9326.064004511805,0.05667820800946469,8255,95,2015-07-15
8509.280632941896,7801.4537603962635,9482.84955661389,0.054099918293039964,7104,95,2015-07-16
8627.887685060425,7994.547067828949,9557.843078669306,0.04896478258721898,6708,95,2015-07-17
4864.304893869924,4052.820166319808,6614.666068734409,0.11117612783385064,4369,95,2015-07-18
6668.015045712277,5739.340202635069,8503.798737989418,0.10071742980060358,6313,95,2015-07-20
6585.179793025787,5780.363080443599,7846.511137213655,0.08358555826105807,6208,95,2015-07-21
6286.536967659415,5580.965680941223,7333.381181286727,0.07035016839880373,5564,95,2015-07-22
6411.981325010492,5646.971809053736,7665.201540895539,0.07513777336885914,5333,95,2015-07-23
6621.829265627298,5828.224810517419,7828.467823122345,0.07594088584627585,5879,95,2015-07-24
4814.177009220769,3887.695509955157,6545.726078239737,0.1175307751465776,4042,95,2015-07-25
11307.64373544305,9773.448084259473,12925.392286419697,0.0790485274073261,11134,95,2015-07-27
9857.055566983347,8695.528638252608,11825.12857341275,0.07608857418745595,9107,95,2015-07-28
8888.247315567269,7455.852040838788,10855.698635496687,0.09634966170491248,7776,95,2015-07-29
9607.284704105046,8086.781240301941,11589.742307715273,0.09914159516634553,7525,95,2015-07-30
10049.15874152752,8243.844235129123,12065.204690064198,0.10107798114601313,8445,95,2015-07-31
1916.0852993944495,1694.6561565545114,2529.6342889832094,0.10155869597222623,1935,96,2015-06-20
4400.8651073496485,3809.814530324504,5583.557344443439,0.09879896990766188,4610,96,2015-06-22
4336.043969281607,3906.965872443911,5260.456602655525,0.07169515671678692,4862,96,2015-06-23
4294.921092307309,3866.020456092407,4965.417148461533,0.06437954544721673,4712,96,2015-06-24
4281.500476138555,3866.020456092407,4965.417148461533,0.06606922377733439,4500,96,2015-06-25
4193.233960670972,3726.3540959893994,4896.016896756146,0.06909399265824144,3642,96,2015-06-26
1954.0651033178774,1715.7556608020336,2701.350004953717,0.11510555414332647,2289,96,2015-06-27
8874.589184476286,6998.963884074616,12890.364374723236,0.14339153184045295,9347,96,2015-06-29
7700.445767572976,6167.077690271117,12257.246194439389,0.16728857388827895,10426,96,2015-06-30
6450.824001519601,5688.10389858379,7532.277921488001,0.07596989154901847,6280,96,2015-07-01
6310.443745413771,5605.349834789667,7532.277921488001,0.07845189318402508,5538,96,2015-07-02
6053.243641843074,5262.6785989629525,7499.572073606417,0.08924116579768551,5281,96,2015-07-03
1989.3723318593904,1694.6561565545114,3373.9911476425304,0.16708352885705258,1975,96,2015-07-04
4777.0116009485455,3848.930651864099,8689.910707174597,0.2023217889519464,5180,96,2015-07-06
4533.064388066938,3792.13695401341,6956.345470879418,0.15175640225021966,3762,96,2015-07-07
4358.622755325964,3852.220986355736,5443.9530668281395,0.08687933563048841,4535,96,2015-07-08
4353.030914127747,3863.1775534310455,5430.507047239895,0.08253313526647613,4847,96,2015-07-09
4261.7601442956,3686.4219043305025,5403.260576338769,0.091937004842702,4162,96,2015-07-10
1942.3671771775046,1688.8371928840993,2582.4363665663186,0.11367049153797586,2126,96,2015-07-11
8386.09720008375,6021.508617824255,9625.486634461238,0.10841243791526724,7773,96,2015-07-13
6922.94393868643,5704.939371248979,8114.787307556117,0.0837089672389278,7025,96,2015-07-14
6120.47499762044,5460.824749503493,6968.403042357426,0.06122486689969562,6980,96,2015-07-15
5988.873711352534,5450.909072127539,6826.638652652599,0.05983140701774389,6313,96,2015-07-16
5776.672248306016,5062.351802982347,6661.487620391846,0.0729178193560894,4929,96,2015-07-17
1941.4181645665872,1688.8371928840993,2582.4363665663186,0.11394826560792146,1913,96,2015-07-18
4516.649487544246,3764.904258420161,6498.481725729223,0.1412545214699011,5432,96,2015-07-20
4396.383298163815,3875.981208966173,5764.010426834496,0.10428827780301206,4821,96,2015-07-21
4301.711637830878,3847.4615849535007,5109.011000963823,0.07102288253030614,4299,96,2015-07-22
4283.874642705231,3847.4615849535007,5109.011000963823,0.07214730566076463,4655,96,2015-07-23
4195.51610646477,3612.100254203934,5013.157538121435,0.07908811825756638,4380,96,2015-07-24
1936.6355688168899,1688.8371928840993,2582.4363665663186,0.1121215824038358,1951,96,2015-07-25
8206.33321975113,5779.0787451600245,9650.651056744382,0.12138344689641468,8731,96,2015-07-27
6941.574744172976,5741.590745802555,8114.787307556117,0.08686919721115768,8434,96,2015-07-28
6387.525163455962,5387.693772213711,7887.1713115486955,0.09909673723875086,7216,96,2015-07-29
6640.520640175302,5601.692623127852,8313.814130674695,0.10075850779031494,6308,96,2015-07-30
6576.622420984336,5314.180597290373,7978.921864051422,0.11700491865906146,6370,96,2015-07-31
4393.984635498485,3727.466863781376,5511.148762276338,0.09629287438021725,4842,97,2015-06-20
5711.203379992833,5178.006280935185,6927.081457130424,0.08984867579319727,5800,97,2015-06-22
5475.49786196182,4937.7646102027975,6570.3049385988215,0.07102582958755245,6047,97,2015-06-23
5392.079696858895,4932.611508944605,6115.227958849092,0.05447742514138547,5519,97,2015-06-24
5625.957370172576,5052.2416110643235,6570.3049385988215,0.06535320981641336,5920,97,2015-06-25
5802.356786896801,5201.71592918049,6556.211437082503,0.058130766664626035,5855,97,2015-06-26
4469.043539964449,3681.3288446961155,5877.075153703093,0.112404442509198,4420,97,2015-06-27
10042.777629288861,8097.785432297604,13111.15839949709,0.11788369837864715,10893,97,2015-06-29
8688.860112227776,7233.355271785441,11564.796887998727,0.13160213049903713,9550,97,2015-06-30
7655.533794173792,6727.7035084181025,9301.524336507691,0.08223564795418017,8140,97,2015-07-01
7903.450552035771,7032.899871606546,9595.48248589204,0.07919696546872323,7675,97,2015-07-02
7867.24664626883,7015.696549417325,9291.374699478154,0.07801117314359624,7117,97,2015-07-03
4411.425329660899,3765.0220555711567,5804.650382633745,0.12320803245148476,4355,97,2015-07-04
5901.196837287578,5181.272590369387,9208.073476944834,0.135413566334855,6442,97,2015-07-06
5582.50618168407,4952.843253414056,7170.373739863151,0.08184726885929955,5899,97,2015-07-07
5385.5370153448075,4849.375159285326,6076.528542771018,0.05783938427335633,6077,97,2015-07-08
5612.397904822352,5047.442149987679,6271.6852912563145,0.05886623172298401,7957,97,2015-07-09
5809.71043625303,5165.825052075788,6638.199709815491,0.06927340975078965,7638,97,2015-07-10
4328.992963970311,3661.779635903596,5499.976024802079,0.10101036281330909,4553,97,2015-07-11
9538.823452315653,7894.430020924175,10777.587703434012,0.07656167450697185,10878,97,2015-07-13
7618.895199399691,6758.375936619988,8557.031427262971,0.06348858807928294,8305,97,2015-07-14
7094.984793139721,6402.1640287773,7893.123385560467,0.05319132432916295,7821,97,2015-07-15
7368.491620333033,6559.492506830593,8037.923914398359,0.057296901801843596,7384,97,2015-07-16
7486.404741293848,6608.772572580811,8215.38218663198,0.05819590675077294,6930,97,2015-07-17
4315.827699631757,3661.779635903596,5499.976024802079,0.09948816988267559,4580,97,2015-07-18
5622.598390125237,5126.642794155831,6927.081457130424,0.09353789310247523,5547,97,2015-07-20
5392.649385085462,4920.819665200509,6205.510343452655,0.06365988240964304,5236,97,2015-07-21
5312.49238864715,4842.203556295231,6076.528542771018,0.055775621822482926,5390,97,2015-07-22
5540.523553150934,5012.553312926956,6294.055648646271,0.05976245244150807,6790,97,2015-07-23
5719.860870579368,5153.842847103964,6391.379527885487,0.05734160433283453,6231,97,2015-07-24
4261.609825521535,3648.6503061892427,5499.976024802079,0.10549519051051136,4839,97,2015-07-25
9354.628656711648,7688.877269681894,11049.555333361677,0.0865213686721835,10538,97,2015-07-27
7728.708111855521,6643.636486632023,9071.8033539483,0.08593479130179113,8359,97,2015-07-28
7378.897267492745,6287.281930730576,8956.020742270088,0.0951037291273427,7446,97,2015-07-29
8124.571764447016,6922.5418992420555,9809.692229677468,0.09212195878705959,7695,97,2015-07-30
8472.297172267821,7017.899509318013,10390.235611181643,0.10126405695844518,8380,97,2015-07-31
4819.88661996127,4051.902141433775,5491.534237178372,0.07191379665095574,5804,98,2015-06-20
4269.989055083689,3687.1569137729334,5436.581668357698,0.08544598849892768,4559,98,2015-06-22
4038.7326942660006,3601.2216557890947,4904.497598275039,0.08562972342446334,4344,98,2015-06-23
4031.407443872871,3600.4344446034356,4904.097063878215,0.08390936713739838,4363,98,2015-06-24
4061.5488767856245,3607.2380661982124,4904.497598275039,0.08487333138578082,4164,98,2015-06-25
4504.184806403836,3934.272743071469,5337.466130052596,0.07580490124899668,4884,98,2015-06-26
4876.826969623477,4037.0846723857226,5643.246750573384,0.08053160603684248,5774,98,2015-06-27
7284.026176748626,5993.36153708929,9502.733315143196,0.1255411875693602,9429,98,2015-06-29
6433.278584480903,5033.811526697117,9074.980237220227,0.15005992588027237,9808,98,2015-06-30
5553.222451669963,4933.199812268661,6456.611072947939,0.07216060385354027,5861,98,2015-07-01
5666.521615573656,5134.256888320977,6456.611072947939,0.06498639200029994,5894,98,2015-07-02
5849.212936098567,5224.40068265323,6801.960415974301,0.06242045930158213,6642,98,2015-07-03
4877.144711647378,4071.0803803742015,6181.328045607584,0.09645819025284358,5170,98,2015-07-04
4451.0832431098825,3754.5472661697554,6375.892128571013,0.13835681028933877,5631,98,2015-07-06
4151.70391834531,3547.532831624446,5505.526642349219,0.11568744976412501,4258,98,2015-07-07
4085.4188219884177,3606.9389498488736,5430.173486140798,0.10082473447827332,3988,98,2015-07-08
4106.736003573376,3632.484811238356,5402.995509141598,0.09393055434364074,5010,98,2015-07-09
4507.413097234112,3892.79195085392,5584.504597305541,0.08689835041216278,5475,98,2015-07-10
4718.741588208946,4051.7456802892693,5476.55133325529,0.07428591480832608,4765,98,2015-07-11
6714.057964842554,5650.733032490425,7623.195848090117,0.07688849794814669,7949,98,2015-07-13
5487.13818423467,4936.524547197614,6146.479140631379,0.05890576770750582,6546,98,2015-07-14
5288.079887969856,4731.314835376423,5841.920235739461,0.05678937754262153,5795,98,2015-07-15
5382.181343471562,4787.811127485674,5841.920235739461,0.05127311635434789,6173,98,2015-07-16
5688.484732910843,5076.821606496788,6247.970470634857,0.04999355119352939,5573,98,2015-07-17
4704.175209168456,4039.258664651597,5476.55133325529,0.07636262614951231,5555,98,2015-07-18
4241.008946189561,3660.8632386657446,5740.104178915343,0.11338944563424778,4106,98,2015-07-20
4004.8693251532513,3535.899164573838,4911.480414167199,0.0889783349489041,4375,98,2015-07-21
3997.41070876979,3592.0374804969406,4910.368497271617,0.08278194911739843,4278,98,2015-07-22
4037.6855576159223,3620.0178708541994,4910.769543773463,0.08263936764807807,4413,98,2015-07-23
4496.564060545819,3970.103289026339,5444.903736870208,0.08029216938469264,4683,98,2015-07-24
4690.467296931691,4034.442344404227,5476.55133325529,0.07693390449483618,5314,98,2015-07-25
6590.695798445481,5400.894311440789,7623.195848090117,0.08817230955765827,7409,98,2015-07-27
5632.641684515941,4873.1117857537265,6904.699682246133,0.08491942652774398,5197,98,2015-07-28
5484.9134180046585,4716.570241601227,6799.944576963043,0.09091009699786803,5431,98,2015-07-29
6004.329754726812,5030.653616750134,7117.6682232323565,0.09372044147874312,6399,98,2015-07-30
6412.692907516471,5523.905651840941,7712.504067747622,0.09218271948653982,7012,98,2015-07-31
4983.308061474969,4299.750674375316,5804.947080248536,0.07961594341515683,6240,99,2015-06-20
4271.449336373268,3706.7410796064414,5583.557344443439,0.09654490204265395,4974,99,2015-06-22
4060.5348560768807,3605.5405436046867,4968.562056165204,0.08806076612717519,4034,99,2015-06-23
4066.598797580389,3609.3604766498843,4965.9444737392605,0.08599259204430552,4067,99,2015-06-24
4051.3642639452287,3606.9389498488736,4944.780405763061,0.08539044277700314,3922,99,2015-06-25
4396.433712033802,3867.3755360648897,5266.840403254875,0.07820716315951756,4857,99,2015-06-26
5064.62234483205,4381.882184492564,5966.294257509033,0.08004161187298874,6670,99,2015-06-27
7192.710692567524,5871.134512904053,9440.040330437152,0.1080801401634938,7528,99,2015-06-29
6364.862354014197,5130.230691607052,8908.81826185328,0.14558577427605446,8259,99,2015-06-30
5452.596957332911,4884.834508610459,6244.472322681574,0.06818779349959314,6668,99,2015-07-01
5355.787710880923,4762.961509500837,6198.407837421514,0.06981007033481484,6205,99,2015-07-02
5516.28809934615,4953.323011693229,6306.424687131094,0.0663093066283332,5377,99,2015-07-03
4894.047186557841,4068.346486722016,5913.349012247144,0.10795609222242326,5546,99,2015-07-04
4245.264617987619,3524.308369889207,6071.275865760609,0.13073955588953465,5201,99,2015-07-06
3983.4443641427674,3361.619414313252,5286.83173361512,0.11538377903373885,3561,99,2015-07-07
3912.5355769130824,3410.3210924478653,4860.1906225703,0.09168470330903265,5687,99,2015-07-08
3880.8213020708095,3419.7813663331094,4643.413637918909,0.0822097975216553,4552,99,2015-07-09
4202.422201513088,3615.2992960447486,5248.352627674569,0.09714667995950202,5037,99,2015-07-10
4770.01911010484,4022.8373087908576,5744.8872622840845,0.09310716773948055,5580,99,2015-07-11
6618.808900597155,5141.543864157234,7553.521317966692,0.09778690196872547,7549,99,2015-07-13
5345.585224520482,4626.342202605136,6043.983958707393,0.06841663752785697,7097,99,2015-07-14
5183.543364835943,4626.342202605136,5707.210832242905,0.05528940307585141,5830,99,2015-07-15
5094.125307565448,4546.734797061538,5685.967800317329,0.05912284941204314,5093,99,2015-07-16
5328.861662701817,4747.790773174747,5980.83530845039,0.0583467508080221,5457,99,2015-07-17
4755.012023177865,4022.8373087908576,5744.8872622840845,0.09474635272531495,5382,99,2015-07-18
4097.891648208468,3505.5929923607896,5358.746988728402,0.1041287315875061,5095,99,2015-07-20
3881.132050471911,3361.619414313252,4643.413637918909,0.0848166244413621,3932,99,2015-07-21
3884.163753065106,3454.8374273192735,4544.154145106618,0.07688219603078657,3916,99,2015-07-22
3870.186830263242,3452.525997383047,4544.154145106618,0.07727086233497873,5040,99,2015-07-23
4195.630666562857,3644.7550226273042,5111.2619164927555,0.08914941817155886,4752,99,2015-07-24
4734.806650304228,3975.5404750210464,5744.8872622840845,0.09567262974971741,5192,99,2015-07-25
6449.057433557947,4924.013908182039,7553.521317966692,0.12261746843501355,8213,99,2015-07-27
5500.263915785865,4630.924475201914,6690.535689057369,0.0870252680110572,6387,99,2015-07-28
5363.464294045717,4646.86810560636,6577.4530683821295,0.08411678827403216,7123,99,2015-07-29
5711.3055457301025,4632.722777035132,7067.697851967009,0.11621972569098904,6046,99,2015-07-30
5959.1432065481395,4972.149185982005,7217.562747610991,0.10956839285950347,6571,99,2015-07-31
7805.051342239181,6661.242444005953,9053.147600248412,0.08201916461927981,8315,100,2015-06-20
6907.021380644471,6195.758945124181,8913.989444963365,0.09107267121391753,6796,100,2015-06-22
6424.131598149823,5576.94833825689,7855.40708847169,0.08661821163131143,6843,100,2015-06-23
6423.779146406498,5672.530898604973,7508.209532039449,0.07173840254152349,6247,100,2015-06-24
6440.678541725384,5723.221987949408,7508.209532039449,0.06926850405438406,6686,100,2015-06-25
7086.545699104732,6201.121409921419,8297.943787403226,0.07379260382823245,6703,100,2015-06-26
7951.199916008589,6655.507408758722,9482.38186275586,0.09100410145466777,8852,100,2015-06-27
10405.017620140878,9056.687572547595,13088.752456605429,0.09568736395821398,11036,100,2015-06-29
9360.460692717294,7505.590013312016,11872.267522853996,0.12893130360232397,8831,100,2015-06-30
9467.55366207469,7575.696580063837,12570.299711125019,0.14364485831130938,8547,100,2015-07-01
9476.389464583215,7570.944125040499,12570.299711125019,0.14317257295254154,7801,100,2015-07-02
9778.170996631856,7555.333486514277,13152.991191597328,0.1489191213736144,9440,100,2015-07-03
8672.249070475656,6581.934783660569,11852.519390759107,0.15506988754984813,7596,100,2015-07-04
8179.905074175711,6427.587565354518,11109.092916201454,0.16212859968644835,7941,100,2015-07-06
7555.597171740641,5947.491154773459,10266.3074951171,0.1506511816734734,6179,100,2015-07-07
7345.5793372251555,5855.669833445247,10030.739615614719,0.1449220779429221,7285,100,2015-07-08
7325.534163263965,5939.01870039654,10110.178347951623,0.14604477518871145,7627,100,2015-07-09
7942.90643371517,6555.204256373204,10572.290466203694,0.1334672826059632,6797,100,2015-07-10
8450.706053773027,6764.9907425623605,11422.180253946468,0.14412308071639782,7917,100,2015-07-11
10923.74886748069,8837.637619195208,15053.742523397716,0.15636957345394073,11322,100,2015-07-13
9070.716553435646,7272.8521724725215,12763.392114026792,0.1591967726744151,9115,100,2015-07-14
9001.602968250007,7325.1233459867535,12329.411960498486,0.15629599579226422,8066,100,2015-07-15
9006.373889627595,7357.45615720333,12329.411960498486,0.15629100756602238,7544,100,2015-07-16
9572.900406928216,7556.862922019317,13393.234437947072,0.15736987565098656,8463,100,2015-07-17
8458.434219835754,6856.996289812671,11293.868636110421,0.1408041123919325,8974,100,2015-07-18
8017.597578492253,6219.8657697705,11151.932557462711,0.16957173575868065,8051,100,2015-07-20
7457.173790662729,5732.214974694151,10884.284377293412,0.17468908745413778,6145,100,2015-07-21
7374.817134993869,5858.514142814555,10884.284377293412,0.16633706051364738,6207,100,2015-07-22
7388.181631244297,5907.798284108298,10884.284377293412,0.16386061777190014,8118,100,2015-07-23
7942.100282507553,6372.415954384017,11602.112721972258,0.1475322477154805,7415,100,2015-07-24
8451.141210527905,6764.9907425623605,11514.50438695325,0.14387876295860122,8577,100,2015-07-25
10760.691076285517,7813.63451326275,15595.068484944992,0.15722120213156385,11354,100,2015-07-27
9275.471174552873,7360.072564388419,12903.094549207584,0.16348780037167393,9081,100,2015-07-28
9381.646222840025,7341.644315289452,12835.673454666803,0.1609807918433948,9512,100,2015-07-29
9626.32087737655,7481.08226830308,12736.802909118258,0.14911696913253,9631,100,2015-07-30
10314.376505459624,7700.387269509244,13376.785875266753,0.15390643398525297,10280,100,2015-07-31
6635.153241958491,5725.721703344398,7847.737674991819,0.08411338527211738,6581,101,2015-06-20
6393.415376947892,5617.22545526752,8857.931711800278,0.10574287430591045,5461,101,2015-06-22
6086.419008211235,5437.477452084926,7541.976056011512,0.08474177977420297,5537,101,2015-06-23
5992.228483772784,5390.90116458145,7179.516855454662,0.0720621984260331,5827,101,2015-06-24
6004.5577682621015,5395.224034763948,7179.516855454662,0.07046256516800654,4997,101,2015-06-25
6402.7501544551515,5631.220403000147,7523.145328592313,0.07479069595939171,6572,101,2015-06-26
6847.657143697398,5811.019771310507,8619.204164766936,0.10625561256516078,5976,101,2015-06-27
9948.600088756011,8078.921571697186,12859.807189411365,0.1114061532173559,11099,101,2015-06-29
9219.841294005635,7742.792956049697,11492.499273957284,0.11051100818670137,11435,101,2015-06-30
8182.727630464966,7248.823867628389,9764.021873073807,0.07884358325938247,9632,101,2015-07-01
8146.344821247358,7210.1461110918035,9914.982002411118,0.08118941950865995,9435,101,2015-07-02
8219.106834601691,7152.814137875025,10028.082797271985,0.0803459005474557,10279,101,2015-07-03
6786.755554721914,5666.1344592015685,9256.673478330293,0.11021481780229607,6413,101,2015-07-04
6454.360644234753,5547.020941300291,8578.490797028593,0.10710858135245342,8033,101,2015-07-06
6172.384287692812,5406.873121902995,7918.744500263168,0.09344665496003651,6208,101,2015-07-07
5956.296179551172,5383.534132821712,7353.072682455021,0.07250946416415628,6854,101,2015-07-08
5943.829728142803,5383.534132821712,6651.218040849848,0.06327893187089068,6404,101,2015-07-09
6371.629308842898,5614.177897845158,7545.329755613383,0.07855757427693146,6774,101,2015-07-10
6541.2005213408465,5609.230923222759,7759.245549442069,0.08557767052100719,7051,101,2015-07-11
9488.565474700343,7925.541713269913,11240.746726146115,0.08144780287336034,11252,101,2015-07-13
8032.975482524244,7182.124654060378,8956.175417576816,0.06490619184371593,9399,101,2015-07-14
7679.493324304254,7111.957256072535,8543.117174394923,0.05701054496813641,9383,101,2015-07-15
7677.866794911047,7111.957256072535,8543.117174394923,0.05704929150914914,9049,101,2015-07-16
7865.2257522521995,7184.385346098367,8548.1540413848,0.050509745399618444,9018,101,2015-07-17
6528.608870496452,5609.230923222759,7837.455579810675,0.08512663111384322,7786,101,2015-07-18
6219.564912644232,5413.205768117958,7790.007524606227,0.09584287110338939,7191,101,2015-07-20
5982.056044430767,5313.624742048267,7280.03569338985,0.07648733518166846,5226,101,2015-07-21
5850.135733146016,5216.895069953154,7180.925058584543,0.07246887162202076,5668,101,2015-07-22
5870.9120452979,5216.895069953154,7180.925058584543,0.07028507036342245,6236,101,2015-07-23
6282.59744617775,5600.320609339842,7370.887535133435,0.07893444862348763,5759,101,2015-07-24
6514.004917339936,5609.230923222759,7837.455579810675,0.0861652964105423,6090,101,2015-07-25
9229.396260519155,7316.012540864352,11156.45617091111,0.09722219447678022,10397,101,2015-07-27
8189.671558505048,7169.092965531097,9702.082355916962,0.08223505143555188,8292,101,2015-07-28
7978.182909599257,7061.761166994021,9690.113142511116,0.08802527117448906,8527,101,2015-07-29
8486.40098492765,7208.343099192669,10017.965753598806,0.08603351057381457,8655,101,2015-07-30
8983.818563722478,7317.390904392623,10665.214304606488,0.10083412673783687,11075,101,2015-07-31
5731.287258541949,4919.438886075984,6631.7256495024185,0.08233129028964234,5787,102,2015-06-20
6031.258290489403,5205.161698827683,8857.931711800278,0.12009360477857602,4896,102,2015-06-22
5778.157532863605,4897.123316968035,6827.304861185244,0.08919366583680914,5270,102,2015-06-23
5620.204947003163,4924.007288370017,6591.983182170699,0.07500079107109155,5524,102,2015-06-24
5607.026243916076,4924.007288370017,6591.983182170699,0.07723183731846645,4655,102,2015-06-25
5870.517133913677,5068.982190850691,6902.999837912084,0.08242334831556533,4921,102,2015-06-26
5911.522121582069,4937.626572947015,7483.688739626384,0.10581428515223965,5535,102,2015-06-27
10636.967946485785,8637.915348277087,13793.112552907884,0.1154371631293861,12311,102,2015-06-29
9304.075170083115,7308.629634749692,11998.352822223831,0.1347292575859954,13419,102,2015-06-30
8275.17731036519,7245.328894698679,10022.445014770612,0.08991602614688227,9000,102,2015-07-01
8154.401744366949,7041.97225587447,9940.80884971333,0.09237344861345975,7985,102,2015-07-02
8242.8937895363,7296.388850337879,10141.307730432007,0.08229322613055588,7194,102,2015-07-03
5845.045419873612,4973.599459288479,7364.742078269212,0.0960872484186046,4712,102,2015-07-04
6197.619066088004,5057.995124181169,10607.12884550691,0.1537899135163603,8156,102,2015-07-06
5885.056072361992,4887.711257702111,7211.8397662280395,0.10435795477298274,5397,102,2015-07-07
5638.015713849338,4982.586035237163,6856.487154152931,0.07866643174794119,5927,102,2015-07-08
5562.808587154747,4987.634439166792,6304.960157998863,0.061253007053956546,5465,102,2015-07-09
5807.9377647774545,5000.442975730992,6861.67801270725,0.0809263757308844,5972,102,2015-07-10
5647.722779229863,4944.760048793304,6460.1967401061975,0.06815128003624668,5330,102,2015-07-11
10416.76131639483,8689.42593290784,11622.32321283883,0.07519983139449378,10030,102,2015-07-13
8240.564833852037,7456.508449248693,9379.310994244786,0.06674693066269989,8337,102,2015-07-14
7570.022043539637,6664.059866649723,8553.358359382624,0.06250843972272267,8787,102,2015-07-15
7487.976686989294,6545.121282083995,8506.390127924293,0.06555329372062965,8389,102,2015-07-16
7638.211116932177,6857.393720256603,8534.377906244115,0.06146371571866726,5999,102,2015-07-17
5656.730043984577,4979.932098531032,6470.769905699249,0.07097895632183017,4929,102,2015-07-18
5898.056243841772,5053.711092984016,7810.13409991496,0.11623019740911525,5578,102,2015-07-20
5693.271422631156,4863.30747825856,6912.1618182918455,0.09362372822614905,5198,102,2015-07-21
5528.4620435505185,4959.062018592861,6336.5199633563,0.06570164759838268,5449,102,2015-07-22
5520.432363720558,4959.062018592861,6336.5199633563,0.06463815336822862,4658,102,2015-07-23
5829.150115916085,5029.582000470577,6940.4025778394225,0.08542847818541997,4998,102,2015-07-24
5625.792558247806,4943.79479128668,6491.465180529462,0.07433935538738312,3609,102,2015-07-25
10137.743422532118,7682.252419439842,11622.32321283883,0.10201646633432535,9168,102,2015-07-27
8462.13151134018,7238.199304172717,9909.420535230094,0.08467569560062516,8761,102,2015-07-28
8095.1787180796055,6687.166088354825,9983.66589323536,0.10416267601821189,7126,102,2015-07-29
8539.900725543754,6871.058647340867,10510.146011608387,0.10549021332798686,7241,102,2015-07-30
9139.175846641945,7316.894969703252,11349.082586016679,0.11869768705509672,12602,102,2015-07-31
3960.293757192609,3391.7048938564085,4913.010976368807,0.08807879016862975,3433,103,2015-06-20
4228.658951478022,3693.7142903307104,5352.32702958498,0.08877435296032068,4266,103,2015-06-22
4080.0669591812734,3643.104270601463,5136.752683931843,0.08756092861345072,3582,103,2015-06-23
4003.3565284451615,3620.617642780453,4859.8989437325035,0.08102330086594661,4235,103,2015-06-24
4006.139438305072,3620.617642780453,4859.8989437325035,0.08048727686366455,4092,103,2015-06-25
4353.1938939698775,3795.203721380625,5197.668598040703,0.07763099874915674,4103,103,2015-06-26
3992.082784534981,3389.1746316090457,5078.960902108077,0.10006279962670715,4114,103,2015-06-27
6419.473954023189,5202.491759574252,8568.269834623847,0.11638548541905772,6318,103,2015-06-29
5735.341259709401,4673.1602769814735,7990.736579849388,0.1397273830197062,6083,103,2015-06-30
5434.459814628277,4583.449478947134,6522.295052420686,0.08969675667480184,5209,103,2015-07-01
5443.317059800094,4583.449478947134,6637.796170675164,0.09586399249043558,5161,103,2015-07-02
5698.788102363121,4768.893432283299,6931.938512140007,0.09882044748033864,5124,103,2015-07-03
4191.77356430677,3410.4419730303252,5977.287411908094,0.1440204023392695,4752,103,2015-07-04
4533.4195138052255,3841.181871262509,5901.782008346792,0.11078147419486284,5196,103,2015-07-06
4367.152736429678,3674.0031814684894,5519.703975597879,0.11564769245514438,4714,103,2015-07-07
4262.5562848313975,3668.953627221457,5392.214541538795,0.10155581795808494,4669,103,2015-07-08
4227.0903473380195,3662.44125187139,5361.615799260514,0.10196031328155965,4254,103,2015-07-09
4488.215275542923,3871.599137976234,5368.230660282793,0.08509378337239944,4774,103,2015-07-10
4048.6898189214553,3355.436015546732,5034.57238639569,0.1061466547281954,4465,103,2015-07-11
6262.162386500111,5143.737416374664,7543.514173316206,0.09519912243852847,6530,103,2015-07-13
5291.223392126726,4667.391540131921,6262.7425426864775,0.07427622831018463,5065,103,2015-07-14
5131.10710095113,4486.258532215592,5849.256856242788,0.07291389042852289,5036,103,2015-07-15
5141.567043659142,4486.258532215592,5849.256856242788,0.07311240149590405,5307,103,2015-07-16
5448.959227610234,4594.319500762369,6455.126685524607,0.08056772370925439,4674,103,2015-07-17
4030.647760018624,3355.436015546732,5034.57238639569,0.1062120548366137,4335,103,2015-07-18
4380.921292630299,3756.0672725476056,5507.192672459555,0.1052056558220991,5016,103,2015-07-20
4182.408496617312,3653.7699024294925,5399.762875774373,0.09812475695807667,4125,103,2015-07-21
4137.040898821656,3653.261072919937,5408.579253932086,0.09526250065214674,3480,103,2015-07-22
4138.435983926134,3653.261072919937,5408.579253932086,0.09495248953893076,3814,103,2015-07-23
4465.225330643311,3868.713087409165,5311.706886479028,0.08383368050669045,4559,103,2015-07-24
4015.987381952784,3351.7903731157353,5034.57238639569,0.1096591736206337,3681,103,2015-07-25
6208.123117203348,4964.192647209843,7650.868219497844,0.0969214377164084,5274,103,2015-07-27
5424.389382337316,4616.576987555908,6613.395724016095,0.09414787558096163,5243,103,2015-07-28
5340.901769134139,4558.404469387045,6472.961147905534,0.09117735678925212,4565,103,2015-07-29
5554.086801550893,4633.265497376289,6896.80185657968,0.10407418772644912,4461,103,2015-07-30
5957.23126147541,4740.082699971274,7619.606677800582,0.12138467429453464,5425,103,2015-07-31
10773.200639921974,9231.288890022526,12155.651844718006,0.07642797587883668,11414,104,2015-06-20
9576.255271362983,8222.709048804547,12113.202098719386,0.09838802744881518,9513,104,2015-06-22
8695.02293226798,7624.280932615759,9981.37998863532,0.07224551873572115,8534,104,2015-06-23
8644.100498587795,7574.753584861302,9859.504986736425,0.06817930192175578,8687,104,2015-06-24
8630.433695812826,7574.753584861302,9859.504986736425,0.06785334846599411,8196,104,2015-06-25
8884.24655295791,7766.461621515606,10224.164720916826,0.0720654911047403,8333,104,2015-06-26
10921.730964238537,9371.606680637831,12954.869570701396,0.08002848076254976,11588,104,2015-06-27
12367.298726838708,10194.161486721054,15181.70025807987,0.09965841701113619,12375,104,2015-06-29
11441.644868693917,9590.618836134105,14699.35821197342,0.11044662075508614,12983,104,2015-06-30
10437.692342622804,9386.189622079311,12226.173134419027,0.07573294497243817,12131,104,2015-07-01
10375.718414310571,9068.707924062355,11969.769036960606,0.07425787040069241,11469,104,2015-07-02
10456.095811804897,9237.839545800989,12197.02877516913,0.07355611082191786,11682,104,2015-07-03
10602.496103764375,8629.546705474295,12386.959259557347,0.08938399158183379,10333,104,2015-07-04
9507.026195351767,8118.030867664413,11712.975673571991,0.09843452394072226,11512,104,2015-07-06
8741.206294521784,7740.679805824951,10411.054467113536,0.08149505120059455,9605,104,2015-07-07
8553.954075953732,7528.069358447339,10074.838398095457,0.0723640324923326,9843,104,2015-07-08
8520.602760804657,7472.351971191315,10074.838398095457,0.07283948165888982,9216,104,2015-07-09
8711.301153106171,7551.146669148743,10155.535044758326,0.07871805801559727,9768,104,2015-07-10
10421.321312290727,8629.546705474295,11693.707456552955,0.08167694153388262,11023,104,2015-07-11
11575.688376135895,9648.589827029771,13324.926774993755,0.08261881731078845,12811,104,2015-07-13
10104.20894959629,8930.280238865607,11236.224146511913,0.06121527432018958,10778,104,2015-07-14
9779.996589073524,8720.86443669077,10758.828833083562,0.05415422513718381,11580,104,2015-07-15
9763.92681734183,8720.86443669077,10624.866087121503,0.05303451387345008,11260,104,2015-07-16
9923.433619612388,8720.86443669077,11041.037446249667,0.053780042668070425,10616,104,2015-07-17
10402.569260474784,8629.546705474295,11634.623570706264,0.08065776495948014,11690,104,2015-07-18
9200.394370057811,7975.379318133787,11382.037699783597,0.10068145092666296,11167,104,2015-07-20
8488.08135034581,7556.567973588431,9725.979889096545,0.070431046700519,8466,104,2015-07-21
8414.936099279625,7480.582978789147,9675.884736288037,0.06891210743085995,9139,104,2015-07-22
8394.47399438726,7463.646705387898,9675.884736288037,0.06963963982189515,8806,104,2015-07-23
8585.406042102553,7551.146669148743,10075.250013246727,0.0740761314213629,9004,104,2015-07-24
10366.904956153643,8456.503170661208,11669.396005967523,0.0838653155165451,11089,104,2015-07-25
11486.425288230197,9587.007309285447,13324.926774993755,0.08305286150671201,12138,104,2015-07-27
10349.695657423834,8720.86443669077,12217.869592357407,0.08035750577635956,10318,104,2015-07-28
10245.045009699461,8720.86443669077,12617.02248673848,0.08661037629839084,9870,104,2015-07-29
10644.26781821428,9084.504881776184,12831.808966239334,0.09079624375370357,10463,104,2015-07-30
10981.157182159543,9439.717277301495,13569.003372396905,0.10209914390142001,10483,104,2015-07-31
3093.0312873929533,2656.0097745106714,3954.8188644348843,0.1014761425710113,3457,105,2015-06-20
4117.560232298794,3481.253896556894,6164.673866935878,0.13334049460898229,4837,105,2015-06-22
3945.751818013479,3444.8448787202224,4789.264935062195,0.09573137757641578,4259,105,2015-06-23
3931.069535195645,3443.140294251407,5033.95055542333,0.10060140460689715,4031,105,2015-06-24
3900.035271407313,3397.4478518685555,4797.8328363260935,0.09631601520708559,4533,105,2015-06-25
4083.9438226057996,3485.3678308370636,5094.365762887601,0.09531862500920599,4788,105,2015-06-26
3104.2313419383286,2686.7825505231895,3846.3005161516844,0.0920619149649399,2974,105,2015-06-27
6935.593263640661,5673.0942936846905,8811.513713662393,0.11131577938124304,8517,105,2015-06-29
5840.257630708525,4356.749981016674,7925.701565710606,0.14187069994094462,7573,105,2015-06-30
5296.9654661035875,4535.773689237296,6397.6739978940905,0.08486638518046448,6129,105,2015-07-01
5265.43758863355,4431.680407647681,6413.117899330215,0.0893618700044501,5347,105,2015-07-02
5317.590332738772,4606.250267632607,6359.672417498153,0.07899714359569615,6329,105,2015-07-03
3075.342620045759,2411.3203117033067,4410.07707288345,0.13133453673189127,3861,105,2015-07-04
4063.617790274665,3470.977285200631,5764.5855504836745,0.11632989735033963,4869,105,2015-07-06
3924.4633078191255,3355.642239097473,5593.123947469609,0.11879143789715939,3912,105,2015-07-07
3854.7038370273335,3393.441943971329,4778.817641238395,0.09462641419254475,4756,105,2015-07-08
3826.9885006689283,3345.584749807314,4718.056735656673,0.08436561153513174,4554,105,2015-07-09
3967.365665219639,3446.6321964485787,4837.36403189584,0.09282839816276715,4513,105,2015-07-10
2986.884271773244,2380.998954216218,3971.1774612883473,0.1135839395059273,3320,105,2015-07-11
6533.233533044779,4963.25491147459,7733.013671683354,0.10977795529793569,7676,105,2015-07-13
5137.131084817329,4229.204850937878,5985.312722299292,0.0932702887784539,6288,105,2015-07-14
4971.9763371758645,4318.91956110247,5845.326847357666,0.07626732735278687,6439,105,2015-07-15
4935.93534559768,4188.915747455909,5845.326847357666,0.08003316113978837,5261,105,2015-07-16
5052.501907960845,4229.204850937878,5956.584060116672,0.08577858126454456,4572,105,2015-07-17
2981.307819541303,2380.998954216218,3971.1774612883473,0.11327937481064598,2942,105,2015-07-18
3956.9920185670817,3429.9527485444396,4975.660081738098,0.10730373450927168,5191,105,2015-07-20
3835.089749882222,3265.307908736785,4692.483147560333,0.08742828062332544,4076,105,2015-07-21
3814.2243640748766,3303.429415396417,4581.399540576878,0.0822476693237786,3658,105,2015-07-22
3802.4200223911944,3295.313154627499,4503.888127765547,0.08198890604829419,5191,105,2015-07-23
3963.0873703860407,3479.8471574401324,4762.050491963285,0.08849540912841179,4703,105,2015-07-24
2981.1566914144655,2411.3203117033067,3922.5230749124353,0.11288916924734739,3167,105,2015-07-25
6367.982253879874,4273.616241178424,7778.274064721857,0.13842773595657606,7031,105,2015-07-27
5274.614476494232,4190.529406929086,6394.23947888628,0.09832751051322504,6093,105,2015-07-28
5204.013520602956,4408.212369264037,6394.23947888628,0.09546066618408357,6896,105,2015-07-29
5465.055112885864,4447.10396919659,6649.264050652421,0.10714838992883834,6561,105,2015-07-30
5648.43246587444,4511.10008233568,6758.764635785804,0.11249690878792945,6456,105,2015-07-31
6339.187601339462,5425.508760295102,7519.659909513795,0.09000383949715843,6047,106,2015-06-20
7607.292421632381,6871.917972546321,10235.552667019901,0.1016051142990473,9218,106,2015-06-22
7329.851750412153,6608.125898557282,8418.485954571206,0.07089060342530079,6815,106,2015-06-23
7292.950807484875,6600.213922388115,8290.499947602917,0.06042681971489116,8539,106,2015-06-24
7181.402298098093,6360.0691109713425,8242.863620425374,0.06787101353396495,7318,106,2015-06-25
7522.601485240016,6819.677674728341,8559.596194620484,0.0680883937665819,8414,106,2015-06-26
6488.904837551848,5328.388957414115,8022.696803345136,0.10793442927092153,5959,106,2015-06-27
12199.562563171596,10439.28406335692,15206.18734246318,0.09995980608647723,11915,106,2015-06-29
10755.435509330715,8648.85880362338,13852.91923151956,0.12298277881979135,11739,106,2015-06-30
10356.243613041808,9099.883607534437,12124.300504410634,0.07853858369768232,10796,106,2015-07-01
10123.560167941783,8889.152417750787,11932.470939610881,0.07887898188894338,10910,106,2015-07-02
10247.71308597385,8921.684911662684,11962.745008436445,0.07812053235434634,10272,106,2015-07-03
6640.017458188853,5328.388957414115,8831.33881473251,0.1295611643805193,6488,106,2015-07-04
8074.211040421711,6743.441996238398,10852.561135657985,0.12617313505814506,9080,106,2015-07-06
7795.198387532772,6656.555942996598,10590.071645493079,0.11370217029822757,9088,106,2015-07-07
7525.102985271866,6600.213922388115,8750.147809419095,0.07788547419461667,8802,106,2015-07-08
7420.251511297917,6588.114283642449,8509.396427120471,0.07095724181469333,8987,106,2015-07-09
7828.9735061737965,6877.237744512025,9491.960097630554,0.084928394484856,9170,106,2015-07-10
6549.8617581449225,5447.862771438027,8199.48618623949,0.11116967920703996,6580,106,2015-07-11
11960.332935544246,10234.526756657173,14434.233253542743,0.08911976225674266,11833,106,2015-07-13
10110.038398681938,8841.127134359025,12087.220613998055,0.08848893644184155,11072,106,2015-07-14
9673.362813586444,8644.010514374058,11471.91926814279,0.06856505609506061,11967,106,2015-07-15
9533.752268688946,8351.44324991466,11647.892515624411,0.07885653421827479,10615,106,2015-07-16
9761.098154395211,8701.696741710164,11795.662250466492,0.07657064196314564,10488,106,2015-07-17
6541.340243426372,5447.862771438027,8199.48618623949,0.11107795286951576,6103,106,2015-07-18
7803.155771814501,6859.693514364931,10271.696457805665,0.10666639664638346,9073,106,2015-07-20
7529.919285734772,6637.4253234399075,9245.664783134578,0.08610133744925867,7710,106,2015-07-21
7478.213181066879,6634.4626401918185,8956.10386474803,0.07985217817297537,7824,106,2015-07-22
7399.442548686153,6600.213922388115,9001.871147997535,0.08132251464446996,8584,106,2015-07-23
7692.797259295554,6777.928092473674,9196.900530826508,0.07895477216936686,7667,106,2015-07-24
6493.30737240788,5328.388957414115,8007.398452225055,0.11256339837064772,5801,106,2015-07-25
11941.469286874993,9646.815756797647,14995.284680825605,0.1035117445937113,10318,106,2015-07-27
10322.283165768,8621.690094533229,12897.012528314488,0.10323599808502787,9178,106,2015-07-28
10244.6996470278,8557.070515180285,13276.078822906062,0.10327355759861125,9141,106,2015-07-29
10541.219466632483,8705.186056375436,13450.998303254804,0.10302538796985039,8253,106,2015-07-30
10885.157566087239,8890.610531260156,13682.100997199293,0.1052539832439558,10845,106,2015-07-31
6985.964569847878,6044.52523106711,8148.655315602619,0.07776208968783593,7771,107,2015-06-20
6589.901263451128,5804.459165270576,7788.423831681103,0.08439781092161072,5974,107,2015-06-22
6238.805869733341,5484.260851765346,7477.767493632178,0.0746671015894808,7175,107,2015-06-23
6006.726110777916,5419.086536744578,6822.94010706174,0.06525624297098287,6078,107,2015-06-24
6016.865580373422,5461.9473656180135,6822.94010706174,0.06374565566503766,5885,107,2015-06-25
6463.723753611219,5846.9383601157,7272.67753302824,0.05926893187025663,6584,107,2015-06-26
7152.426852760801,6120.781287346506,8657.583983451184,0.08591995457822865,7804,107,2015-06-27
9628.606913379035,8083.298593294921,11788.629597223327,0.09269951219343751,10046,107,2015-06-29
8898.025675239525,7420.128810623869,11324.311823555468,0.11680750111050528,9740,107,2015-06-30
7821.085656239343,6850.912433205716,9463.803044837061,0.08397561886584244,9152,107,2015-07-01
7779.2374473642085,6759.29250878516,9395.574034876385,0.08058478995149607,8560,107,2015-07-02
7846.5184780035315,7051.829334213002,8830.051275047908,0.06724889830279521,7943,107,2015-07-03
7093.832779545833,5950.785241935343,9350.766753989294,0.11668382140456604,7995,107,2015-07-04
6782.899819793643,5876.666843222113,8972.32590432066,0.11011225281492411,7842,107,2015-07-06
6327.584197421289,5585.344197649887,8245.084882797837,0.09138279507647099,6749,107,2015-07-07
5997.631864128608,5367.380673426544,7207.139958519935,0.07321263422335444,6869,107,2015-07-08
5972.821799214757,5367.380673426544,6736.588358022445,0.06571095093386974,6701,107,2015-07-09
6372.203072488876,5723.264563201231,7421.334940028173,0.06916602516088874,6846,107,2015-07-10
6844.485504087215,5944.835517645359,8148.655315602619,0.07839621083366724,8329,107,2015-07-11
9155.45565919125,7313.6321197793295,10433.655959179123,0.0767228499374101,8224,107,2015-07-13
7701.772538651633,6611.446362684243,8752.113949439668,0.07458012699704933,9037,107,2015-07-14
7276.59759157669,6527.629700064824,7945.728526354354,0.06618487337936854,8392,107,2015-07-15
7271.332562754568,6527.629700064824,7960.3438085096695,0.06606616125387132,7756,107,2015-07-16
7484.315241315023,6723.318247232562,8144.354718944258,0.05218980293005209,7192,107,2015-07-17
6812.412387892422,5939.049046368868,8064.625024081444,0.07844552834559969,8828,107,2015-07-18
6460.645869058048,5643.468279700999,8224.79728534844,0.09827956894006411,7669,107,2015-07-20
6121.931846211243,5403.81484599319,7436.98337927086,0.08194923039758313,7138,107,2015-07-21
5880.318524361672,5204.229815644277,6651.9968083190215,0.0680769544317685,6622,107,2015-07-22
5892.787033090775,5279.711744914083,6651.9968083190215,0.06771703737264162,7008,107,2015-07-23
6264.619968512633,5553.196633474398,7392.914093315587,0.07431683920346129,6740,107,2015-07-24
6778.415126387367,5855.544762005358,8064.625024081444,0.07951545708583678,7619,107,2015-07-25
9039.333469175437,7313.6321197793295,10433.655959179123,0.08343929616276556,8800,107,2015-07-27
7861.303686342279,7058.843725690459,9066.13483211704,0.08055187839136319,7472,107,2015-07-28
7506.145164716136,6319.836497398214,9066.13483211704,0.09279724863740225,7017,107,2015-07-29
7987.165337373932,6554.470396859326,9498.963505127545,0.09550424249714878,8132,107,2015-07-30
8525.079352746849,7127.28796163721,10009.907285426907,0.0957864436128955,9194,107,2015-07-31
10938.530358684153,9098.417806268288,13605.904067152873,0.09624572249834316,12653,108,2015-06-20
9815.113766526709,8508.092512128018,12281.548875627419,0.096242285897463,10621,108,2015-06-22
9198.442498270604,8038.018829406204,11085.426452400689,0.08148053241808303,9245,108,2015-06-23
9198.569977332056,8105.231516295596,10979.213097925382,0.07894826517361499,8964,108,2015-06-24
9245.923165428152,8105.231516295596,10979.213097925382,0.07839941483321666,9502,108,2015-06-25
10181.667548951214,8688.421152857727,12431.157386940591,0.09139274785188926,10600,108,2015-06-26
11084.32238549226,9065.332895861418,13605.904067152873,0.0986857833090392,12538,108,2015-06-27
14368.020879118274,12272.272899591346,18005.873793279407,0.08765435641171872,16675,108,2015-06-29
12254.473312768174,10168.95074404546,15331.641950352388,0.10435617842114406,14130,108,2015-06-30
11508.781659000606,10079.015035736322,14085.436922219926,0.08758391735270696,13746,108,2015-07-01
11461.979775513551,10241.015607481433,13745.33152296347,0.0823104925140181,12438,108,2015-07-02
11964.9487506428,10429.854401234941,14989.581301700346,0.08907598543478588,13208,108,2015-07-03
10854.582625837365,8905.833224163056,13832.239591128047,0.10391762976430234,11174,108,2015-07-04
9947.820049383388,8449.716308028452,13876.983640867666,0.12378081220352337,11781,108,2015-07-06
9175.928377135679,7865.406358768902,11115.037259005907,0.08916123555014485,9861,108,2015-07-07
9083.002836195548,8021.992622972765,10878.299190110229,0.07452373965627884,11934,108,2015-07-08
9090.115593533506,8021.992622972765,10513.714578993626,0.07153066621725757,12246,108,2015-07-09
9849.83019732208,8617.586380069613,12231.822914841829,0.07692811334129128,11837,108,2015-07-10
10492.244503935897,8781.095100520452,12431.157386940591,0.09111374658185296,10824,108,2015-07-11
13752.111422465672,11717.012237250387,15314.670571836588,0.07221650551392306,17106,108,2015-07-13
10952.849900116067,9696.751766759713,12486.949641872883,0.06970801506141636,12668,108,2015-07-14
10697.073468286271,9432.396789324637,11764.439288353598,0.06465593673622586,12209,108,2015-07-15
10751.949487725647,9505.549471384891,11764.439288353598,0.05865905619271573,10979,108,2015-07-16
11401.580997473218,9811.884138323006,13127.251275571269,0.07626718966662689,12713,108,2015-07-17
10451.01499037577,8689.382541095965,12476.830787347331,0.09566560825652108,13157,108,2015-07-18
9490.896094923619,8209.418293198496,12098.771807227144,0.09696621672028564,11005,108,2015-07-20
8904.430710482473,7691.660987646391,10867.044531819049,0.07903960100221165,10181,108,2015-07-21
8943.586420134192,7935.728046809084,10513.714578993626,0.07350990571977599,10120,108,2015-07-22
8985.30895708047,7935.728046809084,10513.714578993626,0.0740054393107773,12103,108,2015-07-23
9832.092087837864,8482.872448705872,12231.822914841829,0.08440103718635228,10706,108,2015-07-24
10418.202679162718,8586.377851520174,12476.830787347331,0.09648535133233058,12912,108,2015-07-25
13593.773159292983,11596.668759450602,15494.882930177751,0.07953764395380479,17513,108,2015-07-27
11169.61477572219,9734.41468648521,12891.232429594525,0.08117194722579571,13684,108,2015-07-28
11046.277925493125,9533.131352379434,12916.322363884574,0.08552798531747723,13273,108,2015-07-29
11560.419456438583,9946.821439388543,14337.000296846792,0.09447442385588535,14082,108,2015-07-30
12405.32968651836,10532.923725120369,14972.61283378487,0.09464151565118763,14927,108,2015-07-31
5195.1841692411845,4527.856059664905,6040.371488274683,0.07306434801144195,4885,109,2015-06-20
5557.200427634499,5017.468801390738,6882.286428911751,0.0938154674395549,5617,109,2015-06-22
5419.502671045661,4923.833281442924,6595.8962351319815,0.07925101736453763,5284,109,2015-06-23
5261.961060605037,4712.142731955008,6115.227958849092,0.0626882873579298,5113,109,2015-06-24
5267.063354032711,4743.012978408786,6115.227958849092,0.06204087458423606,5177,109,2015-06-25
5592.403727475949,5103.010004133558,6482.8830316355,0.06885357777918788,5166,109,2015-06-26
5347.949500039757,4527.856059664905,7023.169931961244,0.09392386931371856,4760,109,2015-06-27
8896.026671251968,7485.446190051843,11414.941394610001,0.11016210992424204,8650,109,2015-06-29
8106.525485137106,6476.793172303782,10543.46002252113,0.12073289811597981,10504,109,2015-06-30
7143.144985589452,6393.79647385273,9157.13261166253,0.08468511014443318,8369,109,2015-07-01
7122.547607329954,6391.704367270012,9157.13261166253,0.0866167652279017,8106,109,2015-07-02
7206.70549525187,6362.399867807934,8414.505395009466,0.06975131641737572,7814,109,2015-07-03
5219.198304330017,4562.329497475982,6187.677389590267,0.08131286536585695,5761,109,2015-07-04
5781.693549525937,5069.967990511586,8574.500354975025,0.12135696967879184,7261,109,2015-07-06
5562.786782557975,4946.713447919306,7651.311636260045,0.10195426552680063,6109,109,2015-07-07
5285.102101759821,4795.0083514295175,6115.227958849092,0.0641289114784198,6046,109,2015-07-08
5267.169141786303,4802.139096445428,5976.101178633245,0.053595763132964935,5833,109,2015-07-09
5568.358462283295,5008.231484999466,6570.900076627165,0.07439366258975906,6647,109,2015-07-10
5122.565534131861,4487.506383877955,5982.704151296916,0.0771024023939444,5253,109,2015-07-11
8444.55254371896,6961.254477150682,9480.476035293226,0.07646828285819827,8808,109,2015-07-13
7194.135257702338,6352.812121168162,8103.13079397491,0.06396477670243728,7739,109,2015-07-14
6564.852291211222,5925.099476555439,7138.707209564196,0.04900679232678915,7723,109,2015-07-15
6571.152906833719,5976.247695040369,7158.819228370136,0.04805265125113816,7750,109,2015-07-16
6839.52095962856,6151.803309148548,7503.400153926957,0.04876487887714346,7522,109,2015-07-17
5106.474092985238,4487.506383877955,5982.704151296916,0.07683500540617941,5655,109,2015-07-18
5513.948707876473,5003.429420917836,6882.286428911751,0.09514885047575318,6392,109,2015-07-20
5332.6718419575,4889.260166020615,6817.88698763692,0.08359667145805424,5417,109,2015-07-21
5192.42207006592,4703.6648288163005,6028.866582159065,0.06456771888912428,5239,109,2015-07-22
5198.674932988615,4703.6648288163005,6028.866582159065,0.06380475027714715,5625,109,2015-07-23
5491.800561358022,4987.176400150238,6470.17748535478,0.07395344714770428,5414,109,2015-07-24
5085.117180822573,4487.506383877955,5982.704151296916,0.07808608688856132,4677,109,2015-07-25
8244.76680110568,6891.132873625224,9477.843867753934,0.08150540985333223,7034,109,2015-07-27
7312.162330377483,6352.812121168162,8474.359327665978,0.07540106401818762,6983,109,2015-07-28
6873.883151008636,5925.099476555439,8225.661411124562,0.08600766617138812,6335,109,2015-07-29
7326.515298332745,6189.217682098839,9012.5578267822,0.09941306564067641,6082,109,2015-07-30
7864.567080943356,6504.272252874424,9337.904732448746,0.09761310489705781,9013,109,2015-07-31
2968.677340467506,2443.569694847165,3578.164238560309,0.09642080649840526,2892,110,2015-06-20
4129.738738171147,3638.290718386383,4789.215993169009,0.0714236302408706,4662,110,2015-06-22
4014.578705506847,3571.5558628495864,4721.921850774973,0.06514525051450669,3202,110,2015-06-23
4004.6926977308444,3579.0959236680865,4545.560587734602,0.06150155366407057,3849,110,2015-06-24
3980.457964912102,3579.0959236680865,4577.116253186945,0.06140056863404283,4002,110,2015-06-25
3983.8975516780824,3505.471490948585,4716.046823268656,0.07301287579851583,3410,110,2015-06-26
3026.274832972792,2480.274272974796,3600.2417008902876,0.10104434863517005,3219,110,2015-06-27
6211.256408316088,5195.581938797773,7905.945542595327,0.09569600476374004,6153,110,2015-06-29
5589.498484637081,4498.67197794395,7176.86432682759,0.1278815562059551,5989,110,2015-06-30
5502.39317179329,4629.847319441532,6651.578046561992,0.09287464311145197,6092,110,2015-07-01
5484.491996956857,4629.847319441532,6818.868951282023,0.09769142342030418,5193,110,2015-07-02
5350.50276243814,4521.623044909109,6638.338036660047,0.09288027643644234,4659,110,2015-07-03
3256.5734559950256,2664.361814435505,4646.49729402618,0.15489045215745986,3312,110,2015-07-04
4646.929317696161,4041.8497937385423,5854.4510390701325,0.0940323247791243,5396,110,2015-07-06
4536.570801298337,3848.2302340113242,5594.661969416826,0.102940893706184,4393,110,2015-07-07
4440.976795282457,3852.509188124625,5335.75065185084,0.08667920486452241,5116,110,2015-07-08
4382.78464655079,3778.768176651732,5351.104544614689,0.09293343390337805,4510,110,2015-07-09
4354.108869116584,3653.345906302623,5482.320266410406,0.10192482154696375,4385,110,2015-07-10
3158.9430063940385,2664.361814435505,4207.791052365104,0.11754203629440435,2552,110,2015-07-11
6284.775092683792,5124.0860010182105,7882.300867327258,0.1085904223357153,6903,110,2015-07-13
5428.669872332354,4343.825610962846,6563.217403420592,0.1137981580788798,5558,110,2015-07-14
5204.527687329275,4317.343845852767,6265.986290463428,0.1098790253548209,5370,110,2015-07-15
5178.39574795074,4317.343845852767,6265.986290463428,0.10731378306729045,5561,110,2015-07-16
5091.068833790895,4271.549794530566,6056.788407739585,0.10542688312506834,4448,110,2015-07-17
3160.3011814688166,2664.361814435505,4207.791052365104,0.11773716383580334,3115,110,2015-07-18
4530.283225246083,3921.283990833055,5537.2867752329,0.09632992601468322,5529,110,2015-07-20
4373.243247417618,3703.2710316190896,5457.67311801479,0.10351240206428962,4606,110,2015-07-21
4349.299756046307,3715.0816453456546,5447.391225593956,0.09812296217787353,4036,110,2015-07-22
4330.308195356849,3715.0816453456546,5447.391225593956,0.10025789377830963,4910,110,2015-07-23
4337.577977340215,3518.554237971573,5482.320266410406,0.10778506754779442,4149,110,2015-07-24
3156.456741244883,2595.4288697314755,4207.791052365104,0.12017482730774624,3034,110,2015-07-25
6215.2063066974615,4942.003862549506,7783.499157782414,0.10897449569350805,7729,110,2015-07-27
5557.158450310398,4490.3178617003,6890.0052107984775,0.12396446700709134,6558,110,2015-07-28
5451.758348378705,4524.832200678971,6893.562970907808,0.1259831838040998,6045,110,2015-07-29
5784.77267003814,4741.026318307378,7306.419268684033,0.1257444807210777,5680,110,2015-07-30
5768.967578945579,4526.3252754023015,7300.516589541195,0.13117780088660883,6058,110,2015-07-31
6290.077931285839,5295.5590772501155,7380.9406748284755,0.08570541113252272,6039,111,2015-06-20
5738.784144195506,5086.966582332312,6930.53033755409,0.08048840781416948,5153,111,2015-06-22
5396.625081372436,4703.118361567772,6485.472545599489,0.08376260394970891,4805,111,2015-06-23
5400.479583056997,4804.777627293296,6485.472545599489,0.07501309978853475,4987,111,2015-06-24
5507.673043194756,4995.462553275636,6485.472545599489,0.06637405590049877,5230,111,2015-06-25
6036.662198376209,5361.378081402362,6865.803923621992,0.06827846178727393,6030,111,2015-06-26
6435.114829463912,5437.429277096157,7623.857942322838,0.09173188631302277,6338,111,2015-06-27
9626.580764635428,7991.182899483597,13194.008524999144,0.1247102251350584,10544,111,2015-06-29
8606.029721728473,6700.723521972914,11588.421485200013,0.15003486559744336,10385,111,2015-06-30
7495.037117663309,6666.41666363287,9442.704629878557,0.08742177504781305,6748,111,2015-07-01
7618.9986054219835,6721.529491146666,9070.587408625097,0.07197237247353507,7024,111,2015-07-02
7976.196472883675,7229.115147809292,9751.164897117771,0.0719174870507132,8213,111,2015-07-03
6544.070274142419,5520.0600514543785,8871.817341172571,0.1073439703899615,6626,111,2015-07-04
5967.748982883023,5097.7488397177085,8869.773837636378,0.14067298379551535,6116,111,2015-07-06
5623.941769732933,4829.079429545452,7678.828043869372,0.11481790589947855,4534,111,2015-07-07
5512.6000427594445,4750.02920180143,7276.06001765393,0.10350624545658986,5680,111,2015-07-08
5580.723201926355,5032.294987053841,7141.050826673283,0.0849495076469831,6111,111,2015-07-09
5989.098564284592,5263.809757856899,7356.529522274174,0.07931599308209297,5978,111,2015-07-10
6228.727963141363,5328.411111782795,7308.581337811557,0.08082116766705003,6153,111,2015-07-11
8887.77109422786,7297.105519737316,10091.991748428676,0.08258793785989905,9771,111,2015-07-13
7239.929181978141,6248.738073687479,8123.5006283476105,0.06775977499305931,7797,111,2015-07-14
7070.106819164348,6234.377336180599,7845.857947272186,0.06052138056727869,7559,111,2015-07-15
7228.504779541199,6627.738381114962,8002.511699293189,0.05153390046665551,6988,111,2015-07-16
7624.067767391785,6923.482228005789,8241.024264116084,0.042661909688256776,8177,111,2015-07-17
6216.458985696644,5282.959313423623,7308.581337811557,0.08203254061001748,6930,111,2015-07-18
5713.728357798026,5014.548195224467,7646.975670988957,0.10644396344140944,5651,111,2015-07-20
5378.593493731852,4650.310019543539,7058.38808401285,0.10245036851359189,5078,111,2015-07-21
5358.543163475373,4584.214058060631,6828.830471796129,0.09645562251678125,5124,111,2015-07-22
5468.989478828974,4946.519460875818,7019.0109135410285,0.08369325484110039,6827,111,2015-07-23
5903.523330736585,5194.415485465826,6809.121535186344,0.07168385815772396,5558,111,2015-07-24
6187.507868372649,5244.56932957807,7308.581337811557,0.08507331769814087,6408,111,2015-07-25
8747.055051923686,6600.74812813862,9993.245982621742,0.09930596041854955,9064,111,2015-07-27
7503.725892303821,6390.843216351902,8892.424608794425,0.08666136037421993,7244,111,2015-07-28
7460.314450016547,6234.377336180599,9362.415829297212,0.09784278725898604,8068,111,2015-07-29
8083.25175063642,6845.359962224266,9782.156357561005,0.09271422197055215,8446,111,2015-07-30
8666.346261784773,7341.511283209374,10395.787116948184,0.09913057894437083,8897,111,2015-07-31
5867.026243217563,4934.717630213021,6706.997649703443,0.08656238582045733,5589,112,2015-06-20
5614.5291095928205,5052.19266313268,6790.078991434746,0.08336616827791332,5858,112,2015-06-22
5364.12988972331,4752.749771941872,6502.357923513153,0.07749210132984233,5955,112,2015-06-23
5217.017406092672,4615.190016259658,6439.437394678843,0.08182273540162241,5088,112,2015-06-24
5204.196440029287,4632.418354308892,6439.437394678843,0.08301847128008975,4982,112,2015-06-25
5558.173476459191,4915.244009511097,6593.620781995205,0.07607715429026529,4662,112,2015-06-26
6040.18556500429,5063.327027850372,7476.217911035969,0.10040136125243886,5394,112,2015-06-27
7837.701717220228,6553.466414504642,9977.930368878533,0.10641761524248336,9282,112,2015-06-29
7254.156300317873,5920.040291011023,9184.35218967994,0.11579622199630991,7587,112,2015-06-30
6508.6938414538245,5282.454344820438,7807.116382006173,0.10224991226085503,6899,112,2015-07-01
6465.48246864872,5282.454344820438,7807.116382006173,0.10111145651488412,6920,112,2015-07-02
6596.43811074137,5760.347970185612,7662.112776597825,0.07795458368291777,6570,112,2015-07-03
5845.869126715311,4936.878162179163,7249.052502307542,0.10505027955954566,6229,112,2015-07-04
5771.720044503796,4974.236772664862,8122.192885533766,0.10945247035023768,7100,112,2015-07-06
5442.324649402836,4686.579815590567,6706.855472982578,0.08796816166998166,5750,112,2015-07-07
5224.549044730294,4562.426189855017,6144.907535600053,0.0813614214750205,6167,112,2015-07-08
5194.038988947067,4560.182288781652,6138.184786407775,0.08061940128775011,5964,112,2015-07-09
5500.023220433704,4885.974329638579,6507.810580315638,0.07118107424366084,6268,112,2015-07-10
5734.863612675244,4883.68458913018,6720.946341270237,0.09436770471961406,5486,112,2015-07-11
7457.400766005872,6194.271851432857,8818.653564082924,0.0861097907298699,7190,112,2015-07-13
6427.400893307901,5600.655647820921,7208.896781500121,0.06655536290854623,6847,112,2015-07-14
6142.049920960945,5290.7144525280055,6832.113171347375,0.05964055770441965,7363,112,2015-07-15
6127.818300446518,5290.7144525280055,6851.404724291245,0.060308441140726254,6438,112,2015-07-16
6320.548860266356,5612.817827806884,6931.115060771135,0.057258113796196546,5887,112,2015-07-17
5701.808679903066,4869.296327319476,6720.946341270237,0.09430101362332961,6065,112,2015-07-18
5524.556822579534,4800.97489700544,6840.270387158699,0.09334039958687435,7703,112,2015-07-20
5302.562386862665,4632.526703100317,6594.459183241768,0.08646126023845394,6045,112,2015-07-21
5159.188863620153,4441.772770219531,6097.707314760707,0.08540798479015502,6335,112,2015-07-22
5143.365623201998,4430.662203949297,6097.707314760707,0.08811108093479011,7637,112,2015-07-23
5438.050850994789,4764.08020479225,6593.620781995205,0.07893173420770011,6227,112,2015-07-24
5705.4780257185375,4810.204619108447,6724.176933973134,0.0986250285936802,5574,112,2015-07-25
7336.271799977626,6040.811537821027,8812.590106133757,0.08970137430426404,7549,112,2015-07-27
6512.643135258707,5496.136262489432,7870.434515763094,0.09210498708719193,6178,112,2015-07-28
6377.553393777665,5312.022673975181,7816.091175231034,0.09954450132378036,6949,112,2015-07-29
6767.353740196256,5726.261534148214,8393.855561494598,0.11004184169434758,6071,112,2015-07-30
7094.317604720835,5894.516656380215,8618.37565555511,0.10120220082023217,7834,112,2015-07-31
7137.799668196796,5932.840652401356,8262.58175668326,0.08605985382382632,5650,113,2015-06-20
6100.569027643742,5351.503878348308,7454.260992965749,0.09583059436220759,4911,113,2015-06-22
5720.900594413875,4967.951526186042,6951.697669203093,0.09406429263653159,4188,113,2015-06-23
5650.628874434405,5044.676510233616,6604.0161221102835,0.07428551247148768,4598,113,2015-06-24
5625.995941591919,4989.837469330547,6604.0161221102835,0.07716420053505409,4317,113,2015-06-25
6232.442121815799,5485.718708210774,7207.393417452947,0.07306499380362526,5398,113,2015-06-26
7261.471693558305,6052.169767774367,8736.06208184927,0.10320737242321902,6115,113,2015-06-27
9203.151053114543,7858.023577836319,11630.005299944349,0.09173796586849103,7801,113,2015-06-29
8548.579340418491,7099.814280706289,11468.6768111919,0.12908273401945783,7716,113,2015-06-30
8204.9649117521,7134.930771523982,10724.527337599397,0.10322203220598881,6144,113,2015-07-01
8015.891447705913,6898.334898344548,10395.551193050924,0.10259117222534689,5663,113,2015-07-02
8362.144308182937,7354.465869789735,10550.672416064788,0.0932070028714001,5848,113,2015-07-03
7658.814040996784,6467.783131365159,10873.919051073695,0.12349231674077511,6868,113,2015-07-04
6656.169429633294,5718.555046240703,8890.153604918765,0.1072148744359797,5746,113,2015-07-06
6292.7960818478505,5454.597121508317,8207.510403223381,0.09871556393003639,4235,113,2015-07-07
6161.173508461099,5337.495479452419,7632.91836835773,0.08949137392107916,5325,113,2015-07-08
6079.541125234982,5140.611844530062,7095.4179546563,0.08332354147657388,5192,113,2015-07-09
6656.698241293572,5875.912529190102,7895.158800775888,0.08742516682577586,5649,113,2015-07-10
7273.14678359136,6185.023867305666,8442.065471364409,0.08511882280928226,6129,113,2015-07-11
9279.35082843325,7346.123854277836,10552.333657280826,0.08064578112761298,5302,113,2015-07-13
7748.223311694362,6718.328995053428,8808.094374628994,0.07077116276984076,6395,113,2015-07-14
7484.004007419704,6493.69592405826,8515.463238035953,0.07121778787497617,7152,113,2015-07-15
7374.535351933406,6493.69592405826,8312.583690466063,0.06537434724746816,5736,113,2015-07-16
7829.494336058273,6992.137471369271,8731.005397537161,0.059510250692422856,5323,113,2015-07-17
7238.22306940553,6185.023867305666,8370.884208134517,0.08493685406706206,6239,113,2015-07-18
6500.066038228048,5603.991818890394,8214.53531636516,0.09933569302423279,5611,113,2015-07-20
6080.423759052725,5285.004762679393,7516.809899131361,0.0913553947463916,4016,113,2015-07-21
6016.325733302855,5246.740522149106,7080.169024165238,0.08209302433501597,4693,113,2015-07-22
6007.915020535343,5171.114922083205,7119.082193720935,0.08309290350553981,5056,113,2015-07-23
6607.265262249929,5771.087794547739,7755.90455001323,0.08441380126499742,4791,113,2015-07-24
7232.495498988479,6133.306418314671,8370.884208134517,0.08564150699349184,6297,113,2015-07-25
9190.909981515382,7700.14373088047,10601.35948421435,0.08592589046259749,6956,113,2015-07-27
8086.1088237063295,7037.694583763676,9952.918061565117,0.08515143178849457,6516,113,2015-07-28
8014.299428285029,6840.099753988301,10068.504259676187,0.10524573802608415,6441,113,2015-07-29
8344.465970390003,6859.8626160756085,10182.021360384777,0.10968514371785335,6819,113,2015-07-30
8990.941224945433,7448.4467032579705,10669.784246138614,0.1051446365571456,8453,113,2015-07-31
4863.790633303756,4207.946068351619,5556.82022676906,0.07693843500993153,4701,114,2015-06-20
4389.204616658046,3902.1018556496356,5668.894129154319,0.09177234259971068,3935,114,2015-06-22
4198.368945324929,3732.556201351146,4947.7909040135355,0.07403556637259515,3860,114,2015-06-23
4206.168747704817,3834.0921689429047,5114.090072018722,0.06806465244974996,3929,114,2015-06-24
4116.931749387601,3643.29495107809,5063.691040053937,0.08056548235554276,3717,114,2015-06-25
4528.630200611496,4002.0491686150785,5419.060268649493,0.07605227116507328,4819,114,2015-06-26
4936.424325517644,4275.277039532213,5718.100524254921,0.07996067394619864,4718,114,2015-06-27
7298.506394274759,6045.523084647188,9463.430646896255,0.10862585633308712,7683,114,2015-06-29
6521.641594987112,5263.924022441135,8661.954078572682,0.1318296431967393,6603,114,2015-06-30
5884.112055230134,5270.473009608657,6802.568849454284,0.06231044790742958,6422,114,2015-07-01
5768.520076795038,5150.854605564434,6897.719469967455,0.07162254508486547,5512,114,2015-07-02
5953.977321008958,5307.023422769269,6766.398101420768,0.06427902877405763,5564,114,2015-07-03
5003.678610804083,4295.066788156205,6862.2793148770415,0.1013241171011144,3755,114,2015-07-04
4597.577602198876,4050.077378363603,6395.582814472743,0.10106117946612422,5056,114,2015-07-06
4393.759457122417,3951.037199623263,5612.479411724232,0.08476627201652455,4270,114,2015-07-07
4289.2050993399325,3758.590475515326,4902.026444336275,0.06148604461348727,5400,114,2015-07-08
4186.955436991205,3727.7458051894737,4902.026444336275,0.07013610589460229,4530,114,2015-07-09
4581.453410588973,4164.9640784337,5277.073078446704,0.05969445976256077,4995,114,2015-07-10
4847.2375146035565,4266.944303921782,5530.280477244764,0.06693320146254833,4634,114,2015-07-11
7042.258122108271,5710.9567926246145,7814.859974726738,0.07351101751358732,7672,114,2015-07-13
5777.439374652943,5004.531854959221,6381.7173767512295,0.06053079431974094,6766,114,2015-07-14
5572.438066174821,4977.522627103968,6156.364107388038,0.051509093026755125,5832,114,2015-07-15
5454.336372246003,4915.999543939803,6067.854379511583,0.05467653975244238,4712,114,2015-07-16
5760.064380118917,5133.348316029397,6409.996409123213,0.05651372387117074,5566,114,2015-07-17
4811.671243001365,4243.793272609174,5530.280477244764,0.07012193836784496,5132,114,2015-07-18
4431.4666357290125,4019.659074575167,5602.041453585919,0.07990653665210178,4866,114,2015-07-20
4243.75129845966,3862.0049616896013,4904.497598275039,0.06231244243452197,4081,114,2015-07-21
4237.622660729926,3861.787869725979,4934.967509143552,0.061688854949320755,3856,114,2015-07-22
4131.068650602594,3715.80856411393,4904.497598275039,0.07181121865396968,3562,114,2015-07-23
4523.924769526117,4086.4447333071794,5236.234385256007,0.06473540548354503,4670,114,2015-07-24
4796.447486229212,4207.946068351619,5530.280477244764,0.07074425347953518,4787,114,2015-07-25
6976.460188868921,5782.927081997107,7944.852772427013,0.06787347178939315,7610,114,2015-07-27
5928.978819640929,5268.664053687842,6950.8827965272385,0.07510585456570422,6537,114,2015-07-28
5787.004720755238,5117.792092681726,6907.39294835811,0.07492468844516496,5812,114,2015-07-29
6145.580447855341,5082.311041700127,7412.742886063555,0.10136111840313862,5272,114,2015-07-30
6599.1172206136625,5425.0555149980255,8132.030515215111,0.10434107707915447,5750,114,2015-07-31
8432.077261723553,6405.827789815626,10244.420370844975,0.1282764863953832,10063,115,2015-06-20
6271.112422740507,5415.911385457818,7895.5177063135125,0.09668381223213644,7260,115,2015-06-22
5934.981870593969,5151.745235535463,7655.432048868005,0.09466539043492589,5908,115,2015-06-23
5920.678931101958,5150.719297841249,6759.497791278458,0.0764489887148322,6664,115,2015-06-24
5930.238588817393,5154.375887251597,6759.497791278458,0.07549312110797067,5378,115,2015-06-25
6662.492298538728,5771.087794547739,7949.443937077067,0.07818122493507995,7083,115,2015-06-26
8525.47261903991,6442.256216164394,10244.420370844975,0.12609045536927047,9852,115,2015-06-27
8933.772145985678,7346.950988951126,11567.029772204194,0.11775325032922988,9476,115,2015-06-29
8783.886882950977,6883.548089747534,11849.436893508919,0.1576879036412541,10844,115,2015-06-30
7574.550608107386,6531.106357752171,8722.004923506152,0.07169939151750157,7719,115,2015-07-01
7510.232994151682,6377.146611031447,8558.658488018302,0.07466272151563029,7627,115,2015-07-02
8047.852136203068,7170.522233609154,9672.374387315145,0.08276342438714551,8753,115,2015-07-03
8406.878931185034,6441.422105842862,10342.979248809606,0.13347575136024142,10654,115,2015-07-04
6579.952735581792,5477.783807539541,8877.915204619048,0.13897540651129037,7107,115,2015-07-06
6092.026945203755,5217.121709002594,7911.427428732724,0.11962632591302291,5498,115,2015-07-07
5952.656305511851,5130.1355652620605,7620.2028254829565,0.10031344959787936,6807,115,2015-07-08
5942.111826774082,5098.516347209188,7436.825189826348,0.09731917583189408,6125,115,2015-07-09
6545.610327652019,5643.5683490848505,8023.608281809029,0.09265921855125056,6770,115,2015-07-10
8183.142894315119,6211.773490693353,10123.479408416832,0.13860116170698447,8592,115,2015-07-11
8275.395633427957,6432.948832489232,9938.429456318725,0.1035385979798289,10166,115,2015-07-13
7320.600510057125,6158.059491055854,8227.816457425282,0.06939955258934506,8628,115,2015-07-14
7202.460504353963,6374.60830922627,7880.508214362442,0.055909969262278,6933,115,2015-07-15
7148.0920340878165,6164.985669346125,7840.562942742653,0.06047412073680597,8263,115,2015-07-16
7778.7044869665015,6718.328995053428,9002.33508051291,0.06704540837268347,9075,115,2015-07-17
8174.07897534065,6211.773490693353,10123.479408416832,0.138155441475119,10145,115,2015-07-18
6284.724540023726,5369.651948502493,8748.289636868089,0.12170236218246834,8539,115,2015-07-20
5836.36852716934,5049.092350515506,7510.340363650668,0.1029619989656257,6189,115,2015-07-21
5821.971680420498,5057.828529862124,7261.342730767647,0.09279329989576311,5879,115,2015-07-22
5825.681434612867,5049.092350515506,7261.342730767647,0.09303899259782362,7211,115,2015-07-23
6493.279405568568,5629.681645936682,7880.402990700547,0.08748624614393569,7266,115,2015-07-24
8128.085900855845,6211.773490693353,10123.479408416832,0.13854330344501506,10008,115,2015-07-25
8058.665222031083,6352.67431520887,9865.07003059952,0.11092042632796036,9902,115,2015-07-27
7525.042112904779,6334.092615672651,8782.922458341089,0.08290066171073697,9867,115,2015-07-28
7479.413439306798,6417.816962868077,9031.857750604077,0.08786341450896386,8992,115,2015-07-29
7973.859600944582,6366.668753224088,9339.991649916503,0.101233588550529,9370,115,2015-07-30
8630.413846297033,7125.022419441091,10649.541319382444,0.10640213190696396,9716,115,2015-07-31
5947.881104241748,5063.431854323324,7042.154242159612,0.0845003811546021,5980,116,2015-06-20
6439.888531952054,5831.956667722559,7435.612821248734,0.066427561609816,7008,116,2015-06-22
6182.868166515097,5520.825696248684,7435.612821248734,0.06828105970325567,5308,116,2015-06-23
6008.161315768748,5454.125596601406,6964.259330886885,0.05779479647276237,6972,116,2015-06-24
6032.1775757916785,5489.692474367015,7069.368872902363,0.058780801128863844,6358,116,2015-06-25
6348.247227390589,5688.272079278233,7198.556735962298,0.0612324340614385,5980,116,2015-06-26
6124.566637351853,5019.343889351006,7466.449229579769,0.10422814567058555,6141,116,2015-06-27
10052.619957867637,8653.155666770359,12274.20498794942,0.09661056554729934,9836,116,2015-06-29
9067.338160379888,7520.594892334858,11453.768824959454,0.11429355244391505,9230,116,2015-06-30
8094.483776170697,7152.930041394778,9463.803044837061,0.07680715737933112,8358,116,2015-07-01
8048.673005725582,7152.930041394778,9395.574034876385,0.07215259970694297,7931,116,2015-07-02
7973.355691630454,7161.669598450043,9211.005883931648,0.06952061926954996,8046,116,2015-07-03
5933.353569127065,4977.14287232027,7490.854903666952,0.10545175778210854,6185,116,2015-07-04
6630.7593958599155,5777.0467365993745,9333.43295252229,0.12114052686827863,7675,116,2015-07-06
6241.2120634106,5463.357851984307,7633.810778664378,0.08706839211403028,5621,116,2015-07-07
5983.691256965722,5313.549894031095,7147.766483914541,0.06829128924476356,6202,116,2015-07-08
5980.657596638034,5396.699927666869,6884.300915064738,0.060920629819913974,6193,116,2015-07-09
6240.211255613572,5639.525111051119,7177.672150659901,0.06380116224864277,6220,116,2015-07-10
5759.38417977916,4892.372813293769,6807.359667929871,0.0842382995802004,5933,116,2015-07-11
9524.16683305281,7810.210669830343,10846.120734077063,0.08075150879287513,9498,116,2015-07-13
7906.734708587789,6746.146873282332,8845.884449888235,0.06290511676513998,8178,116,2015-07-14
7471.82474164736,6548.985909220105,8145.828697901155,0.053916265972013135,7756,116,2015-07-15
7487.086010193862,6652.056742023089,8115.515891851959,0.04916790104427922,8008,116,2015-07-16
7572.410474422305,6738.95303616875,8179.382101907601,0.04853739601887789,7892,116,2015-07-17
5752.83453841183,4892.372813293769,6934.4052438460585,0.08947666374519382,6018,116,2015-07-18
6299.284902373549,5544.08848145701,7601.26399795319,0.08019637851321668,7038,116,2015-07-20
6050.84250405722,5386.235341667459,7421.334940028173,0.07343045727062358,6531,116,2015-07-21
5874.190628660982,5269.200485448052,6740.032489439945,0.0627322120136161,5916,116,2015-07-22
5896.827771798697,5269.200485448052,6893.329010891523,0.06446814392940521,6232,116,2015-07-23
6145.673389533858,5460.683998850097,7076.235427911637,0.06414063623867815,6286,116,2015-07-24
5733.963780755089,4868.727904138298,6858.696665240007,0.08956267880115715,5369,116,2015-07-25
9370.47184107182,7907.148602827385,10708.309468412961,0.07647772491496849,7954,116,2015-07-27
8090.409495200854,7136.822560554435,9682.72045920731,0.08194569905222382,7210,116,2015-07-28
7761.542481188358,6542.443549656086,9407.799177797619,0.08951369237585519,7326,116,2015-07-29
8205.390445691255,6965.730032758193,9636.203118243267,0.08290357629892647,7138,116,2015-07-30
8673.281536051138,7415.126338946363,10347.60304333288,0.08887771655367198,8083,116,2015-07-31
2327.9019048639275,2138.1427610854835,2813.9583449157985,0.06935292687587791,2158,117,2015-06-20
3584.9642839462817,3184.23792715232,4295.470702256678,0.09025026729795527,3296,117,2015-06-22
3407.5561596845723,3090.174067315512,3769.1576113652723,0.052570620421752014,2891,117,2015-06-23
3357.396818552489,3012.2658198293693,3769.1576113652723,0.055252410875895525,3208,117,2015-06-24
3352.5422108292473,3007.1368726993323,3769.1576113652723,0.056374175512724334,3449,117,2015-06-25
3481.0558782413464,3090.6498457037123,3918.7931118325914,0.06034737968555976,4122,117,2015-06-26
2361.2341730917165,2135.372643176624,2877.53325181217,0.08233626214564467,2627,117,2015-06-27
5575.1986659186605,4648.947396710964,6725.748782583582,0.08833785223804592,5620,117,2015-06-29
4986.4948950732,4193.8696050919,6481.405299252584,0.11327207431210022,5818,117,2015-06-30
4570.67955290258,4108.202037627016,5438.838483424274,0.07704307980079425,4043,117,2015-07-01
4543.851342914875,4108.202037627016,5493.330652269673,0.079175871626025,4311,117,2015-07-02
4616.41200539487,4165.051996415339,5473.353782430558,0.07090562537382405,4072,117,2015-07-03
2357.2320432595493,2130.398023296,3067.8390282000773,0.10342682454425835,2476,117,2015-07-04
3727.029744981049,3204.550954760278,5232.978750263106,0.11602593349636141,4290,117,2015-07-06
3470.776927761201,2961.7495480400216,4410.8145437834355,0.08837588200795336,3423,117,2015-07-07
3360.2302432832175,2943.2473759590525,4055.6922286409513,0.07597762026513705,3244,117,2015-07-08
3327.912183881969,2988.85374506395,3741.0456391160424,0.058813831870736535,3589,117,2015-07-09
3467.2783493420557,3060.210879763217,3939.8798232351937,0.06582448896372577,3280,117,2015-07-10
2305.917788035921,2130.398023296,2781.8429665992667,0.0659098340497377,2230,117,2015-07-11
5436.072812258974,4549.450492643755,6050.420872240885,0.07009599171408261,5012,117,2015-07-13
4530.710032668074,4078.7997442161777,5014.818901275655,0.053928151799945874,4435,117,2015-07-14
4287.573378086305,3998.7888128800205,4735.116981772628,0.0486231923564795,4153,117,2015-07-15
4256.204329322269,3989.133478876034,4735.116981772628,0.048390657414206235,3821,117,2015-07-16
4378.09793162069,4028.6721255658927,4840.478671067361,0.04866616325684455,4088,117,2015-07-17
2291.4270003331226,2090.1914145665537,2781.8429665992667,0.06757753926378994,2119,117,2015-07-18
3554.4655424749603,3157.7186197113583,4332.656309170382,0.09588928426974731,3493,117,2015-07-20
3357.365423551851,2993.4666492908505,3746.3978475427684,0.05822203795487908,3576,117,2015-07-21
3311.804318401648,2988.85374506395,3713.7191628810006,0.05473935347653974,2915,117,2015-07-22
3313.814304580861,2988.85374506395,3721.4188690273595,0.055450490694936024,2598,117,2015-07-23
3433.42947905639,3060.210879763217,3796.3351935623386,0.06262745171678456,3157,117,2015-07-24
2276.4473455545117,2036.5942055292576,2781.8429665992667,0.07247433419085414,1634,117,2015-07-25
5363.895695244565,4377.364595421681,6164.859308685719,0.08499893079865467,4841,117,2015-07-27
4612.908854533287,4044.986274673326,5421.6039709184015,0.07029824685683286,4401,117,2015-07-28
4443.3065626712205,3953.157158760564,5408.056950699094,0.08446707525296127,3444,117,2015-07-29
4606.055475062517,3989.133478876034,5784.626610655517,0.10063276192870692,3921,117,2015-07-30
4803.714121217796,4068.8936192873543,5944.773837039369,0.10443636014228798,4487,117,2015-07-31
6996.157470024667,6048.080771469415,7891.180141713583,0.07118532885013805,6971,118,2015-06-20
6366.373020095208,5422.081778276035,7715.167603727111,0.09781631092392273,6083,118,2015-06-22
5983.761357171746,5188.083117209826,7417.79723533106,0.07826582799187815,6067,118,2015-06-23
5959.238397810538,5397.218549089045,6822.983098265974,0.07148484879613812,5884,118,2015-06-24
5967.875735845414,5397.218549089045,6822.983098265974,0.07102767119409888,5656,118,2015-06-25
6537.23536434329,5625.591446638447,7538.844749159035,0.07204179607933776,6355,118,2015-06-26
7166.597107135831,6048.080771469415,8619.204164766936,0.09386075612397869,7396,118,2015-06-27
11788.237441961937,10016.09893690433,14426.248591702857,0.09298400139646108,13495,118,2015-06-29
9694.23442191893,7838.9293927457475,12720.631346896702,0.13049980551167417,11626,118,2015-06-30
8690.516776502416,7571.707352222241,11931.702906894197,0.09546301402324203,10017,118,2015-07-01
8639.197475293837,7569.675648955203,11931.702906894197,0.09516993743939388,9273,118,2015-07-02
8668.24423270962,7569.517169845982,10160.71378683597,0.08208581980002752,10086,118,2015-07-03
7094.11373804038,5937.891566328236,9336.759929576334,0.09746726627703468,7671,118,2015-07-04
6545.559309212834,5572.598593771259,9954.181522300298,0.139733295990873,7598,118,2015-07-06
6146.795771728011,5321.5477665650615,8032.14932561271,0.10224743719156254,6376,118,2015-07-07
5965.834573601845,5404.546276051073,7213.617542937395,0.07678548182447552,7260,118,2015-07-08
5923.297289478105,5344.443709894798,6619.361830992095,0.06005570495789845,7818,118,2015-07-09
6475.678780297519,5603.375925054316,7470.340301898438,0.06944826168855471,7047,118,2015-07-10
6877.1747511384365,5898.99876682726,7851.485042601288,0.07037079643598104,8042,118,2015-07-11
11192.871758596639,9383.102647919999,12488.777823302687,0.07650890280527883,14672,118,2015-07-13
8319.6186959043,7279.372199971925,9722.94536635869,0.0711081312580961,10844,118,2015-07-14
7961.540686258542,7159.0477381355595,8686.341599180763,0.06332663429822397,9868,118,2015-07-15
7960.7585332604285,7159.0477381355595,8686.341599180763,0.06245948607557248,9453,118,2015-07-16
8184.681276919987,7522.659878321287,8946.389937304317,0.04639963299288754,8568,118,2015-07-17
6846.736436709496,5898.99876682726,7851.485042601288,0.07178539160549191,8604,118,2015-07-18
6246.561059216589,5407.113640909376,7617.07068058439,0.10717473919897794,7192,118,2015-07-20
5856.823873621661,5166.071662474292,6664.509722254968,0.07172144330180548,5510,118,2015-07-21
5832.761202801756,5344.443709894798,6604.882678135664,0.06632245808058071,5437,118,2015-07-22
5847.833608153948,5344.443709894798,6604.882678135664,0.06591645681027467,5971,118,2015-07-23
6390.013311390597,5583.009772832693,7209.582641802021,0.07144957111766113,6679,118,2015-07-24
6809.888257717437,5832.009605731813,7801.713656198727,0.07281830089742898,7053,118,2015-07-25
11088.758370097836,8467.639654063196,12531.271592215315,0.08788084475122651,13342,118,2015-07-27
8641.546165597052,7511.536630491312,10668.910194230417,0.09056701810100293,10324,118,2015-07-28
8479.736451698083,7216.118030927727,10887.028312533968,0.10175353967093952,8980,118,2015-07-29
8996.299206166108,7534.368400000731,11299.841982677382,0.10853435548041697,8263,118,2015-07-30
9463.886706276724,7888.794186519491,11476.942838930021,0.10425696459867184,10779,118,2015-07-31
4693.106946723229,4027.9175003142973,5426.963653332707,0.08940187501946063,4572,119,2015-06-20
5290.308667252608,4698.58888407534,6299.30194732375,0.09015874323828145,4899,119,2015-06-22
5122.481327112367,4599.446916854654,5919.010822800145,0.07538019869189716,4584,119,2015-06-23
5048.026855505676,4560.5120205554485,5919.010822800145,0.06470314323748014,4647,119,2015-06-24
4797.44093692855,4331.0938983013975,5420.009886210749,0.0629016321865639,4779,119,2015-06-25
4990.918211123487,4519.43832168149,5759.025100476883,0.06895687945100838,5339,119,2015-06-26
4792.654800515656,4110.144667769758,5859.109179475015,0.10023648795836854,4960,119,2015-06-27
8518.625530672702,7359.820545210505,10441.215260177461,0.10258670126069638,9415,119,2015-06-29
7722.944295912864,6419.938653602478,9968.73453675233,0.10883705422223004,8588,119,2015-06-30
6835.774967903905,6048.616854250281,7852.041273171634,0.0736899646925448,8166,119,2015-07-01
6590.350590383878,5844.718556355879,7776.572429006895,0.08004173224666392,7054,119,2015-07-02
6526.011989699463,5829.165312553163,7641.6901956594165,0.07652589073839401,6866,119,2015-07-03
4760.986312425851,3971.1084915873234,5903.6717042583905,0.11148423620938654,5222,119,2015-07-04
5410.348842256536,4714.124100592797,8270.623146233633,0.12753337079214366,6493,119,2015-07-06
5215.703199690496,4595.138489286473,6560.486161699516,0.09461208226281695,5893,119,2015-07-07
4994.5192115651425,4454.745871269599,5713.889961044086,0.07198294104729697,5605,119,2015-07-08
4774.9355974400005,4356.791862313765,5481.741032322555,0.06526276639825612,5308,119,2015-07-09
4922.041648240056,4426.5014565320325,5817.99976843339,0.07357331403364065,5401,119,2015-07-10
4645.484003041687,4010.9113638391004,5426.0127187794005,0.09230412937413365,4305,119,2015-07-11
8071.161708065473,6936.476094337584,9051.276912465837,0.06691522454643334,8030,119,2015-07-13
6884.599791264414,6122.033968097059,7644.744073763151,0.05982893081049456,7213,119,2015-07-14
6372.958848927967,5924.497601211406,6940.4092755832335,0.04534152685581428,6802,119,2015-07-15
6168.198160281773,5629.123874200308,6708.9247614031665,0.04057220345636439,6079,119,2015-07-16
6221.379811607194,5741.629550179758,6825.6257575308855,0.04560548265468466,6362,119,2015-07-17
4629.286933557718,3975.1517701911175,5426.0127187794005,0.09309886514300177,4563,119,2015-07-18
5139.519975060781,4565.529602693806,6299.30194732375,0.0974071732187284,5345,119,2015-07-20
5011.647460922626,4530.481773573788,5992.308976598289,0.08622757274402243,4278,119,2015-07-21
4921.685046474766,4430.662203949297,5879.53781233404,0.07705154558024738,5170,119,2015-07-22
4724.791453805092,4338.243255877087,5482.897627563378,0.0732622551420307,4794,119,2015-07-23
4895.767509532981,4426.5014565320325,5681.73254384099,0.07729991617500466,4797,119,2015-07-24
4592.755300815928,3811.969227974211,5426.0127187794005,0.09830395112497442,4399,119,2015-07-25
7924.172849674761,6868.3028095115005,9111.65321423375,0.06644525567833666,7720,119,2015-07-27
6990.239406375762,6047.26998039535,8290.219704002895,0.07697514595835217,6104,119,2015-07-28
6671.553890662748,5928.0211077211825,8034.332857046642,0.08074459345453135,6359,119,2015-07-29
6816.61246932564,5716.671144307346,8393.855561494598,0.09934987773502293,5737,119,2015-07-30
7084.498722312265,5955.551404763827,8393.855561494598,0.10044770458470662,7038,119,2015-07-31
6015.502471827753,5255.40248293944,7142.824903388925,0.08263975096408467,5135,120,2015-06-20
6009.517522087591,5389.2598624631355,6694.947078417982,0.07932395608132031,6709,120,2015-06-22
5849.961906679336,5223.1079744905255,6763.423630197355,0.07657631170633679,5607,120,2015-06-23
5678.838164714311,5148.630004574517,6692.649293896202,0.065012328834427,5763,120,2015-06-24
5731.851166164369,5184.761927230232,6692.649293896202,0.06136965743236919,4706,120,2015-06-25
6250.565950988882,5536.80776866902,7012.358860352826,0.06621101314975804,6326,120,2015-06-26
6145.5418530194,5289.807873323413,7506.565799162885,0.0948312698884671,6186,120,2015-06-27
10479.127892755925,8844.326662419222,13580.418094396855,0.11924678220091182,12871,120,2015-06-29
9266.256682433248,7390.576448905367,13047.261381570024,0.147214021199449,11746,120,2015-06-30
7925.038889930861,7127.427456646497,9511.373206411874,0.07395228434197887,6798,120,2015-07-01
7969.225702794083,7115.243697405999,9940.80884971333,0.07572206029909212,6949,120,2015-07-02
8167.002930429014,7354.499425226476,10010.106109656737,0.07212897026746791,7168,120,2015-07-03
6109.021641904994,5234.501204435245,8086.284538466221,0.1064801299984427,5437,120,2015-07-04
6377.236109939677,5416.048528947388,10035.227326652639,0.14996452750590988,6598,120,2015-07-06
5992.429228629023,5251.728091061761,7847.590096226272,0.10709359113025427,4948,120,2015-07-07
5758.653584499624,5150.43898798315,7201.2881160014185,0.08324135119784266,6466,120,2015-07-08
5774.818255063255,5180.7006023058675,7171.190604219897,0.07586742028904962,5862,120,2015-07-09
6111.524067563297,5397.66694571381,7262.138830810961,0.0699750829272631,6568,120,2015-07-10
5851.806968267246,5065.550292652972,6625.814999398818,0.07594837456324237,6040,120,2015-07-11
9686.26294568165,7973.334446969666,10967.007889455843,0.07257396862019479,9324,120,2015-07-13
7877.75336682649,7040.1810987552835,8796.636526415945,0.06059064235753881,9050,120,2015-07-14
7438.123640397538,6798.41268024387,8018.271131477515,0.04879890238267989,8213,120,2015-07-15
7479.549631320512,6804.787193629078,8176.648577424663,0.05421099604385302,6999,120,2015-07-16
7799.675141528858,7163.231640120086,8533.151816064896,0.04703953460493957,7258,120,2015-07-17
5841.743883356684,5023.290048827506,6657.478095572026,0.08099099075511196,6392,120,2015-07-18
6080.787301996596,5387.653921656765,9364.915990778456,0.12143925909623245,6654,120,2015-07-20
5764.620573900179,5165.0381039462645,7002.614553045629,0.08122597311909566,6028,120,2015-07-21
5608.477032833674,5055.523070157997,7017.400680381477,0.07446397663223775,6442,120,2015-07-22
5659.215599467985,5123.351292117695,7017.400680381477,0.07070955269496543,5869,120,2015-07-23
6054.934507484409,5397.66694571381,6933.701075308626,0.0618501722761786,6337,120,2015-07-24
5824.375172043463,4992.1560928077315,6657.478095572026,0.08090354478004703,6768,120,2015-07-25
9496.159723163113,7688.604087206254,10815.077657778658,0.08995549417723404,10706,120,2015-07-27
8076.872007563302,7102.624539885817,9426.118691562522,0.07481555723156864,8427,120,2015-07-28
7822.261149903888,6693.714670994045,9574.192798151038,0.0885527096501661,7697,120,2015-07-29
8324.716615103003,7045.5564900011095,9949.695427431965,0.09427814925730994,7749,120,2015-07-30
8873.567674333794,7354.3485834214125,10503.09053862739,0.10230647220485196,10392,120,2015-07-31
2406.066328193733,2153.3477567450846,2920.838420638387,0.09228542418660986,2240,121,2015-06-20
4011.173603005864,3531.9824808308795,5723.774329089007,0.1082829391466117,3765,121,2015-06-22
3915.7581177928114,3473.174877002613,4735.240029576359,0.08501076944381782,3603,121,2015-06-23
3852.369358064578,3386.3213639679525,4675.814837584748,0.08718585762207436,3503,121,2015-06-24
3855.743678169252,3445.291389080299,4675.814837584748,0.08511941376052068,3789,121,2015-06-25
4056.11527374955,3574.3013457214147,4911.796658757696,0.08280648239849477,4172,121,2015-06-26
2425.239415591859,2130.099043303389,2946.535062885956,0.09199305875152533,1971,121,2015-06-27
6620.369954828351,5551.959968525935,8321.813886044029,0.10184655202315779,7011,121,2015-06-29
5751.289211910812,4336.722535956704,7423.093546532373,0.13262068829285326,6281,121,2015-06-30
5230.863545867947,4653.130009301097,6158.832376007295,0.06979349497478882,4485,121,2015-07-01
5224.8472205024245,4619.314411432765,6188.38350003735,0.07201617991822723,5259,121,2015-07-02
5326.806117481387,4674.45657908438,6166.686259581648,0.07175193628299767,4595,121,2015-07-03
2432.3338017649744,2181.615279190452,3271.0753510947825,0.10408137845161615,2290,121,2015-07-04
4083.0350924239656,3589.4749445772427,6035.959579036903,0.11966145903884223,4345,121,2015-07-06
3984.281001819928,3462.3756712902973,5344.026996583902,0.10016096049497641,3235,121,2015-07-07
3828.6635576346243,3376.293642609851,4643.592710933218,0.081631576847441,4088,121,2015-07-08
3820.02273524093,3428.7039354996546,4519.283857401042,0.07192974321037443,3628,121,2015-07-09
4008.4072793294768,3602.804045128953,4687.198241779666,0.06736987927960957,4114,121,2015-07-10
2390.8439942237196,2153.3477567450846,2816.80451860628,0.08833850062305301,2400,121,2015-07-11
6314.520147754711,5247.5662564263675,6836.273443940291,0.06488953008514395,6286,121,2015-07-13
5251.570933312839,4528.4130375113955,5911.224030511508,0.07107479272802952,5181,121,2015-07-14
4903.248050305929,4397.450180598526,5447.659200994736,0.05452837576620804,5038,121,2015-07-15
4903.386722233165,4397.450180598526,5447.659200994736,0.05475192022466269,4475,121,2015-07-16
5088.093484027868,4475.9985930541225,5733.101537196463,0.06398646829815315,4514,121,2015-07-17
2388.012358321817,2153.3477567450846,2816.80451860628,0.08826188398210524,2220,121,2015-07-18
3950.7018851603893,3497.3092665956997,5406.660762519476,0.10281199334093605,3809,121,2015-07-20
3853.7892059625924,3437.1620680538863,4498.795245601392,0.07486390331616626,3436,121,2015-07-21
3772.7559416245635,3373.101151543151,4498.795245601392,0.07342731418749951,3046,121,2015-07-22
3781.6972836953996,3406.630650731002,4498.795245601392,0.07136726902596705,3895,121,2015-07-23
3968.057085064786,3588.8219422443717,4552.777304865939,0.06713921299280146,4002,121,2015-07-24
2365.763816110889,2104.1616500328023,2813.1687300030726,0.07414249321327779,1885,121,2015-07-25
6178.273561608325,4983.709506516418,6782.044446615198,0.09243424840697022,6350,121,2015-07-27
5292.813730906472,4425.811667789132,6203.514797050629,0.08389215284432386,4708,121,2015-07-28
5085.76510037531,4439.947423877645,6023.312847248908,0.08175499176760802,5197,121,2015-07-29
5391.952098183486,4603.8407186245895,6357.472639485369,0.0924207016285186,4422,121,2015-07-30
5627.181077983644,4688.734451522587,7029.20148959027,0.10607121184633216,4565,121,2015-07-31
6247.326475621725,5136.2592751143,7896.750065858936,0.11934690613508972,6314,122,2015-06-20
3177.3089174396464,2417.7147001258913,5044.907979071794,0.19242706741409898,2907,122,2015-06-21
5875.268885696449,5142.934926004079,8226.168599290282,0.12579748908515406,6451,122,2015-06-22
5703.800818306198,4920.036521264408,8076.807623047624,0.12006302128064567,5463,122,2015-06-23
5744.5487300124605,5075.065949307263,7691.660727985607,0.10897208041977591,6295,122,2015-06-24
5641.375156181997,4916.873191185338,7397.752531220903,0.1053389737359438,5570,122,2015-06-25
5894.486014939008,5196.4339755818255,7517.000310475133,0.09795411007447805,6033,122,2015-06-26
6336.366242949712,5068.816406534733,7976.465220280259,0.12685922424253035,6690,122,2015-06-27
3253.7301434187148,2419.7601614159053,6085.1732290259015,0.22298685799870985,3019,122,2015-06-28
9376.225947881785,7493.104892793771,11825.087793697028,0.12424429187486792,10519,122,2015-06-29
8366.001931097951,6762.573950119316,10776.528502938814,0.135290510804391,9767,122,2015-06-30
8102.378767855829,6564.063305044106,10106.778295174954,0.11279757457778071,9601,122,2015-07-01
7802.813824224632,6479.341387685131,9894.15146589219,0.11810702198142477,8593,122,2015-07-02
8045.794425996406,6564.063305044106,10163.262127912609,0.11754490125235532,9151,122,2015-07-03
6894.480760312658,4942.395985205931,8970.499837507808,0.14834054562617718,7563,122,2015-07-04
3767.88858592431,2644.4241920242785,5708.886236832436,0.22257084384857953,3092,122,2015-07-05
7192.786023298612,5176.734136014266,10109.215987981202,0.18887766412400836,9779,122,2015-07-06
6758.055617919069,4971.862273885377,9072.743520840626,0.17961773190979957,7092,122,2015-07-07
6698.3068822934,5048.545985385841,9012.810173535652,0.17940313634706617,9215,122,2015-07-08
6589.685794160369,4988.400303423388,8784.247959861288,0.18081030613420337,7343,122,2015-07-09
6751.0895013131085,5331.990616838244,8647.40495233244,0.15722856918600886,7661,122,2015-07-10
6828.726503132862,5041.317480966336,8626.75496195739,0.1490600596631359,7323,122,2015-07-11
3811.9516476646536,2604.4245033878674,6302.629393175006,0.22345895340831992,3689,122,2015-07-12
9514.234285941302,7481.879413421741,12629.625616691883,0.13418195678377526,11566,122,2015-07-13
7928.271942313297,6513.833226065812,10736.64188013524,0.13643885776809372,9001,122,2015-07-14
7792.580971997665,6385.289161433058,10512.470322510115,0.13881429693291075,8906,122,2015-07-15
7449.826512396102,6134.864133081725,10228.36229838525,0.1424069419969567,9062,122,2015-07-16
7760.240016959582,6390.334943244865,10431.694788491544,0.1351026827609366,8998,122,2015-07-17
6844.466708194748,5028.302131382773,8882.563193563203,0.15720815157226053,8543,122,2015-07-18
3844.2541776959674,2604.4245033878674,6302.629393175006,0.22586226824181038,5171,122,2015-07-19
7243.132224717885,5203.121302575123,10908.597747922195,0.20794464194074955,10774,122,2015-07-20
6890.803421930919,4941.420665991817,9420.451830342232,0.2081331080674803,8174,122,2015-07-21
6881.88824587337,5096.3884714166525,9393.813887730223,0.2007782314922003,7914,122,2015-07-22
6721.9984656983515,4863.699298975714,9033.47827141691,0.2037348078450907,10588,122,2015-07-23
6830.1595514248565,5160.026307297553,9126.760916086976,0.18059301958576396,7956,122,2015-07-24
6800.442267902647,4746.272067890176,9040.199852062497,0.16706846254983349,8191,122,2015-07-25
3776.424590651104,2518.0789736984266,5909.007387502633,0.2301044705848914,5773,122,2015-07-26
9421.948449271957,7487.313013696778,12530.629633353694,0.132610146553097,14461,122,2015-07-27
8283.960452598409,6875.412559753143,10930.241634411703,0.13215106042303268,12205,122,2015-07-28
8288.543263822006,6507.723379048612,10815.163940468341,0.1407294405523165,11446,122,2015-07-29
8228.09857653387,6468.027791921475,10957.485096753122,0.13205715392001918,10576,122,2015-07-30
8853.264332414488,6959.369480238743,11022.248231616102,0.12258235685550779,12336,122,2015-07-31
4009.6437464098476,3473.4081536228036,6050.176384980111,0.1294255401341712,3159,123,2015-06-20
7087.318040623105,5992.331689403981,10334.962204138319,0.12096108065577366,7032,123,2015-06-22
6960.772220049303,5970.956020104692,8282.050537930574,0.09638607721952504,7056,123,2015-06-23
7009.922691822321,5992.331689403981,8299.584712278758,0.09522580541572298,7080,123,2015-06-24
6837.901756673413,5941.828054545432,8160.372086912332,0.08725034765072395,6623,123,2015-06-25
6932.20942491636,5781.941500875289,8056.6989927494915,0.08981846151522062,7234,123,2015-06-26
4092.0698544031147,3481.314580213267,6301.982267346055,0.14478636150362653,3328,123,2015-06-27
12508.117417419762,10021.04788482737,15264.863979292082,0.11213422700662713,13280,123,2015-06-29
11203.827162182797,9308.666334874075,13996.677565618382,0.11318641603866572,12372,123,2015-06-30
10323.60931551472,9253.323449414962,12066.226219691373,0.07076280124572416,11566,123,2015-07-01
9977.095316426356,8635.113079132749,11828.952785018919,0.07775518302003856,9591,123,2015-07-02
9721.055903689437,8617.680963095296,11665.252448847546,0.08065518120551374,9274,123,2015-07-03
4149.302235856484,3205.0158391945997,6512.858195678407,0.1693543628380524,3397,123,2015-07-04
7467.085902675282,6226.620469589116,10224.746864186041,0.12083747931066711,7522,123,2015-07-06
7285.164145210938,6195.710166235033,9133.76288545389,0.09977084573720083,8158,123,2015-07-07
7252.164136946467,6195.710166235033,8792.90075003801,0.0920758645162362,8689,123,2015-07-08
7048.911721958304,6226.620469589116,8160.372086912332,0.08484624603402538,7638,123,2015-07-09
7113.168738572424,6140.442899399331,8184.99065823614,0.08634910357549705,7509,123,2015-07-10
4034.0582720446914,3220.5468572279856,6079.297521623694,0.1305898777855097,3746,123,2015-07-11
12557.12177665968,9914.362427751817,14696.159089067638,0.09531245596731915,12738,123,2015-07-13
10530.018879922267,8945.510424766666,12472.724495951978,0.08251308602422558,10858,123,2015-07-14
9744.200400289401,8600.074906398837,11346.482322592481,0.07267634140527586,11223,123,2015-07-15
9208.449748186962,8338.894090362504,10219.044834401426,0.0591562888401124,9952,123,2015-07-16
9161.797752290548,8359.604815751281,10219.044834401426,0.055907728710730575,8050,123,2015-07-17
4024.600412591625,3205.0158391945997,6190.623724849798,0.13610508205385005,3662,123,2015-07-18
7148.857973979804,6095.466932203622,9316.427753976232,0.11504151823125222,8031,123,2015-07-20
7056.464144653494,6085.599227202292,8264.600395057703,0.08908622660052914,7584,123,2015-07-21
7083.778134960584,6137.425144003571,8264.600395057703,0.08565333184471005,6875,123,2015-07-22
6948.69978613576,6005.134904261122,8160.372086912332,0.08418693586351222,6466,123,2015-07-23
6954.968683824705,6005.857966545512,8008.208489042967,0.08596902605631165,6421,123,2015-07-24
4019.8774413010756,3205.0158391945997,6190.623724849798,0.1371150801146161,3430,123,2015-07-25
12500.551551092954,8964.501408288612,14973.178196737354,0.10697487201893874,11419,123,2015-07-27
10655.986153310729,9025.157215824716,12810.909680212764,0.09240220386421875,11075,123,2015-07-28
10180.494555683097,8794.250966095467,12346.968331183427,0.09116069463049721,10007,123,2015-07-29
10225.658517294705,8561.272805018318,12489.287782978534,0.10303502065011474,9735,123,2015-07-30
10465.809662174737,8561.272805018318,12722.761498906282,0.10821777575452593,10750,123,2015-07-31
2750.9202044837944,2454.1386275719383,3212.4039933531917,0.06881096171907165,2779,124,2015-06-20
4038.302671834035,3632.4313797818722,4532.577002491704,0.06791000447929514,4332,124,2015-06-22
4036.6316353191414,3626.5142137033713,4573.317534989339,0.06275769929360077,4981,124,2015-06-23
3888.255452864124,3407.825237644773,4422.27888155584,0.06685598030237855,4381,124,2015-06-24
3766.542678503761,3187.593134441721,4480.811214207221,0.08735543259394504,3817,124,2015-06-25
4275.4782543566,3784.9007996463497,4932.470417642939,0.07118705044381778,4785,124,2015-06-26
2802.7876767157027,2477.494031354374,3286.6280604151016,0.0778060495854067,2479,124,2015-06-27
6005.609453341112,4874.166961148486,7940.696430369836,0.11546868540138705,5879,124,2015-06-29
5893.590310407923,4659.366073915993,7479.223712786958,0.13067204379314148,8686,124,2015-06-30
5113.102821596131,4550.317077023119,6231.483523190749,0.08538836644900957,6016,124,2015-07-01
5036.163215625572,4422.4359210276625,6298.470030078144,0.08933900276973816,4456,124,2015-07-02
5614.286131553783,4676.4707377859695,6740.069527203369,0.09560081527835668,5907,124,2015-07-03
2799.123755107181,2454.1386275719383,3569.9746560720673,0.09750828214081005,2668,124,2015-07-04
4185.292874208894,3600.7203313702744,5554.407892265853,0.10758733942672047,3854,124,2015-07-06
4144.698146170156,3600.7203313702744,5389.355946654292,0.09812732766194966,4939,124,2015-07-07
3870.164787801868,3407.825237644773,4658.968895822799,0.07539929803317301,4587,124,2015-07-08
3699.5081628667363,3168.169685154582,4395.251406954545,0.08760826115290861,3945,124,2015-07-09
4254.969554355024,3673.972804667421,5026.177661942407,0.07975021432431442,4983,124,2015-07-10
2690.8922853220884,2414.026810925253,3111.3956012862864,0.06289055661391266,2875,124,2015-07-11
5601.413280422498,4692.646608094925,6568.713770501069,0.08485544279418072,4836,124,2015-07-13
5220.078303736684,4557.467173067587,5904.534516325755,0.06942372890926637,5197,124,2015-07-14
4768.0748540534205,4337.544494674096,5349.879441339477,0.048995232560290994,4600,124,2015-07-15
4672.44501501945,4158.066404930835,5160.879630984608,0.054098849414091384,4480,124,2015-07-16
5410.863343618315,4559.248853603888,6260.273485918784,0.08695930961295623,4241,124,2015-07-17
2686.6273638116622,2374.2144975715323,3111.3956012862864,0.0638449360379452,2845,124,2015-07-18
4019.504079631184,3580.6630969245607,5078.2132224563275,0.09015333980098161,4034,124,2015-07-20
3992.2946917713534,3580.6630969245607,4697.107930302511,0.07326671073062513,4273,124,2015-07-21
3829.6870714585634,3354.3104998138715,4498.795245601392,0.07156564024137359,3824,124,2015-07-22
3698.266918673733,3156.009905177736,4498.795245601392,0.09267533106591203,3217,124,2015-07-23
4252.986003281084,3650.0852154321237,5086.0085131544,0.08210494278519993,3749,124,2015-07-24
2681.851416198845,2374.2144975715323,3111.3956012862864,0.06425693182624805,1854,124,2015-07-25
5476.3098915970895,4532.917801283064,6568.713770501069,0.10342740743972913,4690,124,2015-07-27
5255.2104029242655,4557.467173067587,6077.020233695088,0.07778734708886444,4784,124,2015-07-28
4974.595642569401,4397.602697803082,5973.283090117718,0.08130890026407915,4410,124,2015-07-29
5269.917882561708,4485.608000242725,6487.4106179454575,0.09917581963546943,4046,124,2015-07-30
5922.299184593567,4807.496727935988,7532.382944208751,0.1190245900970645,7464,124,2015-07-31
9135.008117819301,7823.51250536379,10573.42037266829,0.08648807191370848,8303,125,2015-06-20
10551.867617103047,9269.131880451623,12415.786992441288,0.07757175638367293,11450,125,2015-06-22
10223.111623141325,9001.730274240492,11836.678484381506,0.07243417915299757,8666,125,2015-06-23
9991.736966020466,8829.56070254022,11729.066301876499,0.07075151990480427,9557,125,2015-06-24
10170.014663886348,9014.504323670715,11729.066301876499,0.06609584256603235,9529,125,2015-06-25
10297.716482265283,8876.50919301375,11729.066301876499,0.07300766470852378,9800,125,2015-06-26
9429.190073663613,8111.3629981658105,11586.454055941544,0.0998734785321897,8204,125,2015-06-27
15871.425035837148,13239.765490914795,19241.00485338982,0.08981343179759126,17110,125,2015-06-29
14174.917932614944,11502.341859735045,17500.446892118256,0.10770392497758494,19505,125,2015-06-30
12939.821680262017,11371.404208910306,15418.764304306038,0.08615603144961831,17247,125,2015-07-01
13094.878930746789,11334.403517029767,15514.949821741364,0.08930211121646496,14900,125,2015-07-02
12782.895816714623,11085.043323043923,15362.751760646057,0.08598642775081634,12337,125,2015-07-03
9032.241934207028,7737.830071157483,12002.449096643464,0.09981156463691716,7395,125,2015-07-04
10570.976854463028,9169.691033069923,13776.659076845926,0.10679475460221784,12055,125,2015-07-06
10130.271090309407,9018.63405011276,12616.613214903053,0.08661171279983905,10371,125,2015-07-07
9762.645927435651,8765.673999045623,11406.055937537287,0.06519745199550957,11670,125,2015-07-08
9906.028302882592,8788.920604446974,11068.044082934213,0.060810684572753175,11011,125,2015-07-09
10014.416017565105,8788.920604446974,11288.372233183283,0.06571153921578429,10437,125,2015-07-10
8777.944262472558,7656.021765830229,10319.597062826178,0.07931059164278448,8686,125,2015-07-11
15066.729460630895,12389.415253133788,17089.27116604508,0.08055943503467984,16585,125,2015-07-13
12997.868034059968,11071.281808015343,15202.848948443643,0.08455556216996649,13415,125,2015-07-14
11940.374302235565,10562.09628696173,13488.900106562978,0.06218408027104626,15654,125,2015-07-15
12096.316904906973,10692.033200999746,13761.397299125907,0.06838985952011886,13972,125,2015-07-16
11991.2189191575,10562.09628696173,13491.605612168927,0.0655339375639662,11995,125,2015-07-17
8745.464773423344,7633.545975388836,10319.597062826178,0.08252040715453723,8447,125,2015-07-18
10295.672807391196,9103.826795874078,12465.448636845185,0.0811535685830417,12676,125,2015-07-20
9903.58344360981,8892.827354322555,11411.751483268297,0.06544571875104899,10166,125,2015-07-21
9651.868604093133,8444.107958626217,10928.794326102081,0.06934351752241277,10110,125,2015-07-22
9805.09022003764,8520.000436473429,11093.974389075423,0.06474099800147477,10568,125,2015-07-23
9900.71679008864,8520.000436473429,11061.235375716484,0.0708133275528254,10135,125,2015-07-24
8686.25784219357,7531.468050653762,10255.903376864417,0.08184731230240332,8260,125,2015-07-25
14854.445892986803,12103.993690631547,17414.263770948153,0.09356137253307548,14305,125,2015-07-27
13210.223818003964,10907.635648357184,15488.096982518882,0.09084992694392925,14496,125,2015-07-28
12476.543031264906,10742.480652910497,15160.744332960849,0.09394641834803802,13322,125,2015-07-29
13301.175767166264,11316.782309394694,16222.443153821207,0.10019473725729282,13146,125,2015-07-30
13454.543773916661,11224.510962818185,16701.096586350905,0.1125429942561329,18227,125,2015-07-31
5093.474308752182,4453.84182985293,5828.617809063302,0.08642104173188873,4708,126,2015-06-20
5214.140715041555,4505.3641110671415,6423.597975551106,0.0983801505564127,3907,126,2015-06-22
5093.486291442559,4385.019693399295,6388.575768004038,0.09309748905023539,4071,126,2015-06-23
4874.506696571661,4361.498305541202,5789.915195010244,0.08091652461609743,4595,126,2015-06-24
5100.331330229677,4505.3641110671415,6388.575768004038,0.08687553896438698,3992,126,2015-06-25
5376.555171958894,4671.393443690605,6552.176294065141,0.08805795423293744,4274,126,2015-06-26
5221.061967520276,4470.601640637385,6370.451101303733,0.1014803924682676,5017,126,2015-06-27
9452.026881445201,7352.0976846988115,13390.644045086237,0.13735121094782238,8240,126,2015-06-29
8226.368364747528,6400.062673741792,11197.884992785179,0.14467328192591708,8283,126,2015-06-30
7272.80504780249,6249.945244995422,9041.918325228027,0.08931066323449316,6612,126,2015-07-01
7513.099810628163,6586.280383936118,8976.919475562172,0.08063006970766329,5214,126,2015-07-02
7510.394332597711,6571.1951904746475,9075.351764323754,0.08439465828776242,6340,126,2015-07-03
5207.862722865794,4446.609835658748,6088.3995575412255,0.08356164336953073,4464,126,2015-07-04
5471.689941656458,4529.332451777563,8574.500354975025,0.13053933861859016,5208,126,2015-07-06
5350.538851473664,4529.332451777563,7144.3211489553305,0.11242536513327589,4220,126,2015-07-07
4973.315877003793,4401.3432552319055,6397.270762433772,0.08989776483573096,4418,126,2015-07-08
5209.444934692894,4529.332451777563,6182.864357741271,0.085995199060232,4897,126,2015-07-09
5452.584135968511,4687.845638321197,6849.100447508868,0.09071124235427107,4382,126,2015-07-10
5131.658719690242,4477.055216683857,5813.720894953759,0.08290826913707515,3696,126,2015-07-11
9247.234188881113,7039.226855294224,11031.596131891356,0.09866288270001884,7854,126,2015-07-13
7306.139881712526,6234.52217149975,8660.86247253797,0.07737094851883346,6024,126,2015-07-14
6707.840931442961,5750.253060856595,7602.079125640416,0.06731861790648426,6426,126,2015-07-15
7039.815361450425,6234.52217149975,7998.697964604601,0.061129940114749315,6064,126,2015-07-16
7122.882912773468,6285.799600922249,8347.07700532011,0.07002226311647906,4898,126,2015-07-17
5112.441273510621,4462.330876325596,5804.007198567376,0.0838611326673652,3488,126,2015-07-18
5289.798886702182,4529.332451777563,6423.597975551106,0.09635900980647603,4126,126,2015-07-20
5156.551594510549,4521.805674466698,6387.48998445201,0.09156025035767175,4118,126,2015-07-21
4937.723564336306,4430.435860922874,5986.64002451914,0.0879906216531818,3819,126,2015-07-22
5175.74494377557,4590.0900718720195,6387.48998445201,0.08549997190180207,3865,126,2015-07-23
5421.841024837295,4687.845638321197,6552.176294065141,0.09015524857663706,3969,126,2015-07-24
5095.747934851187,4462.330876325596,5804.007198567376,0.08571322829527592,3515,126,2015-07-25
9090.028194762579,6774.408239727474,11054.821130669085,0.11068893460454207,8074,126,2015-07-27
7612.6186669477565,6337.826667981227,9384.585753232472,0.09525139631317346,7074,126,2015-07-28
7182.107547387186,5837.276828870426,9078.613155559033,0.10984535406838163,5794,126,2015-07-29
7975.334520427083,6480.701812976415,10009.514625124595,0.11035861886717895,6659,126,2015-07-30
8247.780463879302,6674.724492505976,10486.47630025427,0.12106098845566421,8742,126,2015-07-31
4856.132432493508,4223.590011194643,5414.859469345119,0.07077200471182687,6428,127,2015-06-20
4425.08675451148,4021.5907110029607,5583.557344443439,0.07327308076609729,4618,127,2015-06-22
4073.025660846355,3578.8247542528734,4676.306479021065,0.0753059507735394,3366,127,2015-06-23
4085.2893087863367,3653.304363591066,4677.841418546772,0.07049835593924908,4213,127,2015-06-24
4072.607270026704,3653.304363591066,4677.841418546772,0.07040571141205021,3518,127,2015-06-25
4425.470535732081,3951.4562439409515,5191.189436212409,0.06814240628808055,4685,127,2015-06-26
4947.197828344442,4253.838150851385,5711.077601948011,0.08315826879741399,5343,127,2015-06-27
7910.500931175197,6478.595802719528,11151.30103756898,0.13391861765607738,9441,127,2015-06-29
6779.536044345878,5493.46711749696,9224.455266667681,0.13901784701503805,10698,127,2015-06-30
5956.6338798513425,5331.217899850453,7058.465183474827,0.07126816888781119,4679,127,2015-07-01
5824.472382373993,5108.819707786483,7058.465183474827,0.08205012303708033,4755,127,2015-07-02
5983.062338555225,5458.364593476349,6855.195688235521,0.05684564724069213,5285,127,2015-07-03
5020.657027111197,4227.144973705467,6860.885578796464,0.10802820497928933,4306,127,2015-07-04
4658.933520926965,3922.875192599853,7799.526182803129,0.15635637257724475,3780,127,2015-07-06
4283.865668290551,3550.007842131447,5808.914218015417,0.1270739619675356,3662,127,2015-07-07
4206.1846355973275,3632.779748319806,5562.552072497332,0.09939881343077958,3667,127,2015-07-08
4154.711210489629,3632.779748319806,5197.9675091025165,0.09133517716763763,3424,127,2015-07-09
4449.140311029782,3888.963278282141,5562.552072497332,0.08328822826514337,4345,127,2015-07-10
4794.559270057615,4193.492563758566,5480.3798329416795,0.074035639448484,4841,127,2015-07-11
7291.062403143633,5650.733032490425,8091.815071806097,0.0856283545225509,6579,127,2015-07-13
5759.217627579526,5085.914179700051,6522.875202139147,0.06145714687237912,5797,127,2015-07-14
5588.839369237757,5040.701170297639,6105.860230384652,0.051750786259265304,5454,127,2015-07-15
5484.035085140936,4865.855128859463,6105.813219089332,0.05992411065010636,5647,127,2015-07-16
5670.800581525559,5063.626238494486,6305.66047432714,0.05267504886549349,6235,127,2015-07-17
4780.319358571186,4095.9800649690596,5480.3798329416795,0.07464083065737855,5361,127,2015-07-18
4413.817245795423,3847.04470245736,6231.779178166078,0.10123601720687725,4673,127,2015-07-20
4049.3965101301114,3504.5115756016226,4748.510099580071,0.08223497460312063,3839,127,2015-07-21
4080.22321890123,3632.779748319806,4837.925170728046,0.07738418116954308,4383,127,2015-07-22
4072.7050256134394,3632.779748319806,4748.510099580071,0.07617926609318837,4867,127,2015-07-23
4380.013295944501,3898.9919866409887,5164.523626169829,0.06845235751986514,3848,127,2015-07-24
4751.302905454887,4022.536276164496,5413.972823204398,0.07302628256117,5162,127,2015-07-25
7213.682065823701,5710.9567926246145,8040.021713609581,0.08033120491015103,7899,127,2015-07-27
5914.616413364761,5022.2675205707,7173.0232742997905,0.09062296236683968,7176,127,2015-07-28
5837.678242407998,5048.637062886616,7173.0232742997905,0.09253154731491858,7140,127,2015-07-29
6169.994748882415,5057.481620525627,7745.672356030795,0.11583424817277527,6568,127,2015-07-30
6612.293727396207,5459.716323642027,7860.174515108703,0.10903601353494603,8560,127,2015-07-31
6832.52914848023,5898.99876682726,7879.399312607818,0.07707149410323755,7604,128,2015-06-20
6186.87184424196,5440.350231689068,7288.926818106064,0.08465528803947839,6161,128,2015-06-22
5995.892771513318,5302.0237134928375,7121.009061736145,0.0755013866931911,5906,128,2015-06-23
5810.133813783274,5314.15221692899,6675.029415578566,0.06892426040945425,6593,128,2015-06-24
5801.495269508069,5303.72748318212,6675.029415578566,0.06906473764484053,5957,128,2015-06-25
6374.7669850733455,5571.361708462536,7385.103285124335,0.07412068747124702,5916,128,2015-06-26
7037.897207645132,5943.044684065119,8619.204164766936,0.09708558030167583,9019,128,2015-06-27
10805.709872365713,9346.203099183833,13963.919101790616,0.11237793885413067,14550,128,2015-06-29
9404.583051269625,7507.402814390204,13283.762073546872,0.14315692516205863,12725,128,2015-06-30
7973.326276340149,7223.922952727934,9309.680288152664,0.06881077706731034,9121,128,2015-07-01
7944.034558180225,7100.235253854502,9227.991560905908,0.07269458824873654,8754,128,2015-07-02
8038.250309789982,7273.835540878626,9158.629409097042,0.06648692914426557,9775,128,2015-07-03
6937.199094644962,5744.272343147135,9633.57310097341,0.1145436186115426,7316,128,2015-07-04
6371.105080180943,5408.717790934222,10660.791549842725,0.15851897614154092,7986,128,2015-07-06
6030.23735522635,5223.7177375030915,7918.744500263168,0.11215350690253727,5854,128,2015-07-07
5730.432543095281,5041.964927016973,7109.109639325381,0.08191417471510466,7244,128,2015-07-08
5706.669627700599,5041.964927016973,6860.647595729108,0.07622982260511135,7779,128,2015-07-09
6149.426856731548,5405.941230966898,7399.501113576769,0.0787831383713832,7048,128,2015-07-10
6584.97499874693,5534.32670188077,7601.162015289831,0.0880820878639161,7326,128,2015-07-11
10010.022497693142,8360.871933890128,11404.037177959046,0.08404261432187335,13020,128,2015-07-13
7948.212665348829,7050.411102574279,9467.701435073775,0.07050862134989785,10179,128,2015-07-14
7543.248231868858,6766.574998032745,8305.432148674969,0.05686302888474276,9433,128,2015-07-15
7515.763372762657,6617.65469362938,8305.432148674969,0.06080219062814551,9242,128,2015-07-16
7682.642418626322,6979.650563175323,8407.148911743167,0.04694465099837839,8960,128,2015-07-17
6566.987014707115,5534.32670188077,7710.1966495421,0.08708679296926845,7594,128,2015-07-18
6094.769112586978,5389.306457107707,8846.407413477713,0.11567964391417793,8208,128,2015-07-20
5793.572194326795,5154.078783595068,7081.982157787065,0.08155512360533877,6214,128,2015-07-21
5611.540166458838,5020.029658739015,7006.472457731045,0.07713026484840026,6868,128,2015-07-22
5619.503256263364,5020.029658739015,7109.974265973742,0.08003937272676641,7836,128,2015-07-23
6082.300360526247,5390.214013828186,7257.202698046633,0.07507406262398059,7111,128,2015-07-24
6541.937939426026,5534.32670188077,7710.1966495421,0.08772154669652839,8017,128,2015-07-25
9599.864821386938,6890.337613053377,11272.356694422828,0.11887358850309834,11794,128,2015-07-27
8078.312487966364,6626.15846805624,9665.675815255063,0.08055737985991525,10262,128,2015-07-28
7833.2252152958345,6590.284363568956,9749.424701796392,0.08989206713847353,9482,128,2015-07-29
8284.465838074739,6950.359382482675,9993.130427987326,0.09202219014916574,8895,128,2015-07-30
8677.825831046845,7164.847989525898,10443.54244834442,0.10232599836592865,9581,128,2015-07-31
7731.682399340012,6861.764809238358,8877.759557205813,0.06493506414008461,7262,129,2015-06-20
7937.826492821506,6852.2505250427685,9674.261444027215,0.08423852992635496,6798,129,2015-06-22
7736.774387596857,6832.194180901203,9102.9394054083,0.07425116726290164,7246,129,2015-06-23
7520.095136447548,6725.524465238406,8425.862975035845,0.057030338166238204,7484,129,2015-06-24
7530.956926633454,6725.524465238406,8384.979899007758,0.05692358476727187,7010,129,2015-06-25
8028.330278592794,7047.004007145525,9191.43975702526,0.06479663715612001,7036,129,2015-06-26
7889.970449177225,6892.340636868145,9484.707402908813,0.07898566967246849,7086,129,2015-06-27
12574.21760653015,10167.987549486877,16407.79348216248,0.11053762721542688,14183,129,2015-06-29
11666.039703288212,9300.143459955387,15584.655157779403,0.12667766462911523,14184,129,2015-06-30
10399.64610954973,9312.772597872494,12432.939228680236,0.07406512932552654,8566,129,2015-07-01
10462.906061468047,9498.843616929775,12332.591805419284,0.06758575116654592,8023,129,2015-07-02
10653.521412127502,9623.640855393796,12354.977646148323,0.06847254230095023,8567,129,2015-07-03
8068.130062548668,6872.354735409474,9852.189474949942,0.09268351484733077,6476,129,2015-07-04
8414.662742984025,6806.595978276882,12631.90849352722,0.14818691228621286,6983,129,2015-07-06
8097.4706178131355,6867.570273248869,10814.596502360635,0.10573714908966231,6678,129,2015-07-07
7704.833714655177,6859.885875344236,8918.527797310224,0.06910494390705059,6524,129,2015-07-08
7706.769649702174,6888.849016732238,8939.961379293274,0.0669643068203686,7436,129,2015-07-09
8147.365997787412,7255.184113630044,9934.967191242087,0.07002283661484501,8032,129,2015-07-10
7841.353429957439,6937.312300462888,9183.341469709472,0.06868264753302711,6977,129,2015-07-11
11994.571444123438,9402.594712705362,13973.340201975407,0.09013875712151467,10627,129,2015-07-13
10438.947677185617,9193.134699133758,11730.9416195055,0.06596338838522961,10062,129,2015-07-14
9736.426644878318,8857.161487198366,10675.17239683425,0.0516015891205204,10136,129,2015-07-15
9843.942512007578,8917.79722330314,10736.399742909578,0.05115328582760311,7979,129,2015-07-16
10137.424964691112,9193.134699133758,11279.489898352964,0.05226465705651533,7826,129,2015-07-17
7796.995493838139,6870.915627195565,9199.51454820619,0.07380568259287447,6518,129,2015-07-18
7986.671835734365,6890.906303838392,10087.45994149907,0.09679032902576247,7548,129,2015-07-20
7818.883348440229,6837.009013897611,9879.147695855354,0.08476424252553223,6859,129,2015-07-21
7616.598601933947,6790.755245055957,9043.044423074392,0.07121598264976406,6233,129,2015-07-22
7653.461866989049,6832.194180901203,9257.727741124594,0.07472688241884035,7224,129,2015-07-23
8045.215204257372,7185.939991823378,9864.711477870074,0.07448051730704083,7293,129,2015-07-24
7755.6564324268375,6796.753818992559,9199.51454820619,0.07504562553406013,7428,129,2015-07-25
11826.339101418247,9009.048011732344,13838.681214686485,0.10206500029242958,11684,129,2015-07-27
10630.73691570294,9169.009052532712,12345.982316625476,0.07933572287850832,10171,129,2015-07-28
10321.944137612298,8893.043514895407,12765.205022997205,0.08897726720129263,8866,129,2015-07-29
10759.865520576745,9215.298110919952,13160.084690017413,0.0901039423304567,9903,129,2015-07-30
11435.729946140264,9637.935408638587,13704.934410935073,0.09931261580256923,10241,129,2015-07-31
4445.446517760201,3862.9400139396316,5127.473973981337,0.07375182088635479,4318,130,2015-06-20
4535.986611736697,3983.385779024298,5727.7007317097605,0.08873069344313902,5017,130,2015-06-22
4357.509947096314,3943.882797008795,5260.456602655525,0.07367110844660497,4284,130,2015-06-23
4313.559707751816,3848.8358621527555,5144.958902437452,0.07446124561133337,4663,130,2015-06-24
4311.280156724076,3848.8358621527555,5144.958902437452,0.07474510217854258,4546,130,2015-06-25
4500.761468807007,4072.045045485568,5277.073078446704,0.07135141644714674,4973,130,2015-06-26
4507.706200428894,3866.907192410336,5438.310442678583,0.09360516022223277,4808,130,2015-06-27
7048.352268505831,5737.554694123069,8962.97115808549,0.12035336341703677,7920,130,2015-06-29
6461.747437554055,5095.5047005536035,8500.591205264585,0.14184844797218346,9141,130,2015-06-30
5735.807888922871,5083.132338503185,6604.294265940485,0.06786935318616243,5858,130,2015-07-01
5715.903502838886,5063.063944315956,6604.294265940485,0.06890216104308952,5337,130,2015-07-02
5724.522383823012,5072.2465247179225,6555.521892846048,0.06494912822615316,5738,130,2015-07-03
4485.3533869175435,3851.671851730794,6160.694990232869,0.10945763653331679,4601,130,2015-07-04
4732.124928135752,4089.4867489509716,6800.1497318823085,0.13052782418339376,5291,130,2015-07-06
4485.0865703240015,3931.1295113339097,5849.500641352442,0.1027038735427398,3980,130,2015-07-07
4352.565326313915,3685.7136132303503,5562.552072497332,0.09200033169652098,4942,130,2015-07-08
4342.942780002008,3823.5590332468896,5458.384351185123,0.08494959995121966,4477,130,2015-07-09
4485.19506835157,3972.1472310293857,5556.1338303096945,0.08146368340101671,4153,130,2015-07-10
4361.474893780855,3851.671851730794,5046.0894400761545,0.07382353464020334,3645,130,2015-07-11
6611.378389520823,5662.720353141065,7694.17892995684,0.07836528571019696,6478,130,2015-07-13
5681.582487765106,5081.76858121833,6313.154042239066,0.05347758271787821,6268,130,2015-07-14
5440.926218061252,4884.743554558258,6016.930591808343,0.05649905170693977,6018,130,2015-07-15
5426.159164263702,4855.084129402591,6016.930591808343,0.057642907322632615,5702,130,2015-07-16
5572.732667400877,4948.192516485811,6148.241758140105,0.051420657182788515,4959,130,2015-07-17
4343.306234205896,3769.536595996847,5046.0894400761545,0.07567425395268226,4706,130,2015-07-18
4523.894966648567,4007.403934886289,6040.962302938422,0.10464946343448973,5361,130,2015-07-20
4323.7689070712095,3908.2588746485912,5443.9530668281395,0.08028859531961126,4471,130,2015-07-21
4270.502409556613,3837.6086269068273,5276.918159667176,0.07392548029724633,5150,130,2015-07-22
4272.288610738148,3888.4347908730797,5262.729948260035,0.07037390514905807,5161,130,2015-07-23
4416.805784944845,3972.7385394849316,5311.137720855145,0.07002366125428577,4781,130,2015-07-24
4313.612444248455,3749.349749269238,4972.679750268548,0.07493960804949536,4353,130,2015-07-25
6538.014545689599,5662.720353141065,7800.557808257585,0.08059638820082313,6450,130,2015-07-27
5746.37291232291,4934.630811089033,6815.613748684261,0.0770149954520643,5187,130,2015-07-28
5637.966635892081,4941.738643246654,6799.944576963043,0.08549950353855774,5036,130,2015-07-29
5952.558374724993,5047.228848683003,7118.941305390302,0.09344635037090258,5773,130,2015-07-30
6160.560033571924,5189.850257251433,7357.073161388381,0.09905111278063522,5404,130,2015-07-31
4818.0830114738665,4250.544422995811,5484.105140644435,0.06761133315398572,5404,131,2015-06-20
4436.777765769714,4015.568376895022,5583.557344443439,0.07542363084901575,4666,131,2015-06-22
4281.810174351799,3887.748583659678,4993.008780669125,0.06363948557490355,5083,131,2015-06-23
4121.5906728746495,3632.79598236998,4732.363358195686,0.0697555708224131,4164,131,2015-06-24
4200.322487972102,3762.653134584536,4850.799780228727,0.0690902686700399,4913,131,2015-06-25
4504.722054690121,4040.070796912627,5219.886380081876,0.06732492158878771,4547,131,2015-06-26
4919.549471076554,4272.9427116220695,5699.263846946671,0.07908348749494433,5458,131,2015-06-27
7459.955576042225,6168.434485251427,9558.428631022198,0.10330932731276052,7987,131,2015-06-29
6666.9629268023355,5619.927339697912,8263.91474441805,0.11051191615034794,7034,131,2015-06-30
5823.119925000738,5158.821287277647,6875.5302488885445,0.07439511147996043,5977,131,2015-07-01
5865.389484047951,5357.277823370982,6600.7211298525945,0.05961145292789318,5413,131,2015-07-02
5864.889171987634,5383.641728418178,6568.239671165233,0.05460181812315416,5915,131,2015-07-03
4856.048096023723,4198.410685962141,5932.290988497317,0.09115259003210167,4432,131,2015-07-04
4586.56905415276,4048.9162794049275,6654.634508154884,0.11968069608437648,5305,131,2015-07-06
4350.738321501344,3804.3603592125323,5555.304635882301,0.08830075178537679,3847,131,2015-07-07
4143.716124635926,3648.003348216467,5212.579402820575,0.08142285016708325,4538,131,2015-07-08
4156.192063775634,3709.710035983867,4908.696982216383,0.07049569795777876,4523,131,2015-07-09
4435.3212773200985,3996.8250027040426,5236.234385256007,0.0669786219006828,4224,131,2015-07-10
4685.534274155655,4095.757866575981,5272.527991541381,0.06851901261066111,4702,131,2015-07-11
7004.390646974216,5572.2139768840825,7867.111060727977,0.08751456375057004,7207,131,2015-07-13
5733.785966940743,4822.319232869012,6366.242987209966,0.06296263271286835,6503,131,2015-07-14
5410.824810164507,4828.61147380801,5949.634783363673,0.05527125885757991,5759,131,2015-07-15
5507.112368654774,4895.315400006815,6001.540837439199,0.051111685274105804,4987,131,2015-07-16
5554.234473720148,4895.315400006815,6059.683326647581,0.05014301797756439,4590,131,2015-07-17
4669.401626479286,4038.3971756273695,5321.064124582168,0.07042185703733711,4560,131,2015-07-18
4395.412989447311,4015.568376895022,5643.106530274533,0.08216236368222639,4714,131,2015-07-20
4201.775146343607,3793.914724882402,4963.0846054148005,0.065787033210431,4108,131,2015-07-21
4058.440107358148,3613.812462020162,4807.321068316081,0.0688672253617357,3543,131,2015-07-22
4113.766782170034,3729.601301983973,4825.49715197306,0.0666720022777804,4092,131,2015-07-23
4399.495398816245,3909.336635820689,5110.558507194554,0.06765303886529472,3342,131,2015-07-24
4651.758621567784,4025.8880185100743,5256.965336660727,0.07063371545239368,3732,131,2015-07-25
6936.03714998566,5572.2139768840825,7832.151411022159,0.08111165300764732,5822,131,2015-07-27
5890.476635703638,4888.113012741635,6964.300208859206,0.08300972516243452,4635,131,2015-07-28
5687.0252740604565,4995.644955720588,6830.9397221874315,0.08548968514594199,4325,131,2015-07-29
6109.996094877141,5267.2220375723355,7162.838452061114,0.08649373941773071,4608,131,2015-07-30
6372.912737451525,5256.351549315379,7445.002471101615,0.0941588243920869,5291,131,2015-07-31
6098.284158118966,5362.552137642253,7206.375799945677,0.08367180947403437,7813,132,2015-06-20
5423.516983033401,4770.189240676664,6926.6694069648465,0.09590548407214844,6349,132,2015-06-22
5110.221145215926,4540.373547944677,6348.882931038443,0.09299371703225627,6376,132,2015-06-23
5078.521669673788,4533.736776778094,6290.072883031401,0.09024046093634903,5411,132,2015-06-24
5126.005938269846,4575.942901843689,6299.64084580111,0.08953364728005161,5829,132,2015-06-25
5537.56128856889,4806.522190127944,6445.495638793094,0.0816697534337411,6419,132,2015-06-26
6212.710917978374,5403.588343582938,7473.782726324836,0.09158821678734953,7358,132,2015-06-27
8944.772212203969,7013.93678782838,12002.536735860427,0.13989031836258498,11607,132,2015-06-29
7736.8781003264485,5840.200153932691,10255.547466333861,0.15075382951413194,11065,132,2015-06-30
6682.440910395306,5950.573312569368,7866.732976390619,0.07174754062802827,6965,132,2015-07-01
6692.987036527593,6040.828341118586,7866.732976390619,0.06723803335746735,6996,132,2015-07-02
6772.597293839845,6024.799577546287,7866.732976390619,0.06839103447065151,8607,132,2015-07-03
5989.815742043125,5160.265679637691,7344.49985378728,0.0912707467984598,7140,132,2015-07-04
5424.222218781187,4674.684551863982,7909.627737157158,0.1296612968974263,7011,132,2015-07-06
5021.781695583812,4333.825606024032,6568.011888728244,0.10957441864103216,5875,132,2015-07-07
4953.506416355101,4320.622603172442,6557.6612163767,0.10760871986842248,6087,132,2015-07-08
4952.845899659816,4305.072887135989,6525.598956382304,0.10316915912308944,6240,132,2015-07-09
5299.370742927473,4569.529319408983,6544.059513292364,0.09011929914866106,6608,132,2015-07-10
5874.304241402399,5063.617006530215,6859.674730163161,0.08672732909626331,7473,132,2015-07-11
8076.929854439899,6886.668797286137,9013.921399725321,0.07274215320283164,9467,132,2015-07-13
6502.912309838176,5721.212710460289,7374.694338495335,0.06563544470770741,8936,132,2015-07-14
6367.53557223163,5765.72698930015,7124.436273865256,0.05387377616340312,7141,132,2015-07-15
6392.775163390574,5765.72698930015,7181.162738481895,0.05324595632844875,7928,132,2015-07-16
6508.244751619087,5891.941341680582,7238.00299832696,0.054727422369904015,7522,132,2015-07-17
5842.8687847991305,4948.494637345267,6859.674730163161,0.0893598987837781,8263,132,2015-07-18
5206.447345359961,4550.194022357352,6897.534643900632,0.10512737028443651,7073,132,2015-07-20
4925.137759892493,4251.080127395677,6491.549986960492,0.11193198294240951,6150,132,2015-07-21
4883.654751870008,4251.391805696495,6525.598956382304,0.11057571714486582,5546,132,2015-07-22
4976.790814261045,4343.926442701558,6525.598956382304,0.10636443176063277,6530,132,2015-07-23
5311.652073848829,4516.641500687572,6663.836823421556,0.09475213451592958,5813,132,2015-07-24
5811.488943505584,4926.707854321685,6859.674730163161,0.0902967054227708,7389,132,2015-07-25
7930.439582168531,6578.748829353423,9031.95289885205,0.07628892819202918,9720,132,2015-07-27
6691.933134277671,5721.212710460289,8042.228235160865,0.08823874495512248,8981,132,2015-07-28
6588.861483422833,5742.237204590135,8225.200308573583,0.09437446811414468,8237,132,2015-07-29
7103.6500586331,6018.942244775581,9058.978315552851,0.105364620222389,9173,132,2015-07-30
7348.5252001422905,6148.786052635789,9647.747281069664,0.1095849023669566,10387,132,2015-07-31
3707.907143927783,2901.3041461098996,4760.350251344647,0.11189797976218213,3190,133,2015-06-20
5588.722484381589,4743.091466947487,7624.418159449628,0.10623200628916317,4695,133,2015-06-22
5472.0581589917865,4670.2670701862135,6663.317499701094,0.08039327365714793,5088,133,2015-06-23
5350.6596050683675,4670.2670701862135,6608.229543706881,0.07676732916724495,5220,133,2015-06-24
5404.678372972806,4670.2670701862135,6698.602401523892,0.0817584857545423,4741,133,2015-06-25
5496.631114744354,4413.456846171583,6698.602401523892,0.0925104348355936,4817,133,2015-06-26
3758.976410668163,2945.53109408982,4799.9756333494715,0.11671286079510884,2723,133,2015-06-27
9830.438212302975,7832.374716859988,12875.63175917816,0.1151505255093676,9152,133,2015-06-29
8975.840917844054,7239.879394681793,12386.534276547392,0.13675464752094224,9221,133,2015-06-30
7791.682003794614,6832.629795948262,9193.313974714127,0.0787328618440657,7511,133,2015-07-01
7864.194290416876,6996.172645868271,9224.86672338076,0.0782547635929257,6685,133,2015-07-02
7833.246259166422,6902.021841265178,9224.86672338076,0.07591557797855562,6474,133,2015-07-03
3903.0990175386783,3154.8803036799895,5351.264444401009,0.14587085262617513,3010,133,2015-07-04
5785.357122622408,4985.907995527128,8000.514439402063,0.11776169277027698,5628,133,2015-07-06
5646.246437506066,4940.690682219247,7124.0783751826975,0.09348321666094878,4770,133,2015-07-07
5541.165951768046,4893.7909992695295,6890.4700603377,0.08420828988333809,5287,133,2015-07-08
5532.3850496256055,4955.014809069607,6642.851961737384,0.07414374427868757,5150,133,2015-07-09
5632.483728290443,4942.768100067571,6848.792843570322,0.08441812461641354,5555,133,2015-07-10
3770.572266836554,3141.5519187715795,4855.776399740004,0.11550691931618537,3830,133,2015-07-11
9472.35857576907,7332.391724825455,10743.022279083041,0.09172209175346666,8630,133,2015-07-13
8116.327211640966,6978.182832522516,9214.96659014734,0.07455084079190116,7836,133,2015-07-14
7306.065160743483,6538.973906687438,8312.411899785253,0.06323708417871732,7035,133,2015-07-15
7381.964224266415,6630.206268631179,8340.289885772512,0.06132869750412527,6599,133,2015-07-16
7431.330422500267,6805.765379038841,8340.289885772512,0.06218415176201231,6058,133,2015-07-17
3752.2892298436277,3133.030384615944,4855.776399740004,0.11815300771212264,3360,133,2015-07-18
5661.792595655044,4969.278079455539,7444.252151203298,0.09852892777719281,5772,133,2015-07-20
5560.999294010619,4912.3461716072115,6835.244708151746,0.08662309868383641,5324,133,2015-07-21
5472.775344273059,4887.277556109988,6644.221090817881,0.07925298656108525,4572,133,2015-07-22
5517.434429888917,4912.3461716072115,6862.110589245222,0.0820147206890482,4697,133,2015-07-23
5610.088663780062,4887.277556109988,6879.504766655417,0.0897169963650502,4903,133,2015-07-24
3726.4983071850834,3067.0083341707937,4774.941772553413,0.1190979530494378,2663,133,2015-07-25
9386.475481982749,7397.232716147052,10539.728845988713,0.09557328881373592,7590,133,2015-07-27
8285.179982547976,7089.811541731259,9727.550556388098,0.0870593115696504,7500,133,2015-07-28
7763.479807499024,6492.798575272272,9656.754179977794,0.1042868364623768,6988,133,2015-07-29
8293.794567398205,7024.91341626923,9795.938393194525,0.09405265147340688,7083,133,2015-07-30
8659.12942804284,7136.093440110547,10639.326138559627,0.1137082390132989,8519,133,2015-07-31
3271.241818478921,2806.2011272094187,4333.049207188854,0.1050171111340384,3005,134,2015-06-20
4438.897162199759,3983.385779024298,5600.1940639627965,0.08245488186987347,5031,134,2015-06-22
4276.187616008627,3834.415848290564,5076.627969124871,0.07085336283016294,3944,134,2015-06-23
4240.813251958605,3835.7308458668826,5018.530300162416,0.06959480326398616,4033,134,2015-06-24
4188.168614760469,3813.472688361515,4853.460996587777,0.06340313886404779,3894,134,2015-06-25
4301.457580028383,3854.377184246886,5058.5969198462735,0.06751981774273992,4312,134,2015-06-26
3288.5275393710317,2829.4170177801725,4184.236649466798,0.10744935328069967,3307,134,2015-06-27
6484.2157485208945,5458.926911456207,7954.322245030415,0.09242902372650838,6049,134,2015-06-29
5961.293969456555,4886.402860088869,7620.776433542227,0.11999173666055785,5876,134,2015-06-30
5426.248060489666,4875.344115556621,6525.370036561782,0.07654863733363709,5476,134,2015-07-01
5383.490902370625,4873.041040568342,6464.580505307842,0.07738262566473698,5218,134,2015-07-02
5350.137908158393,4868.5900323793185,6323.3624003110435,0.0676110716431328,5451,134,2015-07-03
3256.940002877112,2727.3728749350644,4447.733629757772,0.11931175856941585,3389,134,2015-07-04
4559.236609218195,4003.2862195798307,6080.111121960992,0.09522419787756103,5093,134,2015-07-06
4355.443835389697,3803.0016818568556,5389.355946654292,0.08609265358022862,4593,134,2015-07-07
4238.824298935251,3799.199046828409,5076.627969124871,0.07510522864587876,4031,134,2015-07-08
4185.486687586121,3799.199046828409,4840.680195077527,0.062314182486704284,4481,134,2015-07-09
4280.163457350634,3854.377184246886,5023.886600235855,0.06597377675050226,4521,134,2015-07-10
3204.7371980962585,2727.3728749350644,4095.8344111747865,0.10244291479812447,3239,134,2015-07-11
6173.5642847164745,5479.200393350941,6960.000320313641,0.058751947609582376,5841,134,2015-07-13
5417.15443762348,4759.376234266987,6124.712682704719,0.06572449555667201,5649,134,2015-07-14
5087.524209497037,4519.890086951775,5602.658679740869,0.057671669496524684,5502,134,2015-07-15
5031.1461107051655,4425.359019835279,5531.514962644234,0.056606078109731915,5059,134,2015-07-16
5099.670012626096,4528.4130375113955,5602.658679740869,0.060497373942427476,5439,134,2015-07-17
3198.4620740275864,2723.264612884989,4095.8344111747865,0.10307537896953688,2898,134,2015-07-18
4432.830838052392,3909.4092122489424,5646.449908450325,0.0902591314268631,4891,134,2015-07-20
4240.637223625986,3794.364550826083,5271.153977074316,0.07351285800288694,3986,134,2015-07-21
4207.678399124071,3804.8896400043704,5097.300492756518,0.07092845390681307,3909,134,2015-07-22
4167.700588403323,3793.354537699259,4921.2639441440515,0.065951683742069,3632,134,2015-07-23
4277.401530835957,3854.377184246886,5254.921191769586,0.06829233562483872,3809,134,2015-07-24
3180.5850753824884,2723.264612884989,4071.426500306583,0.1006161958207321,2817,134,2015-07-25
6137.923325847152,5426.2558176400635,6785.5856164239785,0.0580011743787915,5925,134,2015-07-27
5459.94577408113,4817.806505173868,6341.207935992349,0.07346671547231169,4787,134,2015-07-28
5261.526815511257,4488.322435989057,6324.725503963545,0.08468401705686068,4025,134,2015-07-29
5435.0818188316325,4554.393071265167,6401.514833846237,0.09296632147754576,4963,134,2015-07-30
5559.213095609992,4594.6208856570165,6619.155167747336,0.0962006564475871,4872,134,2015-07-31
6024.471791670386,5100.82855724271,7017.710479453835,0.0813573163741043,5823,135,2015-06-20
5165.119294918581,4574.630609802489,6210.111178953644,0.08375689200655807,4933,135,2015-06-22
4772.9043008248755,4165.512312748514,5746.142076681265,0.08495247025488563,4950,135,2015-06-23
4771.21576787042,4199.952374624834,5609.484392015492,0.08306397409950249,4085,135,2015-06-24
4845.291185085489,4417.741811807106,5609.484392015492,0.07337666939455255,4505,135,2015-06-25
5446.717344242536,4835.687885229973,6491.306621320656,0.07400092593057138,5124,135,2015-06-26
6181.4858887664805,5138.2638699490935,7792.5738296048585,0.10115642775509569,6415,135,2015-06-27
8007.470313671743,6601.500305097825,11670.523642439714,0.13461856825501298,10957,135,2015-06-29
7251.57613741416,5931.81045723589,9384.971672132722,0.1274219764903194,9120,135,2015-06-30
6542.159747720129,5884.599399644403,7641.03288711958,0.07505568462709812,5951,135,2015-07-01
6551.330060715933,5892.675930782893,7641.03288711958,0.07273728798560687,5401,135,2015-07-02
6835.495288554962,6001.062710059271,7994.175909606329,0.07098478511629618,6284,135,2015-07-03
6057.491795810065,5134.708442088465,8010.89066093649,0.10571471991883849,5761,135,2015-07-04
5259.352913804252,4530.206585125979,7517.070274438308,0.1212446461414765,6006,135,2015-07-06
4944.564134604926,4234.087256190407,6524.216473507076,0.11536550658440137,4967,135,2015-07-07
4822.130366815063,4181.6545889655445,6227.538864026462,0.09531746016269874,5870,135,2015-07-08
4843.9929342645055,4290.048368839193,6135.522915986109,0.08624592780705255,5642,135,2015-07-09
5324.321144040986,4655.808099005997,6503.19576139061,0.08008445296821876,5795,135,2015-07-10
5936.075450421692,5037.155537158681,6956.69790805219,0.0835853437304662,5632,135,2015-07-11
7454.151272443775,6263.4502696828185,8613.4324508362,0.07955648167500828,8636,135,2015-07-13
6327.751298633358,5684.666165329907,7124.436273865256,0.05640009771752492,7235,135,2015-07-14
6265.5876648103385,5684.666165329907,7034.459331835977,0.05218450167837402,6606,135,2015-07-15
6278.920161406391,5684.666165329907,7045.005687672394,0.05259435550616277,6582,135,2015-07-16
6585.117926981749,5878.660108508949,7206.323140310473,0.0520165551291131,6151,135,2015-07-17
5911.896442714461,5037.155537158681,6862.809660900751,0.08360982437357721,6255,135,2015-07-18
5098.284663986498,4521.892456455059,6409.412166785322,0.09354189404645087,5480,135,2015-07-20
4785.023407400911,4178.104693761894,6530.692818875929,0.10583353377311805,4866,135,2015-07-21
4768.695061223077,4178.104693761894,6608.815960845735,0.10588877578024222,5090,135,2015-07-22
4831.784390646988,4290.639444993484,6608.815960845735,0.09936289733874082,5388,135,2015-07-23
5317.829459764998,4667.982160857431,6677.559297199198,0.0862635227605942,5377,135,2015-07-24
5889.566868868142,5020.706151442858,6862.809660900751,0.08618111496861339,6508,135,2015-07-25
7338.287255026639,6164.972312718177,8613.4324508362,0.09100196662820462,7804,135,2015-07-27
6491.815953774904,5605.320211179951,7651.79708595443,0.08989268876321531,7764,135,2015-07-28
6524.3399967850855,5553.14001960874,8005.554203550258,0.10032358862556894,6673,135,2015-07-29
6972.507390699911,5900.642514730633,8215.058467309822,0.08793979638557597,6568,135,2015-07-30
7416.570937413291,6098.894323514035,9182.23002843497,0.10569897681836596,7475,135,2015-07-31
4663.969410853362,3776.725773945174,5301.508093350548,0.08342177065169583,5125,136,2015-06-20
4391.362934225984,3901.1969650343153,5413.257743184077,0.09256803742305929,4578,136,2015-06-22
4245.728721402175,3751.1877857751533,5247.867804070047,0.07464840407917644,4157,136,2015-06-23
4224.439174847936,3761.364825418073,5091.165302851392,0.0738614133342943,4201,136,2015-06-24
4152.361464701006,3724.565538534256,4927.464693902515,0.0769693142482341,4040,136,2015-06-25
4495.954748936023,3971.17809856045,5305.658662478287,0.0720268268124704,4133,136,2015-06-26
4791.280676673787,3886.9214029274585,5808.170096111724,0.10202839208174927,4436,136,2015-06-27
8508.156128867757,6991.783980710398,11313.633593182816,0.127022060900973,8488,136,2015-06-29
7023.498314675489,5802.4012326742095,8964.840558776721,0.12546620007882445,7255,136,2015-06-30
6002.879929143639,5120.727840956004,7568.2040428626115,0.09719602511130342,5296,136,2015-07-01
5847.924420362344,4983.405298464618,7568.2040428626115,0.1071395720489037,6177,136,2015-07-02
5970.271049184914,5120.727840956004,7502.039464179438,0.08791133148035443,5838,136,2015-07-03
4534.824831479189,3305.765641877426,5595.837146839235,0.139883662569147,4747,136,2015-07-04
4423.65591988647,3662.5710321031697,7407.795111354267,0.15521477832403777,4511,136,2015-07-06
4196.027624930191,3616.795137982086,5874.96866652215,0.11259327222187328,3957,136,2015-07-07
4069.2321832913276,3515.02025387122,4901.62611170943,0.0841392565524019,4344,136,2015-07-08
3981.249477783574,3490.0644146653513,4901.62611170943,0.08028041927670047,4780,136,2015-07-09
4348.579913316595,3659.43386622872,5285.235337941021,0.09510072184090818,4874,136,2015-07-10
4460.243096006977,3347.56186254323,5345.85650604625,0.11423296966085533,4591,136,2015-07-11
7663.334154131664,5607.3398713106635,8972.033786626755,0.11097706716122346,8425,136,2015-07-13
5995.724683132559,5136.661588660411,7040.144171411073,0.08905763717093629,6439,136,2015-07-14
5721.546809302,5003.945559879511,6650.946149839052,0.07116550180521221,7074,136,2015-07-15
5600.877773981111,4884.820443403078,6541.662016316467,0.07938393253628794,5744,136,2015-07-16
5764.431107748013,5053.335954966038,6916.497571436635,0.07291649719220752,5871,136,2015-07-17
4448.001532522566,3286.796271401562,5345.85650604625,0.11626032978185302,5539,136,2015-07-18
4287.451789264017,3704.4144233320403,5679.59526852411,0.11679674307981237,5114,136,2015-07-20
4084.706568704585,3495.524025016207,5110.045683582159,0.08632406992985259,4176,136,2015-07-21
4049.8692166965557,3524.067221560711,4821.324521852255,0.08143598554371721,3845,136,2015-07-22
3968.5213260573514,3502.7124943597255,4754.62995395197,0.07809843365706101,4098,136,2015-07-23
4304.543400547513,3720.1013424177795,5186.363496757559,0.08884682060354954,4212,136,2015-07-24
4443.74901489394,3286.796271401562,5345.85650604625,0.11646239601366609,4916,136,2015-07-25
7476.348937560039,5541.49137793521,8923.691353271168,0.12745523133573533,8453,136,2015-07-27
6087.327058684102,4903.409335120385,7441.788942340537,0.10354957846400795,7821,136,2015-07-28
5966.2111453731095,4906.9378118047425,7469.513902759768,0.10489683148468075,7397,136,2015-07-29
6264.272289260539,4884.820443403078,7917.344247236664,0.12544454332107344,7977,136,2015-07-30
6573.164544741575,5385.509709781104,8137.325200344252,0.11284007333763448,9568,136,2015-07-31
6910.604592001165,5817.720796459779,8133.164664351427,0.082574165641879,6712,137,2015-06-20
7218.961755964849,6405.108005098237,8863.55952087637,0.09286163198097613,7827,137,2015-06-22
6966.551818816857,6127.899834266539,8174.982094522241,0.07952287248697597,7578,137,2015-06-23
6826.28252562386,6127.899834266539,7690.95506834382,0.058753795433198745,7135,137,2015-06-24
6710.39511432003,6003.188607558224,7577.491803906419,0.06303619393322164,7472,137,2015-06-25
7542.824780990377,6592.905204204972,8914.265265320817,0.08847020414170916,8328,137,2015-06-26
7122.774278746121,6084.350974681683,8445.26587703666,0.09005180488828583,7074,137,2015-06-27
11112.474971431593,9544.548747474608,14864.131449747307,0.11558840362453553,12070,137,2015-06-29
10323.762167602441,8465.89181084719,13590.352686470515,0.12937122533776604,12137,137,2015-06-30
9392.786962112274,8211.980491525614,11394.061863441817,0.08382643317799543,9183,137,2015-07-01
9265.150050342945,8099.435897031358,11277.917649707306,0.08836147695534792,8101,137,2015-07-02
9809.517468553686,8325.493189852978,11982.930914151211,0.09249765768574109,9633,137,2015-07-03
7371.967754218981,5822.332802019261,9944.113018034377,0.12748689045368436,6436,137,2015-07-04
7641.755515631172,6523.369335124709,10698.85238220217,0.12650758967818732,8057,137,2015-07-06
7222.605386600388,6303.6697625878915,9253.175392507444,0.09741142412909339,7468,137,2015-07-07
6988.199638907611,6280.747216010824,8214.0831003472,0.0739110170209429,7973,137,2015-07-08
6878.062673251287,6079.309731026385,8179.230250501573,0.07364456366642849,7933,137,2015-07-09
7653.683988663859,6594.490931391489,9677.46036970453,0.09106841768885873,8573,137,2015-07-10
7041.8522908262385,5896.7528700163875,8301.168922439498,0.08802095780583058,6943,137,2015-07-11
10603.60334680194,8504.563917379466,12066.412402872136,0.07909559178900809,10252,137,2015-07-13
9206.671664465986,8126.505646129829,10525.263927426824,0.06687002657348834,9706,137,2015-07-14
8772.0143713548,7846.596649089053,10062.144099869283,0.0672998787335384,8031,137,2015-07-15
8648.618444540658,7846.596649089053,9978.516958693019,0.06557016498132746,7118,137,2015-07-16
9493.72037206153,7960.221665613686,11477.454092712123,0.08851626786040497,6832,137,2015-07-17
7035.280068530758,5896.705873285235,8413.016009129713,0.09171138608743969,4668,137,2015-07-18
7353.425740669535,6388.010286162075,10263.149274634707,0.11268583975276342,6392,137,2015-07-20
7029.243927152346,6189.406692899418,8944.064834208399,0.09166659047676927,5640,137,2015-07-21
6949.333836569729,6132.335499180857,8944.064834208399,0.08938048717638997,5048,137,2015-07-22
6846.909548820667,6037.161423220556,8188.205008922987,0.08631349458520124,7162,137,2015-07-23
7551.76122327961,6591.535603428504,9151.280315818429,0.08206622280962331,6714,137,2015-07-24
6953.971642600906,5737.5672970959695,8301.168922439498,0.09573121205956726,5439,137,2015-07-25
10425.078485141183,7813.63451326275,12100.466595977794,0.09998810120996199,8929,137,2015-07-27
9472.170849557087,8080.508189898992,11062.711684377176,0.08765267344502528,7918,137,2015-07-28
9265.677521066867,7876.886718098851,11693.983544177689,0.10330488541814287,7450,137,2015-07-29
9703.814834331599,8152.129353199628,11859.53148178163,0.10086459900846137,8026,137,2015-07-30
10773.86284135459,8794.814528264094,13850.853125302805,0.1137076099606879,9047,137,2015-07-31
3233.661611947487,2852.0922706512947,5853.666266295878,0.1622495285646828,3235,138,2015-06-20
6336.794354448755,5740.494980972498,8574.990541340312,0.08866246194013339,6500,138,2015-06-22
6232.026067915496,5636.262279504336,7077.502399305165,0.05795779770875927,6541,138,2015-06-23
6144.831283205234,5598.296850138637,6887.955802184249,0.0564115527901892,6559,138,2015-06-24
6302.940218830373,5646.971809053736,7147.222723971067,0.06279392735350892,7352,138,2015-06-25
6345.041798121092,5771.7827397078945,7118.3170850594015,0.06263107115004753,6606,138,2015-06-26
3252.762727431771,2857.1154375699557,5853.666266295878,0.1602333379361772,3723,138,2015-06-27
11401.185317983452,9611.011107160211,14211.361289001181,0.10427240790646686,12679,138,2015-06-29
9983.415382810936,8307.876500939023,12912.596051995786,0.11607160624885883,11098,138,2015-06-30
8815.622228591956,7710.310688366507,10847.633994030535,0.08591865338953557,9828,138,2015-07-01
9149.83150667713,8103.009645589101,10919.40917634791,0.07343961214654919,9613,138,2015-07-02
8647.27781748005,7560.876025677414,10105.649489892894,0.07806781855871844,8204,138,2015-07-03
3333.0050968568185,2852.0922706512947,5885.501201662934,0.1867884038746492,3635,138,2015-07-04
6658.681747310032,5860.896325842348,10724.989853486066,0.14872535876239487,7109,138,2015-07-06
6430.62309800562,5769.0287742753435,7636.567588436394,0.08059068837803457,6451,138,2015-07-07
6296.7166918774155,5692.212138601836,7425.081870416366,0.06328819519734515,7687,138,2015-07-08
6390.199341375824,5767.767211820558,7226.8409749524535,0.058471230379264584,7701,138,2015-07-09
6414.277539618148,5813.0079216341865,7453.122490366527,0.060428328236254915,8735,138,2015-07-10
3223.814340577145,2852.0922706512947,4607.34596355925,0.14066574043130767,4175,138,2015-07-11
11143.814499408461,9440.678497862853,12568.049970432208,0.07353760334675742,12047,138,2015-07-13
9108.477512214022,8193.503268363025,10350.936508765211,0.06075327583873853,9697,138,2015-07-14
8171.170171151474,7437.184305904082,9307.863948563321,0.057694730460041026,9261,138,2015-07-15
8691.071966144225,7627.395414385063,9947.592692945558,0.0689367786887781,9241,138,2015-07-16
8182.627199259896,7439.417998008996,9307.863948563321,0.055864764998425166,8156,138,2015-07-17
3225.1349771136047,2852.0922706512947,4901.755573813636,0.14224301333526057,3546,138,2015-07-18
6378.396014878806,5718.517806360182,8574.990541340312,0.10077383870869977,6968,138,2015-07-20
6242.252362587592,5656.186473314969,7197.548619571625,0.05812389528058275,6373,138,2015-07-21
6184.193861188587,5646.971809053736,7044.363874989453,0.0572102022082467,6175,138,2015-07-22
6331.353424616557,5694.577848888462,7276.334070284251,0.06501309990325459,6434,138,2015-07-23
6363.191801612553,5737.44004468766,7376.6506360867015,0.06349039857405551,6824,138,2015-07-24
3222.814633449252,2852.0922706512947,4901.755573813636,0.14218116684395954,2679,138,2015-07-25
11084.213647898423,8566.91039350849,12568.345790232897,0.08425525415207424,11527,138,2015-07-27
9161.643596410926,8041.615987218054,10473.204625388194,0.07015602446970694,10309,138,2015-07-28
8690.786846179823,7517.329015666741,10605.888824500766,0.09636296384593959,9281,138,2015-07-29
9539.95778878646,8051.891910237528,11860.395412734768,0.09752287516953805,10018,138,2015-07-30
9356.909616996145,7737.562009966391,11388.63992520585,0.10168314247885472,10130,138,2015-07-31
4544.305714552142,3917.061830590253,5544.209775772155,0.08927432374037465,2473,139,2015-06-20
5523.487733656696,5018.375390835101,6797.51250656815,0.08627241338538086,6486,139,2015-06-22
5403.260763703854,4912.654614599455,6690.623124285023,0.07053212958243057,5608,139,2015-06-23
5380.051333363136,4912.049412598676,6690.623124285023,0.07020950123363696,5498,139,2015-06-24
5311.348886949631,4821.089491051367,6383.03605333716,0.06778050105013579,5626,139,2015-06-25
5718.055549070054,5097.71275560241,6769.089261831373,0.07380952298086528,6546,139,2015-06-26
4619.196408476219,3868.777753543342,5849.319064209252,0.10492068336785922,4816,139,2015-06-27
9531.942193391675,7741.582435311319,13010.177155018357,0.13717436815537737,11789,139,2015-06-29
8414.669160600944,6831.145898521221,11514.449531668208,0.14172179801074491,10927,139,2015-06-30
7413.549493451621,6577.6782219682555,8672.971964515873,0.07595010804587868,5717,139,2015-07-01
7263.435120724782,6598.085204152797,8520.339936535618,0.07291074356782894,6363,139,2015-07-02
7547.7540424669105,6721.802323384676,8766.01271393898,0.07261446680966258,6861,139,2015-07-03
4568.7163820549595,3789.743900751833,5849.319064209252,0.11333318366294008,4460,139,2015-07-04
5718.293506604479,4817.00470034741,8608.978760410984,0.13585154436055036,6010,139,2015-07-06
5488.409780634153,4822.369066564941,7440.813781731849,0.10258357330907841,4493,139,2015-07-07
5419.576933862447,4819.546768246025,6885.528569444212,0.0835588971162667,6073,139,2015-07-08
5341.2251180763315,4760.694134738062,6592.139519927515,0.07637347132006186,5973,139,2015-07-09
5667.616028666825,4920.488992431982,6611.841972000421,0.07848323771749248,5292,139,2015-07-10
4532.774292160316,3840.614145205767,5821.348968931082,0.10408183122477667,3669,139,2015-07-11
8944.563090768876,7584.9827626237275,10052.946097617712,0.07486815437576627,9332,139,2015-07-13
